Date,米10年金利,米5年金利,米2年金利,ドル指数,VIX,S&P500,日経225,金,原油
2016-08-10,1.508999943733215,1.0700000524520874,0.2730000019073486,,,,16735.119140625,,
2016-08-11,1.5729999542236328,1.1510000228881836,0.2750000059604645,95.86000061035156,11.68000030517578,2185.7900390625,,1342.5,43.4900016784668
2016-08-12,1.5149999856948853,1.10099995136261,0.2630000114440918,95.72000122070312,11.550000190734863,2184.050048828125,16919.919921875,1335.800048828125,44.4900016784668
2016-08-15,1.5529999732971191,1.1299999952316284,0.2750000059604645,95.62999725341795,11.8100004196167,2190.14990234375,16869.560546875,1340.300048828125,45.7400016784668
2016-08-16,1.5759999752044678,1.1579999923706057,0.2879999876022339,94.79000091552734,12.640000343322754,2178.14990234375,16596.509765625,1350.5,46.58000183105469
2016-08-17,1.5609999895095823,1.1480000019073486,0.2879999876022339,94.72000122070312,12.1899995803833,2182.219970703125,16745.640625,1342.699951171875,46.790000915527344
2016-08-18,1.5360000133514404,1.1139999628067017,0.2849999964237213,94.16000366210938,11.43000030517578,2187.02001953125,16486.009765625,1351.199951171875,48.220001220703125
2016-08-19,1.5779999494552612,1.162999987602234,0.2930000126361847,94.51000213623048,11.34000015258789,2183.8701171875,16545.8203125,1340.4000244140625,48.52000045776367
2016-08-22,1.5390000343322754,1.1330000162124634,0.2800000011920929,94.5199966430664,12.270000457763672,2182.639892578125,16598.189453125,1337.699951171875,47.04999923706055
2016-08-23,1.5529999732971191,1.1430000066757202,0.3050000071525574,94.54000091552734,12.380000114440918,2186.89990234375,16497.359375,1340.5999755859375,48.09999847412109
2016-08-24,1.559000015258789,1.1430000066757202,0.3050000071525574,94.79000091552734,13.449999809265137,2175.43994140625,16597.30078125,1324.4000244140625,46.77000045776367
2016-08-25,1.5770000219345093,1.156999945640564,0.3050000071525574,94.7699966430664,13.630000114440918,2172.469970703125,16555.94921875,1320.0999755859375,47.33000183105469
2016-08-26,1.6349999904632568,1.2410000562667847,0.3050000071525574,95.56999969482422,13.649999618530273,2169.0400390625,16360.7099609375,1321.5,47.63999938964844
2016-08-29,1.565999984741211,1.1770000457763672,0.3050000071525574,95.58000183105469,12.9399995803833,2180.3798828125,16737.490234375,1322.9000244140625,46.97999954223633
2016-08-30,1.5700000524520874,1.1820000410079956,0.32499998807907104,96.05000305175781,13.119999885559082,2176.1201171875,16725.359375,1311.699951171875,46.349998474121094
2016-08-31,1.5679999589920044,1.1799999475479126,0.3199999928474426,96.0199966430664,13.420000076293945,2170.949951171875,16887.400390625,1306.9000244140625,44.70000076293945
2016-09-01,1.5700000524520874,1.1820000410079956,0.3149999976158142,95.6500015258789,13.479999542236328,2170.860107421875,16926.83984375,1312.199951171875,43.15999984741211
2016-09-02,1.5959999561309814,1.190000057220459,0.30300000309944153,95.87999725341797,11.979999542236328,2179.97998046875,16925.6796875,1322.0999755859375,44.439998626708984
2016-09-05,,,,,,,17037.630859375,,
2016-09-06,1.5429999828338623,1.121999979019165,0.30300000309944153,94.81999969482422,12.020000457763672,2186.47998046875,17081.98046875,1349.4000244140625,44.83000183105469
2016-09-07,1.5410000085830688,1.1230000257492065,0.33000001311302185,94.95999908447266,11.9399995803833,2186.159912109375,17012.439453125,1344.300048828125,45.5
2016-09-08,1.6160000562667847,1.190000057220459,0.3330000042915344,95.02999877929688,12.510000228881836,2181.300048828125,16958.76953125,1336.800048828125,47.619998931884766
2016-09-09,1.6720000505447388,1.2230000495910645,0.3330000042915344,95.33999633789062,17.5,2127.81005859375,16965.759765625,1330.0999755859375,45.880001068115234
2016-09-12,1.6720000505447388,1.2029999494552612,0.3499999940395355,95.0999984741211,15.15999984741211,2159.0400390625,16672.919921875,1321.0,46.290000915527344
2016-09-13,1.7339999675750732,1.253999948501587,0.3449999988079071,95.62999725341797,17.850000381469727,2127.02001953125,16729.0390625,1319.0,44.900001525878906
2016-09-14,1.6890000104904175,1.1979999542236328,0.3149999976158142,95.33000183105469,18.139999389648438,2125.77001953125,16614.240234375,1321.5,43.58000183105469
2016-09-15,1.7029999494552612,1.1890000104904175,0.27799999713897705,95.29000091552734,16.299999237060547,2147.260009765625,16405.009765625,1313.5,43.90999984741211
2016-09-16,1.7009999752044678,1.2100000381469727,0.27300000190734863,96.11000061035156,15.369999885559082,2139.159912109375,16519.2890625,1305.800048828125,43.029998779296875
2016-09-19,1.6959999799728394,1.2070000171661377,0.23800000548362732,95.83999633789062,15.529999732971191,2139.1201171875,,1313.5,43.29999923706055
2016-09-20,1.687999963760376,1.2000000476837158,0.2879999876022339,96.0199966430664,15.920000076293945,2139.760009765625,16492.150390625,1313.699951171875,43.439998626708984
2016-09-21,1.6679999828338623,1.2000000476837158,0.22300000488758087,95.66000366210938,13.300000190734863,2163.1201171875,16807.619140625,1326.9000244140625,45.34000015258789
2016-09-22,1.6319999694824219,1.1740000247955322,0.1599999964237213,95.44999694824219,12.020000457763672,2177.179931640625,,1340.4000244140625,46.31999969482422
2016-09-23,1.6150000095367432,1.152999997138977,0.16500000655651093,95.4800033569336,12.289999961853027,2164.68994140625,16754.01953125,1337.199951171875,44.47999954223633
2016-09-26,1.5889999866485596,1.1269999742507935,0.17299999296665192,95.30999755859375,14.5,2146.10009765625,16544.560546875,1339.699951171875,45.93000030517578
2016-09-27,1.555999994277954,1.1119999885559082,0.2549999952316284,95.44000244140625,13.100000381469727,2159.929931640625,16683.9296875,1325.9000244140625,44.66999816894531
2016-09-28,1.5670000314712524,1.1299999952316284,0.2630000114440918,95.43000030517578,12.390000343322754,2171.3701171875,16465.400390625,1319.4000244140625,47.04999923706055
2016-09-29,1.5570000410079956,1.1150000095367432,0.23499999940395355,95.54000091552734,14.020000457763672,2151.1298828125,16693.7109375,1321.699951171875,47.83000183105469
2016-09-30,1.6080000400543213,1.156000018119812,0.25999999046325684,95.45999908447266,13.289999961853027,2168.27001953125,16449.83984375,1313.300048828125,48.2400016784668
2016-10-03,1.621999979019165,1.1829999685287476,0.2879999876022339,95.75,13.569999694824219,2161.199951171875,16598.669921875,1309.0,48.810001373291016
2016-10-04,1.6829999685287476,1.2269999980926514,0.3149999976158142,96.12000274658203,13.630000114440918,2150.489990234375,16735.650390625,1266.300048828125,48.689998626708984
2016-10-05,1.715999960899353,1.25600004196167,0.31299999356269836,96.12999725341797,12.989999771118164,2159.72998046875,16819.240234375,1265.199951171875,49.83000183105469
2016-10-06,1.7419999837875366,1.2829999923706055,0.3100000023841858,96.66000366210938,12.84000015258789,2160.77001953125,16899.099609375,1249.800048828125,50.439998626708984
2016-10-07,1.7359999418258667,1.2699999809265137,0.3100000023841858,96.5199966430664,13.479999542236328,2153.739990234375,16860.08984375,1248.9000244140625,49.810001373291016
2016-10-10,1.7230000495910645,1.2580000162124634,0.30799999833106995,,13.380000114440918,2163.659912109375,,,
2016-10-11,1.7589999437332153,1.2940000295639038,0.3199999928474426,97.69999694824219,15.359999656677246,2136.72998046875,17024.759765625,1253.0,50.790000915527344
2016-10-12,1.777999997138977,1.3040000200271606,0.3400000035762787,97.97000122070312,15.90999984741211,2139.179931640625,16840.0,1251.0999755859375,50.18000030517578
2016-10-13,1.7380000352859497,1.253999948501587,0.2750000059604645,97.5199966430664,16.690000534057617,2132.550048828125,16774.240234375,1255.0,50.439998626708984
2016-10-14,1.7940000295639038,1.281999945640564,0.28999999165534973,98.0199966430664,16.1200008392334,2132.97998046875,16856.369140625,1253.0999755859375,50.349998474121094
2016-10-17,1.7660000324249268,1.25600004196167,0.29499998688697815,97.88999938964844,16.209999084472656,2126.5,16900.119140625,1254.4000244140625,49.939998626708984
2016-10-18,1.7489999532699585,1.2339999675750732,0.3330000042915344,97.9000015258789,15.279999732971191,2139.60009765625,16963.609375,1260.800048828125,50.290000915527344
2016-10-19,1.7519999742507935,1.2339999675750732,0.3230000138282776,97.87000274658203,14.40999984741211,2144.2900390625,16998.91015625,1267.9000244140625,51.599998474121094
2016-10-20,1.746999979019165,1.2430000305175781,0.3199999928474426,98.31999969482422,13.75,2141.340087890625,17235.5,1265.5999755859375,50.43000030517578
2016-10-21,1.7400000095367432,1.2450000047683716,0.3149999976158142,98.69999694824219,13.34000015258789,2141.159912109375,17184.58984375,1265.9000244140625,50.849998474121094
2016-10-24,1.7630000114440918,1.2690000534057617,0.31299999356269836,98.66999816894531,13.020000457763672,2151.330078125,17234.419921875,1262.0,50.52000045776367
2016-10-25,1.7580000162124634,1.2760000228881836,0.32499998807907104,98.72000122070312,13.460000038146973,2143.159912109375,17365.25,1271.9000244140625,49.959999084472656
2016-10-26,1.7899999618530273,1.3020000457763672,0.31299999356269836,98.62999725341797,14.239999771118164,2139.429931640625,17391.83984375,1264.800048828125,49.18000030517578
2016-10-27,1.843000054359436,1.3380000591278076,0.2750000059604645,98.88999938964844,15.359999656677246,2133.0400390625,17336.419921875,1267.9000244140625,49.720001220703125
2016-10-28,1.8450000286102295,1.3229999542236328,0.27300000190734863,98.3499984741211,16.190000534057617,2126.409912109375,17446.41015625,1275.5,48.70000076293945
2016-10-31,1.8339999914169312,1.312999963760376,0.29499998688697815,98.44999694824219,17.059999465942383,2126.14990234375,17425.01953125,1271.5,46.86000061035156
2016-11-01,1.8200000524520874,1.2860000133514404,0.3449999988079071,97.69999694824219,18.559999465942383,2111.719970703125,17442.400390625,1286.4000244140625,46.66999816894531
2016-11-02,1.7990000247955322,1.2610000371932983,0.3449999988079071,97.4000015258789,19.31999969482422,2097.93994140625,17134.6796875,1306.800048828125,45.34000015258789
2016-11-03,1.812000036239624,1.2630000114440918,0.3580000102519989,97.16000366210938,22.079999923706055,2088.659912109375,,1302.0999755859375,44.65999984741211
2016-11-04,1.7829999923706055,1.24399995803833,0.3580000102519989,97.06999969482422,22.510000228881836,2085.179931640625,16905.359375,1303.300048828125,44.06999969482422
2016-11-07,1.8279999494552612,1.2910000085830688,0.38999998569488525,97.77999877929688,18.709999084472656,2131.52001953125,17177.2109375,1278.300048828125,44.88999938964844
2016-11-08,1.8619999885559082,1.3309999704360962,0.41999998688697815,97.86000061035156,18.739999771118164,2139.56005859375,17171.380859375,1273.4000244140625,44.97999954223633
2016-11-09,2.072000026702881,1.4739999771118164,0.4180000126361847,98.5,14.380000114440918,2163.260009765625,16251.5400390625,1272.5999755859375,45.27000045776367
2016-11-10,2.117000102996826,1.5290000438690186,0.4580000042915344,98.79000091552734,14.739999771118164,2167.47998046875,17344.419921875,1265.5,44.65999984741211
2016-11-11,,,,,14.170000076293945,2164.449951171875,17374.7890625,,
2016-11-14,2.2219998836517334,1.6469999551773071,0.503000020980835,100.11000061035156,14.479999542236328,2164.199951171875,17672.619140625,1221.199951171875,43.31999969482422
2016-11-15,2.23799991607666,1.6740000247955322,0.4880000054836273,100.19000244140625,13.369999885559082,2180.389892578125,17668.150390625,1224.0,45.810001373291016
2016-11-16,2.2230000495910645,1.6720000505447388,0.453000009059906,100.41000366210938,13.720000267028809,2176.93994140625,17862.2109375,1223.4000244140625,45.56999969482422
2016-11-17,2.2760000228881836,1.7130000591278076,0.41999998688697815,100.88999938964844,13.350000381469727,2187.1201171875,17862.630859375,1216.5,45.41999816894531
2016-11-18,2.3350000381469727,1.7769999504089355,0.4180000126361847,101.20999908447266,12.850000381469727,2181.89990234375,17967.41015625,1208.5,45.689998626708984
2016-11-21,2.3389999866485596,1.7960000038146973,0.41999998688697815,101.05000305175781,12.420000076293945,2198.179931640625,18106.01953125,1209.5999755859375,47.4900016784668
2016-11-22,2.321000099182129,1.781000018119812,0.4749999940395355,101.04000091552734,12.40999984741211,2202.93994140625,18162.939453125,1211.0,48.029998779296875
2016-11-23,2.3570001125335693,1.8370000123977661,0.48500001430511475,101.69999694824219,12.430000305175781,2204.719970703125,,1189.0999755859375,47.959999084472656
2016-11-24,,,,,,,18333.41015625,,
2016-11-25,2.371999979019165,1.8489999771118164,0.47999998927116394,101.48999786376953,12.34000015258789,2213.35009765625,18381.220703125,1178.199951171875,46.060001373291016
2016-11-28,2.319999933242798,1.8009999990463257,0.44999998807907104,101.33000183105469,13.149999618530273,2201.719970703125,18356.890625,1190.5999755859375,47.08000183105469
2016-11-29,2.302000045776367,1.781000018119812,0.46799999475479126,100.93000030517578,12.899999618530273,2204.659912109375,18307.0390625,1187.9000244140625,45.22999954223633
2016-11-30,2.368000030517578,1.8339999914169312,0.46799999475479126,101.5,13.329999923706055,2198.81005859375,18308.48046875,1170.800048828125,49.439998626708984
2016-12-01,2.440999984741211,1.8930000066757202,0.4580000042915344,101.04000091552734,14.069999694824219,2191.080078125,18513.119140625,1166.9000244140625,51.060001373291016
2016-12-02,2.390000104904175,1.8289999961853027,0.45500001311302185,100.7699966430664,14.119999885559082,2191.949951171875,18426.080078125,1175.0999755859375,51.68000030517578
2016-12-05,2.38700008392334,1.843999981880188,0.453000009059906,100.13999938964844,12.140000343322754,2204.7099609375,18274.990234375,1174.0,51.790000915527344
2016-12-06,2.3959999084472656,1.840999960899353,0.48500001430511475,100.48999786376953,11.789999961853027,2212.22998046875,18360.5390625,1167.5999755859375,50.93000030517578
2016-12-07,2.3469998836517334,1.7979999780654907,0.4880000054836273,100.2300033569336,12.220000267028809,2241.35009765625,18496.689453125,1175.0,49.77000045776367
2016-12-08,2.38700008392334,1.819000005722046,0.49000000953674316,101.06999969482422,12.640000343322754,2246.18994140625,18765.470703125,1169.800048828125,50.84000015258789
2016-12-09,2.4639999866485596,1.88100004196167,0.5199999809265137,101.56999969482422,11.75,2259.530029296875,18996.369140625,1159.4000244140625,51.5
2016-12-12,2.4790000915527344,1.8890000581741333,0.5,100.95999908447266,12.640000343322754,2256.9599609375,19155.029296875,1163.5,52.83000183105469
2016-12-13,2.4809999465942383,1.9119999408721924,0.5230000019073486,101.02999877929688,12.720000267028809,2271.719970703125,19250.51953125,1156.699951171875,52.97999954223633
2016-12-14,2.5250000953674316,1.99399995803833,0.5230000019073486,102.0,13.1899995803833,2253.280029296875,19253.609375,1161.300048828125,51.040000915527344
2016-12-15,2.5799999237060547,2.068000078201294,0.4880000054836273,103.12999725341797,12.789999961853027,2262.030029296875,19273.7890625,1127.800048828125,50.900001525878906
2016-12-16,2.5969998836517334,2.066999912261963,0.48500001430511475,102.94999694824219,12.199999809265137,2258.070068359375,19401.150390625,1135.300048828125,51.900001525878906
2016-12-19,2.5420000553131104,2.0269999504089355,0.4779999852180481,103.13999938964844,11.710000038146973,2262.530029296875,19391.599609375,1140.5,52.119998931884766
2016-12-20,2.568000078201294,2.0460000038146973,0.5130000114440918,103.29000091552734,11.449999809265137,2270.760009765625,19494.529296875,1131.5,52.22999954223633
2016-12-21,2.5460000038146973,2.0290000438690186,0.503000020980835,103.0199966430664,11.270000457763672,2265.179931640625,19444.490234375,1131.0999755859375,52.4900016784668
2016-12-22,2.552999973297119,2.0360000133514404,0.49300000071525574,103.08999633789062,11.430000305175781,2260.9599609375,19427.669921875,1128.800048828125,52.95000076293945
2016-12-23,2.5429999828338623,2.0299999713897705,0.5,103.01000213623047,11.4399995803833,2263.7900390625,,1131.9000244140625,53.02000045776367
2016-12-26,,,,,,,19396.640625,,
2016-12-27,2.562999963760376,2.055000066757202,0.4950000047683716,103.0199966430664,11.989999771118164,2268.8798828125,19403.060546875,1137.300048828125,53.900001525878906
2016-12-28,2.50600004196167,1.9980000257492065,0.4950000047683716,103.26000213623047,12.949999809265137,2249.919921875,19401.720703125,1139.4000244140625,54.060001373291016
2016-12-29,2.4769999980926514,1.9620000123977661,0.4399999976158142,102.68000030517578,13.369999885559082,2249.260009765625,19145.140625,1156.4000244140625,53.77000045776367
2016-12-30,2.446000099182129,1.934000015258789,0.47999998927116394,102.38999938964844,14.039999961853027,2238.830078125,19114.369140625,1150.0,53.720001220703125
2017-01-03,2.450000047683716,1.944000005722046,0.4749999940395355,103.20999908447266,12.850000381469727,2257.830078125,,1160.4000244140625,52.33000183105469
2017-01-04,2.4519999027252197,1.9470000267028809,0.5180000066757202,102.69999694824219,11.850000381469727,2270.75,19594.16015625,1163.800048828125,53.2599983215332
2017-01-05,2.368000030517578,1.8630000352859497,0.5080000162124634,101.5199966430664,11.670000076293945,2269.0,19520.689453125,1179.699951171875,53.7599983215332
2017-01-06,2.4179999828338623,1.9220000505447388,0.503000020980835,102.22000122070312,11.319999694824219,2276.97998046875,19454.330078125,1171.9000244140625,53.9900016784668
2017-01-09,2.375999927520752,1.88100004196167,0.48500001430511475,101.93000030517578,11.5600004196167,2268.89990234375,,1183.5,51.959999084472656
2017-01-10,2.378999948501587,1.878999948501587,0.503000020980835,102.01000213623047,11.489999771118164,2268.89990234375,19301.439453125,1184.199951171875,50.81999969482422
2017-01-11,2.369999885559082,1.8760000467300415,0.49799999594688416,101.77999877929688,11.260000228881836,2275.320068359375,19364.669921875,1195.5999755859375,52.25
2017-01-12,2.3610000610351562,1.8680000305175781,0.503000020980835,101.3499984741211,11.539999961853027,2270.43994140625,19134.69921875,1198.9000244140625,53.0099983215332
2017-01-13,2.380000114440918,1.8839999437332153,0.5130000114440918,101.18000030517578,11.229999542236328,2274.639892578125,19287.279296875,1195.300048828125,52.369998931884766
2017-01-16,,,,,,,19095.240234375,,
2017-01-17,2.3269999027252197,1.8259999752044678,0.5130000114440918,100.33000183105469,11.869999885559082,2267.889892578125,18813.529296875,1212.0,52.47999954223633
2017-01-18,2.3889999389648438,1.8849999904632568,0.5149999856948853,100.93000030517578,12.479999542236328,2271.889892578125,18894.369140625,1211.300048828125,51.08000183105469
2017-01-19,2.4590001106262207,1.9529999494552612,0.503000020980835,101.1500015258789,12.779999732971191,2263.68994140625,19072.25,1200.9000244140625,51.369998931884766
2017-01-20,2.4670000076293945,1.940000057220459,0.47999998927116394,100.73999786376953,11.539999961853027,2271.31005859375,19137.91015625,1204.300048828125,52.41999816894531
2017-01-23,2.4030001163482666,1.8669999837875366,0.4729999899864197,100.16000366210938,11.770000457763672,2265.199951171875,18891.029296875,1215.0,52.75
2017-01-24,2.4709999561309814,1.937000036239624,0.49300000071525574,100.3499984741211,11.069999694824219,2280.070068359375,18787.990234375,1210.300048828125,53.18000030517578
2017-01-25,2.5230000019073486,1.9869999885559082,0.4830000102519989,100.02999877929688,10.8100004196167,2298.3701171875,19057.5,1197.300048828125,52.75
2017-01-26,2.507999897003174,1.9620000123977661,0.4880000054836273,100.37999725341797,10.630000114440918,2296.679931640625,19402.390625,1189.5,53.779998779296875
2017-01-27,2.4809999465942383,1.940999984741211,0.49799999594688416,100.52999877929688,10.579999923706055,2294.68994140625,19467.400390625,1188.0999755859375,53.16999816894531
2017-01-30,2.4830000400543213,1.9359999895095825,0.4950000047683716,100.43000030517578,11.880000114440918,2280.89990234375,19368.849609375,1193.199951171875,52.630001068115234
2017-01-31,2.4509999752044678,1.9079999923706055,0.5,99.51000213623047,11.989999771118164,2278.8701171875,19041.33984375,1208.5999755859375,52.810001373291016
2017-02-01,2.4739999771118164,1.9259999990463257,0.5,99.63999938964844,11.8100004196167,2279.550048828125,19148.080078125,1205.5999755859375,53.880001068115234
2017-02-02,2.4700000286102295,1.9210000038146973,0.4880000054836273,99.8499984741211,11.930000305175781,2280.85009765625,18914.580078125,1216.699951171875,53.540000915527344
2017-02-03,2.490999937057495,1.9329999685287476,0.4880000054836273,99.87000274658203,10.970000267028809,2297.419921875,18918.19921875,1218.5,53.83000183105469
2017-02-06,2.4130001068115234,1.8539999723434448,0.503000020980835,99.91000366210938,11.369999885559082,2292.56005859375,18976.7109375,1230.0,53.0099983215332
2017-02-07,2.3889999389648438,1.843999981880188,0.5249999761581421,100.26000213623047,11.289999961853027,2293.080078125,18910.779296875,1234.199951171875,52.16999816894531
2017-02-08,2.3510000705718994,1.815999984741211,0.5249999761581421,100.27999877929688,11.449999809265137,2294.669921875,19007.599609375,1237.5999755859375,52.34000015258789
2017-02-09,2.3949999809265137,1.8700000047683716,0.527999997138977,100.6500015258789,10.880000114440918,2307.8701171875,18907.669921875,1235.0999755859375,53.0
2017-02-10,2.4089999198913574,1.8869999647140503,0.5230000019073486,100.80000305175781,10.850000381469727,2316.10009765625,19378.9296875,1234.4000244140625,53.86000061035156
2017-02-13,2.434000015258789,1.9110000133514404,0.5230000019073486,100.95999908447266,11.069999694824219,2328.25,19459.150390625,1224.4000244140625,52.93000030517578
2017-02-14,2.4700000286102295,1.9600000381469727,0.5350000262260437,101.25,10.739999771118164,2337.580078125,19238.98046875,1223.9000244140625,53.20000076293945
2017-02-15,2.502000093460083,2.000999927520752,0.5199999809265137,101.18000030517578,11.970000267028809,2349.25,19437.98046875,1231.699951171875,53.11000061035156
2017-02-16,2.450000047683716,1.940999984741211,0.5080000162124634,100.44000244140625,11.760000228881836,2347.219970703125,19347.529296875,1240.0,53.36000061035156
2017-02-17,2.424999952316284,1.909999966621399,0.5080000162124634,100.94999694824219,11.489999771118164,2351.159912109375,19234.619140625,1237.5999755859375,53.400001525878906
2017-02-20,,,,,,,19251.080078125,,
2017-02-21,2.427000045776367,1.9170000553131104,0.5049999952316284,101.37000274658203,11.569999694824219,2365.3798828125,19381.439453125,1237.5,54.060001373291016
2017-02-22,2.4179999828338623,1.9119999408721924,0.5099999904632568,101.33000183105469,11.739999771118164,2362.820068359375,19379.869140625,1232.0,53.59000015258789
2017-02-23,2.388000011444092,1.878000020980835,0.49799999594688416,101.05000305175781,11.710000038146973,2363.81005859375,19371.4609375,1250.199951171875,54.45000076293945
2017-02-24,2.316999912261963,1.8040000200271606,0.49799999594688416,101.08999633789062,11.470000267028809,2367.340087890625,19283.5390625,1256.9000244140625,53.9900016784668
2017-02-27,2.36899995803833,1.8700000047683716,0.49000000953674316,101.12999725341797,12.09000015258789,2369.75,19107.470703125,1257.4000244140625,54.04999923706055
2017-02-28,2.3580000400543213,1.8799999952316284,0.5230000019073486,101.12000274658203,12.920000076293945,2363.639892578125,19118.990234375,1252.5999755859375,54.0099983215332
2017-03-01,2.4630000591278076,1.9919999837875366,0.6150000095367432,101.77999877929688,12.539999961853027,2395.9599609375,19393.5390625,1248.9000244140625,53.83000183105469
2017-03-02,2.489000082015991,2.0299999713897705,0.6449999809265137,102.19999694824219,11.8100004196167,2381.919921875,19564.80078125,1231.9000244140625,52.61000061035156
2017-03-03,2.492000102996826,2.0169999599456787,0.6830000281333923,101.54000091552734,10.960000038146973,2383.1201171875,19469.169921875,1225.5,53.33000183105469
2017-03-06,2.49399995803833,2.0160000324249268,0.7049999833106995,101.63999938964844,11.239999771118164,2375.31005859375,19379.140625,1224.5,53.20000076293945
2017-03-07,2.510999917984009,2.0439999103546143,0.7350000143051147,101.80999755859375,11.449999809265137,2368.389892578125,19344.150390625,1215.0999755859375,53.13999938964844
2017-03-08,2.552000045776367,2.0810000896453857,0.7080000042915344,102.06999969482422,11.859999656677246,2362.97998046875,19254.029296875,1208.5,50.279998779296875
2017-03-09,2.5980000495910645,2.125,0.7129999995231628,101.8499984741211,12.300000190734863,2364.8701171875,19318.580078125,1202.4000244140625,49.279998779296875
2017-03-10,2.5820000171661377,2.1050000190734863,0.7250000238418579,101.25,11.65999984741211,2372.60009765625,19604.609375,1200.699951171875,48.4900016784668
2017-03-13,2.6080000400543213,2.127000093460083,0.7279999852180481,101.37999725341797,11.350000381469727,2373.469970703125,19633.75,1202.4000244140625,48.400001525878906
2017-03-14,2.5950000286102295,2.124000072479248,0.753000020980835,101.69999694824219,12.300000190734863,2365.449951171875,19609.5,1201.9000244140625,47.720001220703125
2017-03-15,2.507999897003174,2.0199999809265137,0.7149999737739563,100.73999786376953,11.630000114440918,2385.260009765625,19577.380859375,1200.0999755859375,48.86000061035156
2017-03-16,2.5220000743865967,2.0299999713897705,0.7080000042915344,100.2699966430664,11.210000038146973,2381.3798828125,19590.140625,1226.5,48.75
2017-03-17,2.500999927520752,2.0199999809265137,0.7080000042915344,100.30000305175781,11.279999732971191,2378.25,19521.58984375,1229.800048828125,48.779998779296875
2017-03-20,2.4730000495910645,1.9930000305175781,0.7099999785423279,100.41000366210938,11.34000015258789,2373.469970703125,,1233.5999755859375,48.220001220703125
2017-03-21,2.436000108718872,1.9630000591278076,0.753000020980835,99.80999755859375,12.470000267028809,2344.02001953125,19455.880859375,1246.0999755859375,47.34000015258789
2017-03-22,2.3959999084472656,1.9299999475479126,0.7480000257492065,99.68000030517578,12.8100004196167,2348.449951171875,19041.380859375,1249.300048828125,48.040000915527344
2017-03-23,2.4179999828338623,1.9429999589920044,0.7480000257492065,99.76000213623047,13.119999885559082,2345.9599609375,19085.310546875,1246.9000244140625,47.70000076293945
2017-03-24,2.4000000953674316,1.9279999732971191,0.7480000257492065,99.62999725341797,12.960000038146973,2343.97998046875,19262.529296875,1248.199951171875,47.970001220703125
2017-03-27,2.372999906539917,1.9119999408721924,0.7580000162124634,99.16999816894531,12.5,2341.590087890625,18985.58984375,1255.4000244140625,47.72999954223633
2017-03-28,2.4089999198913574,1.9550000429153442,0.7730000019073486,99.70999908447266,11.529999732971191,2358.570068359375,19202.869140625,1255.300048828125,48.369998931884766
2017-03-29,2.385999917984009,1.9359999895095825,0.7549999952316284,100.0,11.420000076293945,2361.1298828125,19217.48046875,1253.4000244140625,49.5099983215332
2017-03-30,2.4159998893737793,1.9609999656677246,0.7580000162124634,100.41000366210938,11.539999961853027,2368.06005859375,19063.220703125,1245.0,50.349998474121094
2017-03-31,2.3959999084472656,1.9290000200271606,0.7379999756813049,100.3499984741211,12.369999885559082,2362.719970703125,18909.259765625,1247.300048828125,50.599998474121094
2017-04-03,2.3499999046325684,1.8769999742507935,0.7400000095367432,100.54000091552734,12.380000114440918,2358.840087890625,18983.23046875,1250.800048828125,50.2400016784668
2017-04-04,2.3499999046325684,1.878000020980835,0.7799999713897705,100.54000091552734,11.789999961853027,2360.159912109375,18810.25,1255.0,51.029998779296875
2017-04-05,2.3570001125335693,1.8700000047683716,0.7799999713897705,100.55999755859375,12.890000343322754,2352.949951171875,18861.26953125,1245.4000244140625,51.150001525878906
2017-04-06,2.3429999351501465,1.8630000352859497,0.7879999876022339,100.66999816894531,12.390000343322754,2357.489990234375,18597.060546875,1250.300048828125,51.70000076293945
2017-04-07,2.372999906539917,1.9110000133514404,0.7979999780654907,101.18000030517578,12.869999885559082,2355.5400390625,18664.630859375,1254.300048828125,52.2400016784668
2017-04-10,2.3610000610351562,1.899999976158142,0.7879999876022339,101.0199966430664,14.050000190734863,2357.159912109375,18797.880859375,1251.0999755859375,53.08000183105469
2017-04-11,2.2980000972747803,1.8320000171661377,0.800000011920929,100.70999908447266,15.069999694824219,2353.780029296875,18747.869140625,1271.199951171875,53.400001525878906
2017-04-12,2.2960000038146973,1.8300000429153442,0.7929999828338623,100.77999877929688,15.770000457763672,2344.929931640625,18552.609375,1275.300048828125,53.11000061035156
2017-04-13,2.2320001125335693,1.7640000581741333,0.7900000214576721,100.55999755859375,15.960000038146973,2328.949951171875,18426.83984375,1285.9000244140625,53.18000030517578
2017-04-14,,,,,,,18335.630859375,,
2017-04-17,2.252000093460083,1.7769999504089355,0.7900000214576721,100.30000305175781,14.65999984741211,2349.010009765625,18355.259765625,1289.4000244140625,52.650001525878906
2017-04-18,2.178999900817871,1.7100000381469727,0.8050000071525574,99.5,14.420000076293945,2342.18994140625,18418.58984375,1291.699951171875,52.40999984741211
2017-04-19,2.2019999027252197,1.7289999723434448,0.7850000262260437,99.73999786376953,14.930000305175781,2338.169921875,18432.19921875,1281.4000244140625,50.439998626708984
2017-04-20,2.240999937057495,1.7719999551773071,0.7699999809265137,99.77999877929688,14.149999618530273,2355.840087890625,18430.490234375,1281.9000244140625,50.27000045776367
2017-04-21,2.236999988555908,1.7599999904632568,0.7630000114440918,99.9800033569336,14.630000114440918,2348.68994140625,18620.75,1287.4000244140625,49.619998931884766
2017-04-24,2.2730000019073486,1.8020000457763672,0.7699999809265137,99.08999633789062,10.84000015258789,2374.14990234375,18875.880859375,1275.800048828125,49.22999954223633
2017-04-25,2.3269999027252197,1.850000023841858,0.8080000281333923,98.81999969482422,10.760000228881836,2388.610107421875,19079.330078125,1265.5999755859375,49.560001373291016
2017-04-26,2.311000108718872,1.8350000381469727,0.8029999732971191,98.95999908447266,10.850000381469727,2387.449951171875,19289.4296875,1262.0999755859375,49.619998931884766
2017-04-27,2.2960000038146973,1.819000005722046,0.7850000262260437,99.08000183105469,10.359999656677246,2388.77001953125,19251.869140625,1263.699951171875,48.970001220703125
2017-04-28,2.2820000648498535,1.815999984741211,0.7799999713897705,99.05000305175781,10.819999694824219,2384.199951171875,19196.740234375,1266.0999755859375,49.33000183105469
2017-05-01,2.325000047683716,1.847000002861023,0.7850000262260437,99.13999938964844,10.109999656677246,2388.330078125,19310.51953125,1253.300048828125,48.84000015258789
2017-05-02,2.2960000038146973,1.812999963760376,0.8429999947547913,98.9800033569336,10.59000015258789,2391.169921875,19445.69921875,1255.0999755859375,47.65999984741211
2017-05-03,2.309000015258789,1.8450000286102295,0.8479999899864197,99.20999908447266,10.680000305175781,2388.1298828125,,1246.4000244140625,47.81999969482422
2017-05-04,2.3559999465942383,1.8830000162124634,0.8550000190734863,98.76000213623047,10.460000038146973,2389.52001953125,,1226.5,45.52000045776367
2017-05-05,2.3519999980926514,1.8830000162124634,0.8679999709129333,98.6500015258789,10.569999694824219,2399.2900390625,,1224.800048828125,46.220001220703125
2017-05-08,2.375999927520752,1.899999976158142,0.8700000047683716,99.1500015258789,9.770000457763672,2399.3798828125,19895.69921875,1225.300048828125,46.43000030517578
2017-05-09,2.4070000648498535,1.934999942779541,0.8899999856948853,99.58999633789062,9.960000038146973,2396.919921875,19843.0,1214.300048828125,45.880001068115234
2017-05-10,2.4140000343322754,1.937999963760376,0.875,99.66999816894531,10.210000038146973,2399.6298828125,19900.08984375,1217.300048828125,47.33000183105469
2017-05-11,2.4000000953674316,1.9279999732971191,0.8600000143051147,99.62000274658203,10.600000381469727,2394.43994140625,19961.55078125,1222.699951171875,47.83000183105469
2017-05-12,2.3350000381469727,1.8530000448226929,0.8550000190734863,99.25,10.399999618530273,2390.89990234375,19883.900390625,1226.199951171875,47.84000015258789
2017-05-15,2.3380000591278076,1.8580000400543213,0.8629999756813049,98.91000366210938,10.420000076293945,2402.320068359375,19869.849609375,1228.5999755859375,48.849998474121094
2017-05-16,2.3289999961853027,1.850000023841858,0.8899999856948853,98.11000061035156,10.649999618530273,2400.669921875,19919.8203125,1235.0,48.65999984741211
2017-05-17,2.2160000801086426,1.7480000257492065,0.875,97.41999816894531,15.59000015258789,2357.030029296875,19814.880859375,1257.5,49.06999969482422
2017-05-18,2.2330000400543213,1.7740000486373901,0.8930000066757202,97.87999725341797,14.65999984741211,2365.719970703125,19553.859375,1251.699951171875,49.349998474121094
2017-05-19,2.244999885559082,1.7869999408721924,0.8880000114440918,97.1500015258789,12.039999961853027,2381.72998046875,19590.759765625,1252.699951171875,50.33000183105469
2017-05-22,2.253999948501587,1.7970000505447388,0.878000020980835,96.9800033569336,10.930000305175781,2394.02001953125,19678.279296875,1260.699951171875,50.72999954223633
2017-05-23,2.2850000858306885,1.8320000171661377,0.9129999876022339,97.3499984741211,10.720000267028809,2398.419921875,19613.279296875,1254.800048828125,51.470001220703125
2017-05-24,2.2660000324249268,1.8029999732971191,0.9049999713897705,97.23999786376953,10.020000457763672,2404.389892578125,19742.98046875,1252.4000244140625,51.36000061035156
2017-05-25,2.255000114440918,1.7910000085830688,0.9079999923706055,97.25,9.989999771118164,2415.070068359375,19813.130859375,1255.800048828125,48.900001525878906
2017-05-26,2.25,1.7910000085830688,0.9100000262260437,97.4000015258789,9.8100004196167,2415.820068359375,19686.83984375,1267.5999755859375,49.79999923706055
2017-05-29,,,,,,,19682.5703125,,
2017-05-30,2.2170000076293945,1.7599999904632568,0.9100000262260437,97.27999877929688,10.380000114440918,2412.909912109375,19677.849609375,1262.0999755859375,49.65999984741211
2017-05-31,2.196000099182129,1.7480000257492065,0.949999988079071,96.91999816894531,10.40999984741211,2411.800048828125,19650.5703125,1272.0,48.31999969482422
2017-06-01,2.2170000076293945,1.7649999856948853,0.9480000138282776,97.19999694824219,9.890000343322754,2430.06005859375,19860.029296875,1267.0,48.36000061035156
2017-06-02,2.1589999198913574,1.718999981880188,0.953000009059906,96.72000122070312,9.75,2439.070068359375,20177.279296875,1276.800048828125,47.65999984741211
2017-06-05,2.181999921798706,1.7419999837875366,0.9480000138282776,96.80000305175781,10.069999694824219,2436.10009765625,20170.8203125,1279.300048828125,47.400001525878906
2017-06-06,2.1470000743865967,1.7120000123977661,0.9580000042915344,96.63999938964844,10.449999809265137,2429.330078125,19979.900390625,1294.4000244140625,48.189998626708984
2017-06-07,2.177999973297119,1.7419999837875366,0.9729999899864197,96.75,10.390000343322754,2433.139892578125,19984.619140625,1290.0999755859375,45.720001220703125
2017-06-08,2.194000005722046,1.7549999952316284,0.9729999899864197,96.91999816894531,10.15999984741211,2433.7900390625,19909.259765625,1276.300048828125,45.63999938964844
2017-06-09,2.1989998817443848,1.7630000114440918,0.9800000190734863,97.2699966430664,10.699999809265137,2431.77001953125,20013.259765625,1268.5,45.83000183105469
2017-06-12,2.2130000591278076,1.777999997138977,0.9729999899864197,97.13999938964844,11.460000038146973,2429.389892578125,19908.580078125,1266.0999755859375,46.08000183105469
2017-06-13,2.2070000171661377,1.7799999713897705,0.9829999804496765,96.9800033569336,10.420000076293945,2440.35009765625,19898.75,1265.800048828125,46.459999084472656
2017-06-14,2.138000011444092,1.725000023841858,0.9829999804496765,96.94000244140625,10.640000343322754,2437.919921875,19883.51953125,1272.800048828125,44.72999954223633
2017-06-15,2.1619999408721924,1.7630000114440918,0.9929999709129333,97.43000030517578,10.899999618530273,2432.4599609375,19831.8203125,1252.199951171875,44.459999084472656
2017-06-16,2.1570000648498535,1.746999979019165,0.9850000143051147,97.16000366210938,10.380000114440918,2433.14990234375,19943.259765625,1254.0,44.7400016784668
2017-06-19,2.190000057220459,1.7879999876022339,0.9850000143051147,97.52999877929688,10.369999885559082,2453.4599609375,20067.75,1244.199951171875,44.20000076293945
2017-06-20,2.1530001163482666,1.7580000162124634,0.9929999709129333,97.75,10.859999656677246,2437.030029296875,20230.41015625,1241.0,43.22999954223633
2017-06-21,2.1549999713897705,1.7680000066757202,0.9679999947547913,97.55999755859375,10.75,2435.610107421875,20138.7890625,1243.4000244140625,42.529998779296875
2017-06-22,2.1530001163482666,1.7619999647140503,0.9330000281333923,97.54000091552734,10.479999542236328,2434.5,20110.509765625,1247.5999755859375,42.7400016784668
2017-06-23,2.1440000534057617,1.7569999694824219,0.9330000281333923,97.30000305175781,10.020000457763672,2438.300048828125,20132.669921875,1256.199951171875,43.0099983215332
2017-06-26,2.13700008392334,1.7580000162124634,0.9330000281333923,97.43000030517578,9.899999618530273,2439.070068359375,20153.349609375,1246.300048828125,43.380001068115234
2017-06-27,2.197999954223633,1.812000036239624,0.9900000095367432,96.47000122070312,11.0600004196167,2419.3798828125,20225.08984375,1246.4000244140625,44.2400016784668
2017-06-28,2.2209999561309814,1.815999984741211,0.9850000143051147,96.05000305175781,10.029999732971191,2440.68994140625,20130.41015625,1248.0,44.7400016784668
2017-06-29,2.2669999599456787,1.850000023841858,1.003000020980835,95.62999725341797,11.4399995803833,2419.699951171875,20220.30078125,1244.199951171875,44.93000030517578
2017-06-30,2.302000045776367,1.8849999904632568,0.9929999709129333,95.66000366210938,11.180000305175781,2423.409912109375,20033.4296875,1240.699951171875,46.040000915527344
2017-07-03,2.3459999561309814,1.9299999475479126,1.0,96.19999694824219,11.220000267028809,2429.010009765625,20055.80078125,1217.9000244140625,47.06999969482422
2017-07-04,,,,,,,20032.349609375,,
2017-07-05,2.3340001106262207,1.9249999523162842,1.0199999809265137,96.29000091552734,11.069999694824219,2432.5400390625,20081.630859375,1220.4000244140625,45.130001068115234
2017-07-06,2.369999885559082,1.9420000314712524,1.0080000162124634,95.81999969482422,12.539999961853027,2409.75,19994.060546875,1222.199951171875,45.52000045776367
2017-07-07,2.3929998874664307,1.9570000171661377,1.0080000162124634,96.01000213623047,11.1899995803833,2425.179931640625,19929.08984375,1208.5999755859375,44.22999954223633
2017-07-10,2.371000051498413,1.930999994277954,1.0130000114440918,96.05000305175781,11.109999656677246,2427.429931640625,20080.98046875,1212.0999755859375,44.400001525878906
2017-07-11,2.361999988555908,1.9190000295639038,1.0329999923706055,95.73999786376953,10.890000343322754,2425.530029296875,20195.48046875,1213.5999755859375,45.040000915527344
2017-07-12,2.3269999027252197,1.88100004196167,1.0230000019073486,95.79000091552734,10.300000190734863,2443.25,20098.380859375,1218.0999755859375,45.4900016784668
2017-07-13,2.3480000495910645,1.8910000324249268,1.0130000114440918,95.7300033569336,9.899999618530273,2447.830078125,20099.810546875,1216.300048828125,46.08000183105469
2017-07-14,2.319000005722046,1.8609999418258667,1.0080000162124634,95.11000061035156,9.510000228881836,2459.27001953125,20118.859375,1226.5999755859375,46.540000915527344
2017-07-17,2.309000015258789,1.8530000448226929,1.0199999809265137,95.12999725341797,9.819999694824219,2459.139892578125,,1232.800048828125,46.02000045776367
2017-07-18,2.263000011444092,1.8179999589920044,1.0399999618530273,94.66000366210938,9.890000343322754,2460.610107421875,19999.91015625,1241.0999755859375,46.400001525878906
2017-07-19,2.2679998874664307,1.8209999799728394,1.0850000381469727,94.80000305175781,9.789999961853027,2473.830078125,20020.859375,1241.199951171875,47.119998931884766
2017-07-20,2.2660000324249268,1.8229999542236328,1.1130000352859497,94.2699966430664,9.579999923706055,2473.449951171875,20144.58984375,1244.800048828125,46.790000915527344
2017-07-21,2.2320001125335693,1.7999999523162842,1.1380000114440918,93.94000244140625,9.359999656677246,2472.5400390625,20099.75,1254.300048828125,45.77000045776367
2017-07-24,2.253999948501587,1.8209999799728394,1.149999976158142,93.9800033569336,9.430000305175781,2469.909912109375,19975.669921875,1253.9000244140625,46.34000015258789
2017-07-25,2.3259999752044678,1.8849999904632568,1.1430000066757202,94.05000305175781,9.430000305175781,2477.1298828125,19955.19921875,1251.699951171875,47.88999938964844
2017-07-26,2.2820000648498535,1.8220000267028809,1.0950000286102295,93.66999816894531,9.600000381469727,2477.830078125,20050.16015625,1249.0,48.75
2017-07-27,2.309999942779541,1.8450000286102295,1.0779999494552612,93.86000061035156,10.109999656677246,2475.419921875,20079.640625,1259.5999755859375,49.040000915527344
2017-07-28,2.2890000343322754,1.8309999704360962,1.0529999732971191,93.26000213623047,10.289999961853027,2472.10009765625,19959.83984375,1268.4000244140625,49.709999084472656
2017-07-31,2.2920000553131104,1.8320000171661377,1.0529999732971191,92.86000061035156,10.260000228881836,2470.300048828125,19925.1796875,1266.5999755859375,50.16999816894531
2017-08-01,2.250999927520752,1.7990000247955322,1.0579999685287476,93.02999877929688,10.09000015258789,2476.35009765625,19985.7890625,1272.5999755859375,49.15999984741211
2017-08-02,2.26200008392334,1.819000005722046,1.0499999523162842,92.83000183105469,10.279999732971191,2477.570068359375,20080.0390625,1271.800048828125,49.59000015258789
2017-08-03,2.2279999256134033,1.7899999618530273,1.0579999685287476,92.80999755859375,10.4399995803833,2472.159912109375,20029.259765625,1267.800048828125,49.029998779296875
2017-08-04,2.2669999599456787,1.8220000267028809,1.0529999732971191,93.54000091552734,10.029999732971191,2476.830078125,19952.330078125,1258.300048828125,49.58000183105469
2017-08-07,2.256999969482422,1.812000036239624,1.0329999923706055,93.43000030517578,9.930000305175781,2480.909912109375,20055.890625,1258.199951171875,49.38999938964844
2017-08-08,2.2829999923706055,1.8339999914169312,1.0299999713897705,93.63999938964844,10.960000038146973,2474.919921875,19996.009765625,1256.4000244140625,49.16999816894531
2017-08-09,2.240999937057495,1.7970000505447388,1.024999976158142,93.5199966430664,11.109999656677246,2474.02001953125,19738.7109375,1273.0,49.560001373291016
2017-08-10,2.2119998931884766,1.781000018119812,1.0180000066757202,93.4000015258789,16.040000915527344,2438.2099609375,19729.740234375,1283.699951171875,48.59000015258789
2017-08-11,2.188999891281128,1.7400000095367432,1.0130000114440918,93.06999969482422,15.510000228881836,2441.320068359375,,1287.699951171875,48.81999969482422
2017-08-14,2.2190001010894775,1.7710000276565552,1.003000020980835,93.45999908447266,12.329999923706055,2465.840087890625,19537.099609375,1284.199951171875,47.59000015258789
2017-08-15,2.2660000324249268,1.8200000524520874,1.0080000162124634,93.8499984741211,12.039999961853027,2464.610107421875,19753.310546875,1273.699951171875,47.54999923706055
2017-08-16,2.2260000705718994,1.781000018119812,0.9850000143051147,93.48999786376953,11.739999771118164,2468.110107421875,19729.279296875,1276.9000244140625,46.779998779296875
2017-08-17,2.1989998817443848,1.7619999647140503,0.9779999852180481,93.62000274658203,15.550000190734863,2430.010009765625,19702.630859375,1286.4000244140625,47.09000015258789
2017-08-18,2.194000005722046,1.7619999647140503,0.9879999756813049,93.43000030517578,14.260000228881836,2425.550048828125,19470.41015625,1285.699951171875,48.5099983215332
2017-08-21,2.180000066757202,1.7510000467300415,0.9649999737739563,93.0999984741211,13.1899995803833,2428.3701171875,19393.130859375,1290.800048828125,47.369998931884766
2017-08-22,2.2149999141693115,1.784999966621399,0.9950000047683716,93.55000305175781,11.350000381469727,2452.510009765625,19383.83984375,1285.0999755859375,47.63999938964844
2017-08-23,2.1710000038146973,1.746999979019165,0.9800000190734863,93.1500015258789,12.25,2444.0400390625,19434.640625,1288.9000244140625,48.40999984741211
2017-08-24,2.194000005722046,1.774999976158142,0.9980000257492065,93.27999877929688,12.229999542236328,2438.969970703125,19353.76953125,1286.5,47.43000030517578
2017-08-25,2.1689999103546143,1.7569999694824219,0.9950000047683716,92.73999786376953,11.279999732971191,2443.050048828125,19452.609375,1292.5,47.869998931884766
2017-08-28,2.1589999198913574,1.7419999837875366,1.0049999952316284,92.20999908447266,11.319999694824219,2444.239990234375,19449.900390625,1309.699951171875,46.56999969482422
2017-08-29,2.135999917984009,1.7100000381469727,1.0099999904632568,92.3499984741211,11.699999809265137,2446.300048828125,19362.55078125,1313.0999755859375,46.439998626708984
2017-08-30,2.1429998874664307,1.725000023841858,0.9980000257492065,92.87999725341797,11.220000267028809,2457.590087890625,19506.5390625,1308.0999755859375,45.959999084472656
2017-08-31,2.121000051498413,1.7070000171661377,0.9779999852180481,92.66999816894531,10.59000015258789,2471.64990234375,19646.240234375,1316.199951171875,47.22999954223633
2017-09-01,2.1570000648498535,1.7330000400543213,0.9850000143051147,92.80999755859375,10.130000114440918,2476.550048828125,19691.470703125,1324.5,47.290000915527344
2017-09-04,,,,,,,19508.25,,
2017-09-05,2.069999933242798,1.6460000276565552,0.9829999804496765,92.30999755859375,12.229999542236328,2457.85009765625,19385.810546875,1339.199951171875,48.65999984741211
2017-09-06,2.1080000400543213,1.687000036239624,1.0379999876022339,92.29000091552734,11.630000114440918,2465.5400390625,19357.970703125,1333.9000244140625,49.15999984741211
2017-09-07,2.061000108718872,1.6410000324249268,1.0230000019073486,91.52999877929688,11.550000190734863,2465.10009765625,19396.51953125,1345.0999755859375,49.09000015258789
2017-09-08,2.061000108718872,1.6410000324249268,1.0199999809265137,91.33000183105469,12.119999885559082,2461.429931640625,19274.8203125,1346.0,47.47999954223633
2017-09-11,2.125,1.7020000219345093,1.0199999809265137,91.86000061035156,10.729999542236328,2488.110107421875,19545.76953125,1331.0,48.06999969482422
2017-09-12,2.1710000038146973,1.746999979019165,1.0180000066757202,91.91000366210938,10.579999923706055,2496.47998046875,19776.619140625,1328.0,48.22999954223633
2017-09-13,2.194999933242798,1.7740000486373901,1.0180000066757202,92.5199966430664,10.5,2498.3701171875,19865.8203125,1323.4000244140625,49.29999923706055
2017-09-14,2.197000026702881,1.7869999408721924,1.027999997138977,92.12000274658203,10.4399995803833,2495.6201171875,19807.439453125,1324.699951171875,49.88999938964844
2017-09-15,2.2019999027252197,1.8040000200271606,1.0099999904632568,91.87000274658203,10.170000076293945,2500.22998046875,19909.5,1320.4000244140625,49.88999938964844
2017-09-18,2.2290000915527344,1.8240000009536743,1.0,92.05000305175781,10.149999618530273,2503.8701171875,,1306.300048828125,49.90999984741211
2017-09-19,2.243000030517578,1.8320000171661377,1.0180000066757202,91.79000091552734,10.180000305175781,2506.64990234375,20299.380859375,1306.199951171875,49.47999954223633
2017-09-20,2.2769999504089355,1.8830000162124634,1.0199999809265137,92.51000213623047,9.779999732971191,2508.239990234375,20310.4609375,1312.0,50.40999984741211
2017-09-21,2.2780001163482666,1.8880000114440918,1.0080000162124634,92.26000213623047,9.670000076293945,2500.60009765625,20347.48046875,1290.5999755859375,50.54999923706055
2017-09-22,2.26200008392334,1.871999979019165,1.003000020980835,92.16999816894531,9.59000015258789,2502.219970703125,20296.44921875,1293.300048828125,50.65999984741211
2017-09-25,2.2200000286102295,1.8359999656677246,0.9980000257492065,92.6500015258789,10.210000038146973,2496.659912109375,20397.580078125,1306.800048828125,52.220001220703125
2017-09-26,2.2290000915527344,1.850000023841858,1.0429999828338623,92.97000122070312,10.170000076293945,2496.840087890625,20330.189453125,1297.0,51.880001068115234
2017-09-27,2.309000015258789,1.909000039100647,1.0379999876022339,93.36000061035156,9.869999885559082,2507.0400390625,20267.05078125,1283.4000244140625,52.13999938964844
2017-09-28,2.309000015258789,1.8960000276565552,1.0299999713897705,93.08999633789062,9.550000190734863,2510.06005859375,20363.109375,1285.5,51.560001373291016
2017-09-29,2.3259999752044678,1.9279999732971191,1.027999997138977,93.08000183105469,9.510000228881836,2519.360107421875,20356.279296875,1281.5,51.66999816894531
2017-10-02,2.3369998931884766,1.934000015258789,1.0130000114440918,93.55999755859375,9.449999809265137,2529.1201171875,20400.779296875,1272.699951171875,50.58000183105469
2017-10-03,2.3340001106262207,1.9249999523162842,1.034999966621399,93.56999969482422,9.510000228881836,2534.580078125,20614.0703125,1271.5,50.41999816894531
2017-10-04,2.3299999237060547,1.9249999523162842,1.0429999828338623,93.45999908447266,9.630000114440918,2537.739990234375,20626.66015625,1273.699951171875,49.97999954223633
2017-10-05,2.3499999046325684,1.9479999542236328,1.0429999828338623,93.95999908447266,9.1899995803833,2552.070068359375,20628.560546875,1269.9000244140625,50.790000915527344
2017-10-06,2.369999885559082,1.968999981880188,1.0429999828338623,93.80000305175781,9.649999618530273,2549.330078125,20690.7109375,1271.5999755859375,49.290000915527344
2017-10-09,2.3610000610351562,1.9579999446868896,1.0449999570846558,93.73999786376953,10.329999923706055,2544.72998046875,,1281.800048828125,49.58000183105469
2017-10-10,2.3450000286102295,1.9450000524520874,1.0549999475479126,93.29000091552734,10.079999923706055,2550.639892578125,20823.509765625,1290.5999755859375,50.91999816894531
2017-10-11,2.3450000286102295,1.9550000429153442,1.0679999589920044,92.95999908447266,9.850000381469727,2555.239990234375,20881.26953125,1285.800048828125,51.29999923706055
2017-10-12,2.322999954223633,1.940000057220459,1.0529999732971191,93.12000274658203,9.90999984741211,2550.929931640625,20954.720703125,1293.300048828125,50.599998474121094
2017-10-13,2.2799999713897705,1.906000018119812,1.0499999523162842,93.08999633789062,9.609999656677246,2553.169921875,21155.1796875,1301.5,51.45000076293945
2017-10-16,2.306999921798706,1.9550000429153442,1.0549999475479126,93.27999877929688,9.90999984741211,2557.639892578125,21255.560546875,1299.9000244140625,51.869998931884766
2017-10-17,2.2980000972747803,1.9559999704360962,1.0729999542236328,93.48999786376953,10.3100004196167,2559.360107421875,21336.119140625,1283.0,51.880001068115234
2017-10-18,2.3389999866485596,1.9869999885559082,1.0679999589920044,93.36000061035156,10.069999694824219,2561.260009765625,21363.05078125,1279.9000244140625,52.040000915527344
2017-10-19,2.321000099182129,1.975000023841858,1.065000057220459,93.2699966430664,10.050000190734863,2562.10009765625,21448.51953125,1286.9000244140625,51.290000915527344
2017-10-20,2.38100004196167,2.0199999809265137,1.0750000476837158,93.69999694824219,9.970000267028809,2575.2099609375,21457.640625,1277.4000244140625,51.470001220703125
2017-10-23,2.375999927520752,2.006999969482422,1.0700000524520874,93.94000244140625,11.069999694824219,2564.97998046875,21696.650390625,1277.699951171875,51.900001525878906
2017-10-24,2.4059998989105225,2.0269999504089355,1.0980000495910645,93.95999908447266,11.15999984741211,2569.1298828125,21805.169921875,1275.0,52.470001220703125
2017-10-25,2.444000005722046,2.055999994277954,1.0829999446868896,93.70999908447266,11.229999542236328,2557.14990234375,21707.619140625,1275.4000244140625,52.18000030517578
2017-10-26,2.4519999027252197,2.069000005722046,1.0800000429153442,94.61000061035156,11.300000190734863,2560.39990234375,21739.779296875,1266.300048828125,52.63999938964844
2017-10-27,2.427999973297119,2.0429999828338623,1.0729999542236328,94.91999816894531,9.800000190734863,2581.070068359375,22008.44921875,1268.5,53.900001525878906
2017-10-30,2.369999885559082,1.996999979019165,1.0750000476837158,94.48999786376953,10.5,2572.830078125,22011.669921875,1274.0999755859375,54.150001525878906
2017-10-31,2.375999927520752,2.009999990463257,1.1230000257492065,94.55000305175781,10.180000305175781,2575.260009765625,22011.609375,1267.0,54.380001068115234
2017-11-01,2.375999927520752,2.0220000743865967,1.1380000114440918,94.81999969482422,10.199999809265137,2579.360107421875,22420.080078125,1274.0999755859375,54.29999923706055
2017-11-02,2.3469998836517334,2.0,1.1380000114440918,94.69000244140625,9.930000305175781,2579.85009765625,22539.119140625,1274.9000244140625,54.540000915527344
2017-11-03,2.3429999351501465,2.005000114440918,1.1480000019073486,94.94000244140625,9.140000343322754,2587.840087890625,,1266.5,55.63999938964844
2017-11-06,2.319999933242798,1.9869999885559082,1.1579999923706055,94.72000122070312,9.399999618530273,2591.1298828125,22548.349609375,1279.4000244140625,57.349998474121094
2017-11-07,2.306999921798706,1.9830000400543213,1.187999963760376,94.91000366210938,9.890000343322754,2590.639892578125,22937.599609375,1273.699951171875,57.20000076293945
2017-11-08,2.325000047683716,2.002000093460083,1.1950000524520874,94.87000274658203,9.779999732971191,2594.3798828125,22913.8203125,1281.5999755859375,56.810001373291016
2017-11-09,2.3310000896453857,2.003000020980835,1.2029999494552612,94.44000244140625,10.5,2584.6201171875,22868.7109375,1285.5999755859375,57.16999816894531
2017-11-10,2.4000000953674316,2.055000066757202,1.2000000476837158,94.38999938964844,11.289999961853027,2582.300048828125,22681.419921875,1272.4000244140625,56.7400016784668
2017-11-13,2.4000000953674316,2.072000026702881,1.184999942779541,94.48999786376953,11.5,2584.840087890625,22380.990234375,1277.300048828125,56.7599983215332
2017-11-14,2.38100004196167,2.065000057220459,1.2400000095367432,93.83000183105469,11.59000015258789,2578.8701171875,22380.009765625,1281.5,55.70000076293945
2017-11-15,2.3350000381469727,2.0380001068115234,1.2300000190734863,93.80999755859375,13.130000114440918,2564.6201171875,22028.3203125,1276.5,55.33000183105469
2017-11-16,2.3610000610351562,2.065000057220459,1.2300000190734863,93.93000030517578,11.760000228881836,2585.639892578125,22351.119140625,1277.4000244140625,55.13999938964844
2017-11-17,2.3540000915527344,2.062000036239624,1.2400000095367432,93.66000366210938,11.430000305175781,2578.85009765625,22396.80078125,1295.800048828125,56.54999923706055
2017-11-20,2.371999979019165,2.0940001010894775,1.2400000095367432,94.08000183105469,10.649999618530273,2582.139892578125,22261.759765625,1274.5999755859375,56.09000015258789
2017-11-21,2.36299991607666,2.1070001125335693,1.277999997138977,93.94999694824219,9.729999542236328,2599.030029296875,22416.48046875,1281.0999755859375,56.83000183105469
2017-11-22,2.322000026702881,2.0429999828338623,1.2649999856948853,93.22000122070312,9.880000114440918,2597.080078125,22523.150390625,1291.5999755859375,58.02000045776367
2017-11-24,2.3399999141693115,2.063999891281128,1.2400000095367432,92.76000213623047,9.670000076293945,2602.419921875,22550.849609375,1286.699951171875,58.95000076293945
2017-11-27,2.328000068664551,2.046999931335449,1.2230000495910645,92.9000015258789,9.869999885559082,2601.419921875,22495.990234375,1293.800048828125,58.11000061035156
2017-11-28,2.3380000591278076,2.068000078201294,1.2649999856948853,93.26000213623047,10.029999732971191,2627.0400390625,22486.240234375,1294.699951171875,57.9900016784668
2017-11-29,2.375999927520752,2.0929999351501465,1.2580000162124634,93.26000213623047,10.699999809265137,2626.070068359375,22597.19921875,1282.0999755859375,57.29999923706055
2017-11-30,2.4170000553131104,2.1440000534057617,1.2380000352859497,93.01000213623047,11.279999732971191,2647.580078125,22724.9609375,1273.199951171875,57.400001525878906
2017-12-01,2.361999988555908,2.118000030517578,1.2350000143051147,92.9000015258789,11.430000305175781,2642.219970703125,22819.029296875,1278.800048828125,58.36000061035156
2017-12-04,2.378999948501587,2.1480000019073486,1.2450000047683716,93.19000244140625,11.680000305175781,2639.43994140625,22707.16015625,1274.300048828125,57.470001220703125
2017-12-05,2.3559999465942383,2.1510000228881836,1.2829999923706055,93.37999725341797,11.329999923706055,2629.570068359375,22622.380859375,1261.5999755859375,57.619998931884766
2017-12-06,2.3299999237060547,2.119999885559082,1.2630000114440918,93.61000061035156,11.020000457763672,2629.27001953125,22177.0390625,1262.800048828125,55.959999084472656
2017-12-07,2.375999927520752,2.1459999084472656,1.2599999904632568,93.80000305175781,10.15999984741211,2636.97998046875,22498.029296875,1249.800048828125,56.689998626708984
2017-12-08,2.382999897003174,2.1449999809265137,1.253000020980835,93.9000015258789,9.579999923706055,2651.5,22811.080078125,1245.199951171875,57.36000061035156
2017-12-11,2.384999990463257,2.1570000648498535,1.2630000114440918,93.87000274658203,9.34000015258789,2659.989990234375,22938.73046875,1243.699951171875,57.9900016784668
2017-12-12,2.4030001163482666,2.171999931335449,1.309999942779541,94.0999984741211,9.920000076293945,2664.110107421875,22866.169921875,1238.5,57.13999938964844
2017-12-13,2.3489999771118164,2.109999895095825,1.2730000019073486,93.43000030517578,10.180000305175781,2662.85009765625,22758.0703125,1245.4000244140625,56.599998474121094
2017-12-14,2.3459999561309814,2.128000020980835,1.2829999923706055,93.48999786376953,10.489999771118164,2652.010009765625,22694.44921875,1253.800048828125,57.040000915527344
2017-12-15,2.3550000190734863,2.1570000648498535,1.284999966621399,93.93000030517578,9.420000076293945,2675.81005859375,22553.220703125,1254.300048828125,57.29999923706055
2017-12-18,2.3919999599456787,2.1670000553131104,1.315000057220459,93.69999694824219,9.529999732971191,2690.159912109375,22901.76953125,1262.199951171875,57.15999984741211
2017-12-19,2.4630000591278076,2.2200000286102295,1.3530000448226929,93.47000122070312,10.029999732971191,2681.469970703125,22868.0,1260.699951171875,57.459999084472656
2017-12-20,2.496999979019165,2.242000102996826,1.350000023841858,93.3499984741211,9.720000267028809,2679.25,22891.720703125,1266.0999755859375,58.09000015258789
2017-12-21,2.4809999465942383,2.244999885559082,1.3200000524520874,93.27999877929688,9.619999885559082,2684.570068359375,22866.099609375,1267.300048828125,58.36000061035156
2017-12-22,2.484999895095825,2.250999927520752,1.2979999780654907,93.3499984741211,9.899999618530273,2683.340087890625,22902.759765625,1275.4000244140625,58.470001220703125
2017-12-25,,,,,,,22939.1796875,,
2017-12-26,2.4670000076293945,2.236999988555908,1.3029999732971191,93.26000213623047,10.25,2680.5,22892.689453125,1284.0999755859375,59.970001220703125
2017-12-27,2.4140000343322754,2.1989998817443848,1.4079999923706055,93.02999877929688,10.470000267028809,2682.6201171875,22911.2109375,1287.0,59.63999938964844
2017-12-28,2.431999921798706,2.2339999675750732,1.3700000047683716,92.5999984741211,10.180000305175781,2687.5400390625,22783.98046875,1294.0999755859375,59.84000015258789
2017-12-29,2.4049999713897705,2.2060000896453857,1.3550000190734863,92.12000274658203,11.039999961853027,2673.610107421875,22764.939453125,1306.300048828125,60.41999816894531
2018-01-02,2.4649999141693115,2.25,1.378000020980835,91.8499984741211,9.770000457763672,2695.81005859375,,1313.699951171875,60.369998931884766
2018-01-03,2.447000026702881,2.246999979019165,1.3700000047683716,92.16000366210938,9.149999618530273,2713.06005859375,,1316.199951171875,61.630001068115234
2018-01-04,2.453000068664551,2.2679998874664307,1.3700000047683716,91.8499984741211,9.220000267028809,2723.989990234375,23506.330078125,1319.4000244140625,62.0099983215332
2018-01-05,2.4760000705718994,2.2850000858306885,1.3700000047683716,91.94999694824219,9.220000267028809,2743.14990234375,23714.529296875,1320.300048828125,61.439998626708984
2018-01-08,2.4800000190734863,2.2850000858306885,1.3799999952316284,92.33000183105469,9.520000457763672,2747.7099609375,,1318.5999755859375,61.72999954223633
2018-01-09,2.5460000038146973,2.3239998817443848,1.4149999618530273,92.52999877929688,10.079999923706055,2751.2900390625,23849.990234375,1311.699951171875,62.959999084472656
2018-01-10,2.549999952316284,2.328000068664551,1.3949999809265137,92.33000183105469,9.819999694824219,2748.22998046875,23788.19921875,1317.4000244140625,63.56999969482422
2018-01-11,2.5309998989105225,2.313999891281128,1.402999997138977,91.8499984741211,9.880000114440918,2767.56005859375,23710.4296875,1320.5999755859375,63.79999923706055
2018-01-12,2.552000045776367,2.3469998836517334,1.409999966621399,90.97000122070312,10.15999984741211,2786.239990234375,23653.8203125,1333.4000244140625,64.30000305175781
2018-01-15,,,,,,,23714.880859375,,
2018-01-16,2.5439999103546143,2.3550000190734863,1.3949999809265137,90.38999938964844,11.65999984741211,2776.419921875,23951.810546875,1335.4000244140625,63.72999954223633
2018-01-17,2.578000068664551,2.3940000534057617,1.4149999618530273,90.54000091552734,11.90999984741211,2802.56005859375,23868.33984375,1338.0,63.970001220703125
2018-01-18,2.6110000610351562,2.4100000858306885,1.4049999713897705,90.5,12.220000267028809,2798.030029296875,23763.369140625,1326.0,63.95000076293945
2018-01-19,2.63700008392334,2.436000108718872,1.402999997138977,90.56999969482422,11.270000457763672,2810.300048828125,23808.060546875,1331.9000244140625,63.369998931884766
2018-01-22,2.6649999618530273,2.4609999656677246,1.3899999856948853,90.4000015258789,11.029999732971191,2832.969970703125,23816.330078125,1330.9000244140625,63.4900016784668
2018-01-23,2.624000072479248,2.4210000038146973,1.4129999876022339,90.12000274658203,11.100000381469727,2839.1298828125,24124.150390625,1335.699951171875,64.47000122070312
2018-01-24,2.6540000438690186,2.440999984741211,1.409999966621399,89.20999908447266,11.470000267028809,2837.5400390625,23940.779296875,1355.9000244140625,65.61000061035156
2018-01-25,2.621000051498413,2.4200000762939453,1.3930000066757202,89.38999938964844,11.579999923706055,2839.25,23669.490234375,1362.4000244140625,65.51000213623047
2018-01-26,2.6619999408721924,2.4700000286102295,1.3880000114440918,89.06999969482422,11.079999923706055,2872.8701171875,23631.880859375,1351.5999755859375,66.13999938964844
2018-01-29,2.6989998817443848,2.494999885559082,1.375,89.30999755859375,13.84000015258789,2853.530029296875,23629.33984375,,65.55999755859375
2018-01-30,2.7260000705718994,2.506999969482422,1.4249999523162842,89.19000244140625,14.789999961853027,2822.429931640625,23291.970703125,1335.4000244140625,64.5
2018-01-31,2.7200000286102295,2.5239999294281006,1.4299999475479126,89.12999725341797,13.539999961853027,2823.81005859375,23098.2890625,1339.0,64.7300033569336
2018-02-01,2.7730000019073486,2.559000015258789,1.4529999494552612,88.66999816894531,13.470000267028809,2821.97998046875,23486.109375,1344.300048828125,65.80000305175781
2018-02-02,2.8540000915527344,2.5989999771118164,1.4500000476837158,89.19999694824219,17.309999465942383,2762.1298828125,23274.529296875,1333.699951171875,65.44999694824219
2018-02-05,2.7939999103546143,2.5209999084472656,1.4579999446868896,89.55000305175781,37.31999969482422,2648.93994140625,22682.080078125,1333.0,64.1500015258789
2018-02-06,2.7679998874664307,2.507999897003174,1.4880000352859497,89.58999633789062,29.979999542236328,2695.139892578125,21610.240234375,1326.0999755859375,63.38999938964844
2018-02-07,2.8440001010894775,2.565000057220459,1.5149999856948853,90.26000213623047,27.729999542236328,2681.659912109375,21645.369140625,1311.5999755859375,61.790000915527344
2018-02-08,2.8510000705718994,2.568000078201294,1.5149999856948853,90.2300033569336,33.459999084472656,2581.0,21890.859375,1316.9000244140625,61.150001525878906
2018-02-09,2.8289999961853027,2.5160000324249268,1.524999976158142,90.44000244140625,29.059999465942383,2619.550048828125,21382.619140625,1313.0999755859375,59.20000076293945
2018-02-12,2.8570001125335693,2.555000066757202,1.534999966621399,90.20999908447266,25.610000610351562,2656.0,,1324.199951171875,59.290000915527344
2018-02-13,2.8399999141693115,2.5490000247955322,1.5700000524520874,89.69999694824219,24.969999313354492,2662.93994140625,21244.6796875,1328.0999755859375,59.189998626708984
2018-02-14,2.9130001068115234,2.640000104904175,1.5499999523162842,89.12000274658203,19.260000228881836,2698.6298828125,21154.169921875,1355.5,60.599998474121094
2018-02-15,2.8910000324249268,2.634999990463257,1.559999942779541,88.58999633789062,19.1299991607666,2731.199951171875,21464.98046875,1352.0999755859375,61.34000015258789
2018-02-16,2.877000093460083,2.625999927520752,1.5700000524520874,89.0999984741211,19.459999084472656,2732.219970703125,21720.25,1353.199951171875,61.68000030517578
2018-02-19,,,,,,,22149.2109375,,
2018-02-20,2.8929998874664307,2.6480000019073486,1.5729999542236328,89.72000122070312,20.600000381469727,2716.260009765625,21925.099609375,1328.800048828125,61.900001525878906
2018-02-21,2.943000078201294,2.678999900817871,1.6080000400543213,90.08000183105469,20.020000457763672,2701.330078125,21970.810546875,1330.0,61.68000030517578
2018-02-22,2.9170000553131104,2.6519999504089355,1.6050000190734863,89.75,18.719999313354492,2703.9599609375,21736.439453125,1330.5999755859375,62.77000045776367
2018-02-23,2.871000051498413,2.618000030517578,1.6050000190734863,89.87999725341797,16.489999771118164,2747.300048828125,21892.779296875,1328.199951171875,63.54999923706055
2018-02-26,2.8589999675750732,2.6070001125335693,1.6080000400543213,89.81999969482422,15.800000190734863,2779.60009765625,22153.630859375,1330.699951171875,63.90999984741211
2018-02-27,2.9079999923706055,2.6689999103546143,1.6349999904632568,90.36000061035156,18.59000015258789,2744.280029296875,22389.859375,1315.5,63.0099983215332
2018-02-28,2.868000030517578,2.6500000953674316,1.6180000305175781,90.61000061035156,19.850000381469727,2713.830078125,22068.240234375,1315.5,61.63999938964844
2018-03-01,2.803999900817871,2.575000047683716,1.590000033378601,90.31999969482422,22.469999313354492,2677.669921875,21724.470703125,1302.9000244140625,60.9900016784668
2018-03-02,2.8570001125335693,2.622999906539917,1.6050000190734863,89.94000244140625,19.59000015258789,2691.25,21181.640625,1321.0999755859375,61.25
2018-03-05,2.88100004196167,2.6440000534057617,1.625,90.08000183105469,18.729999542236328,2720.93994140625,21042.08984375,1318.0999755859375,62.56999969482422
2018-03-06,2.877000093460083,2.6449999809265137,1.6430000066757202,89.62000274658203,18.360000610351562,2728.1201171875,21417.759765625,1333.5999755859375,62.599998474121094
2018-03-07,2.882999897003174,2.6489999294281006,1.649999976158142,89.63999938964844,17.760000228881836,2726.800048828125,21252.720703125,1326.0,61.150001525878906
2018-03-08,2.865999937057495,2.632999897003174,1.6349999904632568,90.12000274658203,16.540000915527344,2738.969970703125,21368.0703125,1319.9000244140625,60.119998931884766
2018-03-09,2.8940000534057617,2.6540000438690186,1.6349999904632568,90.08999633789062,14.640000343322754,2786.570068359375,21469.19921875,1322.4000244140625,62.040000915527344
2018-03-12,2.869999885559082,2.634999990463257,1.6430000066757202,89.9000015258789,15.779999732971191,2783.02001953125,21824.029296875,1319.4000244140625,61.36000061035156
2018-03-13,2.8480000495910645,2.630000114440918,1.690000057220459,89.66000366210938,16.350000381469727,2765.31005859375,21968.099609375,1325.9000244140625,60.709999084472656
2018-03-14,2.816999912261963,2.6059999465942383,1.718000054359436,89.69999694824219,17.229999542236328,2749.47998046875,21777.2890625,1324.4000244140625,60.959999084472656
2018-03-15,2.8259999752044678,2.621999979019165,1.7330000400543213,90.13999938964844,16.59000015258789,2747.330078125,21803.94921875,1316.800048828125,61.189998626708984
2018-03-16,2.8480000495910645,2.6449999809265137,1.7380000352859497,90.2300033569336,15.800000190734863,2752.010009765625,21676.509765625,1311.300048828125,62.34000015258789
2018-03-19,2.8450000286102295,2.6419999599456787,1.7280000448226929,89.9000015258789,19.020000457763672,2712.919921875,21480.900390625,1316.800048828125,62.060001373291016
2018-03-20,2.878999948501587,2.680999994277954,1.7580000162124634,90.37000274658203,18.200000762939453,2716.93994140625,21380.970703125,1311.0999755859375,63.400001525878906
2018-03-21,2.9070000648498535,2.697999954223633,1.7100000381469727,89.77999877929688,17.860000610351562,2711.929931640625,,1320.699951171875,65.16999816894531
2018-03-22,2.8320000171661377,2.631999969482422,1.6829999685287476,89.86000061035156,23.34000015258789,2643.68994140625,21591.990234375,1326.5999755859375,64.30000305175781
2018-03-23,2.8299999237060547,2.6110000610351562,1.687999963760376,89.44000244140625,24.8700008392334,2588.260009765625,20617.859375,1349.300048828125,65.87999725341797
2018-03-26,2.8429999351501465,2.634999990463257,1.7050000429153442,89.02999877929688,21.030000686645508,2658.550048828125,20766.099609375,1354.4000244140625,65.55000305175781
2018-03-27,2.7860000133514404,2.5789999961853027,1.7330000400543213,89.37000274658203,22.5,2612.6201171875,21317.3203125,1341.300048828125,65.25
2018-03-28,2.7750000953674316,2.5889999866485596,1.6950000524520874,90.05999755859375,22.8700008392334,2605.0,21031.310546875,1324.199951171875,64.37999725341797
2018-03-29,2.740999937057495,2.562000036239624,1.6699999570846558,90.1500015258789,19.969999313354492,2640.8701171875,21159.080078125,1322.800048828125,64.94000244140625
2018-03-30,,,,,,,21454.30078125,,
2018-04-02,2.7320001125335693,2.5490000247955322,1.6829999685287476,90.05000305175781,23.6200008392334,2581.8798828125,21388.580078125,1342.0999755859375,63.0099983215332
2018-04-03,2.7839999198913574,2.6040000915527344,1.7130000591278076,90.19999694824219,21.100000381469727,2614.449951171875,21292.2890625,1332.800048828125,63.5099983215332
2018-04-04,2.7880001068115234,2.6059999465942383,1.6679999828338623,90.13999938964844,20.059999465942383,2644.68994140625,21319.55078125,1335.800048828125,63.369998931884766
2018-04-05,2.8320000171661377,2.640000104904175,1.6749999523162842,90.45999908447266,18.940000534057617,2662.840087890625,21645.419921875,1324.300048828125,63.540000915527344
2018-04-06,2.7750000953674316,2.5889999866485596,1.6799999475479126,90.11000061035156,21.489999771118164,2604.469970703125,21567.51953125,1331.9000244140625,62.060001373291016
2018-04-09,2.7860000133514404,2.6010000705718994,1.6749999523162842,89.83999633789062,21.770000457763672,2613.159912109375,21678.259765625,1336.300048828125,63.41999816894531
2018-04-10,2.796999931335449,2.625,1.6950000524520874,89.58999633789062,20.469999313354492,2656.8701171875,21794.3203125,1342.0,65.51000213623047
2018-04-11,2.7899999618530273,2.619999885559082,1.6929999589920044,89.56999969482422,20.239999771118164,2642.18994140625,21687.099609375,1356.5,66.81999969482422
2018-04-12,2.8340001106262207,2.6710000038146973,1.7050000429153442,89.75,18.489999771118164,2663.989990234375,21660.279296875,1338.4000244140625,67.06999969482422
2018-04-13,2.8289999961853027,2.6760001182556152,1.718000054359436,89.80000305175781,17.40999984741211,2656.300048828125,21778.740234375,1344.800048828125,67.38999938964844
2018-04-16,2.8320000171661377,2.683000087738037,1.7130000591278076,89.43000030517578,16.559999465942383,2677.840087890625,21835.529296875,1347.5,66.22000122070312
2018-04-17,2.813999891281128,2.677999973297119,1.7549999952316284,89.5199966430664,15.25,2706.389892578125,21847.58984375,1347.199951171875,66.5199966430664
2018-04-18,2.867000102996826,2.7309999465942383,1.7699999809265137,89.62000274658203,15.600000381469727,2708.639892578125,22158.19921875,1351.199951171875,68.47000122070312
2018-04-19,2.9140000343322754,2.759999990463257,1.7829999923706055,89.94000244140625,15.960000038146973,2693.1298828125,22191.1796875,1346.800048828125,68.29000091552734
2018-04-20,2.9509999752044678,2.7929999828338623,1.7649999856948853,90.31999969482422,16.8799991607666,2670.139892578125,22162.240234375,1336.699951171875,68.37999725341797
2018-04-23,2.9730000495910645,2.819000005722046,1.7829999923706055,90.94000244140625,16.34000015258789,2670.2900390625,22088.0390625,1322.5,68.63999938964844
2018-04-24,2.9830000400543213,2.811000108718872,1.8229999542236328,90.7699966430664,18.020000457763672,2634.56005859375,22278.119140625,1331.4000244140625,67.69999694824219
2018-04-25,3.0239999294281006,2.8350000381469727,1.815000057220459,91.16999816894531,17.84000015258789,2639.39990234375,22215.3203125,1321.199951171875,68.05000305175781
2018-04-26,2.990000009536743,2.819000005722046,1.784999966621399,91.55999755859375,16.239999771118164,2666.93994140625,22319.609375,1316.300048828125,68.19000244140625
2018-04-27,2.9570000171661377,2.8010001182556152,1.7699999809265137,91.54000091552734,15.40999984741211,2669.909912109375,22467.869140625,1320.300048828125,68.0999984741211
2018-04-30,2.936000108718872,2.7890000343322754,1.7630000114440918,91.83999633789062,15.930000305175781,2648.050048828125,,1316.199951171875,68.56999969482422
2018-05-01,2.9760000705718994,2.821000099182129,1.809999942779541,92.44999694824219,15.489999771118164,2654.800048828125,22508.029296875,1303.800048828125,67.25
2018-05-02,2.9639999866485596,2.802000045776367,1.784999966621399,92.51000213623047,15.970000267028809,2635.669921875,22472.779296875,1302.5999755859375,67.93000030517578
2018-05-03,2.946000099182129,2.7820000648498535,1.7879999876022339,92.41000366210938,15.899999618530273,2629.72998046875,,1310.699951171875,68.43000030517578
2018-05-04,2.944000005722046,2.7799999713897705,1.7929999828338623,92.56999969482422,14.770000457763672,2663.419921875,,1312.699951171875,69.72000122070312
2018-05-07,2.950000047683716,2.7839999198913574,1.7929999828338623,92.75,14.75,2672.6298828125,22467.16015625,1312.199951171875,70.7300033569336
2018-05-08,2.9690001010894775,2.808000087738037,1.8350000381469727,93.12000274658203,14.710000038146973,2671.919921875,22508.689453125,1312.0,69.05999755859375
2018-05-09,3.003999948501587,2.8380000591278076,1.8450000286102295,93.04000091552734,13.420000076293945,2697.7900390625,22408.880859375,1311.300048828125,71.13999938964844
2018-05-10,2.9709999561309814,2.8329999446868896,1.8450000286102295,92.6500015258789,13.229999542236328,2723.070068359375,22497.1796875,1320.800048828125,71.36000061035156
2018-05-11,2.9709999561309814,2.8380000591278076,1.8600000143051147,92.54000091552734,12.649999618530273,2727.719970703125,22758.48046875,1319.0,70.69999694824219
2018-05-14,2.994999885559082,2.8519999980926514,1.8550000190734863,92.58999633789062,12.930000305175781,2730.1298828125,22865.859375,1316.5,70.95999908447266
2018-05-15,3.0799999237060547,2.924999952316284,1.875,93.22000122070312,14.630000114440918,2711.449951171875,22818.01953125,1288.9000244140625,71.30999755859375
2018-05-16,3.0950000286102295,2.934000015258789,1.8650000095367432,93.38999938964844,13.420000076293945,2722.4599609375,22717.23046875,1290.199951171875,71.48999786376953
2018-05-17,3.1089999675750732,2.931999921798706,1.8630000352859497,93.47000122070312,13.430000305175781,2720.1298828125,22838.369140625,1288.199951171875,71.48999786376953
2018-05-18,3.066999912261963,2.8919999599456787,1.8550000190734863,93.63999938964844,13.420000076293945,2712.969970703125,22930.359375,1290.199951171875,71.27999877929688
2018-05-21,3.065000057220459,2.8980000019073486,1.8630000352859497,93.68000030517578,13.079999923706055,2733.010009765625,23002.369140625,1290.199951171875,72.23999786376953
2018-05-22,3.065000057220459,2.8989999294281006,1.8930000066757202,93.61000061035156,13.220000267028809,2724.43994140625,22960.33984375,1291.699951171875,72.12999725341797
2018-05-23,3.003000020980835,2.8299999237060547,1.8730000257492065,94.01000213623047,12.579999923706055,2733.2900390625,22689.740234375,1289.300048828125,71.83999633789062
2018-05-24,2.9809999465942383,2.815999984741211,1.8600000143051147,93.77999877929688,12.529999732971191,2727.760009765625,22437.009765625,1303.699951171875,70.70999908447266
2018-05-25,2.930999994277954,2.7639999389648438,1.8530000448226929,94.19000244140625,13.220000267028809,2721.330078125,22450.7890625,1303.300048828125,67.87999725341797
2018-05-28,,,,,,,22481.08984375,,
2018-05-29,2.7679998874664307,2.5759999752044678,1.840000033378601,94.83000183105469,17.020000457763672,2689.860107421875,22358.4296875,1298.699951171875,66.7300033569336
2018-05-30,2.8420000076293945,2.6730000972747803,1.878000020980835,94.1500015258789,14.9399995803833,2724.010009765625,22018.51953125,1301.5,68.20999908447266
2018-05-31,2.822000026702881,2.6640000343322754,1.8700000047683716,93.98999786376953,15.430000305175781,2705.27001953125,22201.8203125,1300.0999755859375,67.04000091552734
2018-06-01,2.8949999809265137,2.73799991607666,1.8680000305175781,94.19000244140625,13.460000038146973,2734.6201171875,22171.349609375,1294.800048828125,65.80999755859375
2018-06-04,2.937000036239624,2.7850000858306885,1.8650000095367432,94.0199966430664,12.739999771118164,2746.8701171875,22475.939453125,1293.0999755859375,64.75
2018-06-05,2.9189999103546143,2.76200008392334,1.902999997138977,93.88999938964844,12.399999618530273,2748.800048828125,22539.5390625,1297.5,65.5199966430664
2018-06-06,2.9749999046325684,2.812999963760376,1.899999976158142,93.66000366210938,11.640000343322754,2772.35009765625,22625.73046875,1297.0999755859375,64.7300033569336
2018-06-07,2.933000087738037,2.7769999504089355,1.8849999904632568,93.4000015258789,12.130000114440918,2770.3701171875,22823.259765625,1298.699951171875,65.94999694824219
2018-06-08,2.937000036239624,2.7750000953674316,1.8799999952316284,93.55000305175781,12.180000305175781,2779.030029296875,22694.5,1298.0999755859375,65.73999786376953
2018-06-11,2.9570000171661377,2.802000045776367,1.8680000305175781,93.58000183105469,12.350000381469727,2782.0,22804.0390625,1298.9000244140625,66.0999984741211
2018-06-12,2.9570000171661377,2.808000087738037,1.8880000114440918,93.80000305175781,12.34000015258789,2786.85009765625,22878.349609375,1295.0999755859375,66.36000061035156
2018-06-13,2.9769999980926514,2.8399999141693115,1.8949999809265137,93.70999908447266,12.9399995803833,2775.6298828125,22966.380859375,1296.9000244140625,66.63999938964844
2018-06-14,2.946000099182129,2.815999984741211,1.8830000162124634,94.7699966430664,12.119999885559082,2782.489990234375,22738.609375,1304.0,66.88999938964844
2018-06-15,2.9240000247955322,2.7990000247955322,1.8880000114440918,94.79000091552734,11.979999542236328,2779.659912109375,22851.75,1274.5999755859375,65.05999755859375
2018-06-18,2.9260001182556152,2.7990000247955322,1.8830000162124634,94.75,12.3100004196167,2773.75,22680.330078125,1276.199951171875,65.8499984741211
2018-06-19,2.8929998874664307,2.7669999599456787,1.8980000019073486,95.08999633789062,13.350000381469727,2762.590087890625,22278.48046875,1275.5999755859375,65.06999969482422
2018-06-20,2.927999973297119,2.7960000038146973,1.8880000114440918,95.05999755859375,12.789999961853027,2767.320068359375,22555.4296875,1271.199951171875,66.22000122070312
2018-06-21,2.8970000743865967,2.7669999599456787,1.8899999856948853,94.87000274658203,14.640000343322754,2749.760009765625,22693.0390625,1267.199951171875,65.54000091552734
2018-06-22,2.9000000953674316,2.7739999294281006,1.8700000047683716,94.5199966430664,13.770000457763672,2754.8798828125,22516.830078125,1267.4000244140625,68.58000183105469
2018-06-25,2.875,2.743000030517578,1.8530000448226929,94.27999877929688,17.329999923706055,2717.070068359375,22338.150390625,1265.5999755859375,68.08000183105469
2018-06-26,2.880000114440918,2.747999906539917,1.8930000066757202,94.68000030517578,15.920000076293945,2723.06005859375,22342.0,1256.5999755859375,70.52999877929688
2018-06-27,2.8269999027252197,2.697000026702881,1.8799999952316284,95.29000091552734,17.90999984741211,2699.6298828125,22271.76953125,1252.800048828125,72.76000213623047
2018-06-28,2.8469998836517334,2.7260000705718994,1.8799999952316284,95.38999938964844,16.850000381469727,2716.31005859375,22270.390625,1247.800048828125,73.44999694824219
2018-06-29,2.8489999771118164,2.7309999465942383,1.8799999952316284,94.62999725341797,16.09000015258789,2718.3701171875,22304.509765625,1251.300048828125,74.1500015258789
2018-07-02,2.865999937057495,2.753000020980835,1.8949999809265137,94.87000274658203,15.600000381469727,2726.7099609375,21811.9296875,1239.800048828125,73.94000244140625
2018-07-03,2.8380000591278076,2.7300000190734863,1.9329999685287476,94.58999633789062,16.139999389648438,2713.219970703125,21785.5390625,1251.5999755859375,74.13999938964844
2018-07-04,,,,,,,21717.0390625,,
2018-07-05,2.8399999141693115,2.740999937057495,1.909999966621399,94.47000122070312,14.970000267028809,2736.610107421875,21546.990234375,1257.300048828125,72.94000244140625
2018-07-06,2.8310000896453857,2.7230000495910645,1.9049999713897705,94.04000091552734,13.369999885559082,2759.820068359375,21788.140625,1254.300048828125,73.80000305175781
2018-07-09,2.859999895095825,2.752000093460083,1.9149999618530273,94.08000183105469,12.6899995803833,2784.169921875,22052.1796875,1258.0999755859375,73.8499984741211
2018-07-10,2.872999906539917,2.7720000743865967,1.934999942779541,94.11000061035156,12.640000343322754,2793.840087890625,22196.890625,1253.800048828125,74.11000061035156
2018-07-11,2.8420000076293945,2.740000009536743,1.9199999570846558,94.72000122070312,13.630000114440918,2774.02001953125,21932.2109375,1242.800048828125,70.37999725341797
2018-07-12,2.8529999256134033,2.755000114440918,1.9279999732971191,94.80999755859375,12.579999923706055,2798.2900390625,22187.9609375,1245.0,70.33000183105469
2018-07-13,2.8310000896453857,2.7269999980926514,1.9279999732971191,94.75,12.180000305175781,2801.31005859375,22597.349609375,1239.5999755859375,71.01000213623047
2018-07-16,2.8580000400543213,2.753999948501587,1.937999963760376,94.51000213623047,12.829999923706055,2798.429931640625,22597.349609375,1238.0999755859375,68.05999755859375
2018-07-17,2.864000082015991,2.763000011444092,1.975000023841858,94.97000122070312,12.0600004196167,2809.550048828125,22697.359375,1225.699951171875,68.08000183105469
2018-07-18,2.875,2.7679998874664307,1.9600000381469727,95.08000183105469,12.100000381469727,2815.6201171875,22794.189453125,1226.300048828125,68.76000213623047
2018-07-19,2.8469998836517334,2.740000009536743,1.9479999542236328,95.16999816894531,12.869999885559082,2804.489990234375,22764.6796875,1222.4000244140625,69.45999908447266
2018-07-20,2.8949999809265137,2.7679998874664307,1.9329999685287476,94.45999908447266,12.859999656677246,2801.830078125,22697.880859375,1229.5,70.45999908447266
2018-07-23,2.9649999141693115,2.828000068664551,1.9199999570846558,94.66999816894531,12.619999885559082,2806.97998046875,22396.990234375,1224.0,67.88999938964844
2018-07-24,2.9489998817443848,2.818000078201294,1.9600000381469727,94.61000061035156,12.40999984741211,2820.39990234375,22510.48046875,1223.9000244140625,68.5199966430664
2018-07-25,2.936000108718872,2.813999891281128,1.9529999494552612,94.36000061035156,12.289999961853027,2846.070068359375,22614.25,1231.4000244140625,69.30000305175781
2018-07-26,2.9749999046325684,2.8580000400543213,1.9450000524520874,94.75,12.140000343322754,2837.43994140625,22586.869140625,1225.300048828125,69.61000061035156
2018-07-27,2.9600000381469727,2.8459999561309814,1.9450000524520874,94.68000030517578,13.029999732971191,2818.820068359375,22712.75,1222.5999755859375,68.69000244140625
2018-07-30,2.9749999046325684,2.8499999046325684,1.9450000524520874,94.36000061035156,14.260000228881836,2802.60009765625,22544.83984375,1221.300048828125,70.12999725341797
2018-07-31,2.9639999866485596,2.8480000495910645,1.9850000143051147,94.48999786376953,12.829999923706055,2816.2900390625,22553.720703125,1223.699951171875,68.76000213623047
2018-08-01,3.003000020980835,2.875,1.9780000448226929,94.62000274658203,13.149999618530273,2813.360107421875,22746.69921875,1217.9000244140625,67.66000366210938
2018-08-02,2.9860000610351562,2.8529999256134033,1.965000033378601,95.16999816894531,12.1899995803833,2827.219970703125,22512.529296875,1210.5999755859375,68.95999908447266
2018-08-03,2.953000068664551,2.815999984741211,1.9600000381469727,95.13999938964844,11.640000343322754,2840.35009765625,22525.1796875,1214.199951171875,68.48999786376953
2018-08-06,2.937999963760376,2.805999994277954,1.968000054359436,95.36000061035156,11.270000457763672,2850.39990234375,22507.3203125,1208.5999755859375,69.01000213623047
2018-08-07,2.9730000495910645,2.8410000801086426,2.007999897003174,95.22000122070312,10.930000305175781,2858.449951171875,22662.740234375,1209.5999755859375,69.16999816894531
2018-08-08,2.9709999561309814,2.8380000591278076,2.007999897003174,95.0999984741211,10.850000381469727,2857.699951171875,22644.310546875,1212.5999755859375,66.94000244140625
2018-08-09,2.934999942779541,2.812999963760376,2.005000114440918,95.5,11.270000457763672,2853.580078125,22598.390625,1211.9000244140625,66.80999755859375
2018-08-10,2.8570001125335693,2.7300000190734863,2.0,96.36000061035156,13.15999984741211,2833.280029296875,22298.080078125,1211.0999755859375,67.62999725341797
2018-08-13,2.877000093460083,2.746999979019165,1.9950000047683716,96.38999938964844,14.779999732971191,2821.929931640625,21857.4296875,1191.300048828125,67.19999694824219
2018-08-14,2.8949999809265137,2.7669999599456787,2.0329999923706055,96.7300033569336,13.3100004196167,2839.9599609375,22356.080078125,1193.0,67.04000091552734
2018-08-15,2.8519999980926514,2.7239999771118164,2.0199999809265137,96.69999694824219,14.640000343322754,2818.3701171875,22204.220703125,1177.5,65.01000213623047
2018-08-16,2.871000051498413,2.747999906539917,2.015000104904175,96.6500015258789,13.449999809265137,2840.68994140625,22192.0390625,1176.199951171875,65.45999908447266
2018-08-17,2.872999906539917,2.752000093460083,1.9950000047683716,96.0999984741211,12.640000343322754,2850.1298828125,22270.380859375,1176.5,65.91000366210938
2018-08-20,2.822999954223633,2.7019999027252197,1.9930000305175781,95.9000015258789,12.489999771118164,2857.050048828125,22199.0,1186.800048828125,66.43000030517578
2018-08-21,2.8440001010894775,2.7260000705718994,2.0350000858306885,95.26000213623047,12.859999656677246,2862.9599609375,22219.73046875,1192.5999755859375,67.3499984741211
2018-08-22,2.822999954223633,2.7060000896453857,2.0350000858306885,95.1500015258789,12.25,2861.820068359375,22362.55078125,1196.300048828125,67.86000061035156
2018-08-23,2.821000099182129,2.7139999866485596,2.0329999923706055,95.62000274658203,12.40999984741211,2856.97998046875,22410.8203125,1187.0,67.83000183105469
2018-08-24,2.8259999752044678,2.7239999771118164,2.0480000972747803,95.1500015258789,11.989999771118164,2874.68994140625,22601.76953125,1206.300048828125,68.72000122070312
2018-08-27,2.8480000495910645,2.744999885559082,2.059999942779541,94.77999877929688,12.15999984741211,2896.739990234375,22799.640625,1209.0,68.87000274658203
2018-08-28,2.884000062942505,2.7739999294281006,2.078000068664551,94.72000122070312,12.5,2897.52001953125,22813.470703125,1207.4000244140625,68.52999877929688
2018-08-29,2.884000062942505,2.7799999713897705,2.0799999237060547,94.5999984741211,12.25,2914.0400390625,22848.220703125,1204.5,69.51000213623047
2018-08-30,2.859999895095825,2.755000114440918,2.058000087738037,94.72000122070312,13.529999732971191,2901.1298828125,22869.5,1197.699951171875,70.25
2018-08-31,2.8529999256134033,2.734999895095825,2.055000066757202,95.13999938964844,12.859999656677246,2901.52001953125,22865.150390625,1200.300048828125,69.80000305175781
2018-09-03,,,,,,,22707.380859375,,
2018-09-04,2.9019999504089355,2.7750000953674316,2.068000078201294,95.41999816894531,13.15999984741211,2896.719970703125,22696.900390625,1192.699951171875,69.87000274658203
2018-09-05,2.9019999504089355,2.7699999809265137,2.0899999141693115,95.12999725341797,13.90999984741211,2888.60009765625,22580.830078125,1194.9000244140625,68.72000122070312
2018-09-06,2.878999948501587,2.747999906539917,2.0799999237060547,95.0199966430664,14.649999618530273,2878.050048828125,22487.939453125,1197.9000244140625,67.7699966430664
2018-09-07,2.941999912261963,2.822999954223633,2.0880000591278076,95.37000274658203,14.880000114440918,2871.679931640625,22307.060546875,1193.5999755859375,67.75
2018-09-10,2.937000036239624,2.828000068664551,2.0829999446868896,95.1500015258789,14.15999984741211,2877.1298828125,22373.08984375,1193.0,67.54000091552734
2018-09-11,2.9769999980926514,2.86899995803833,2.1080000400543213,95.05999755859375,13.220000267028809,2887.889892578125,22664.689453125,1195.4000244140625,69.25
2018-09-12,2.9630000591278076,2.859999895095825,2.1050000190734863,94.80000305175781,13.140000343322754,2888.919921875,22604.609375,1204.699951171875,70.37000274658203
2018-09-13,2.9630000591278076,2.865999937057495,2.0929999351501465,94.54000091552734,12.369999885559082,2904.179931640625,22821.3203125,1202.0,68.58999633789062
2018-09-14,2.99399995803833,2.8980000019073486,2.1029999256134033,94.9800033569336,12.069999694824219,2904.97998046875,23094.669921875,1195.0,68.98999786376953
2018-09-17,3.000999927520752,2.9019999504089355,2.1080000400543213,94.51000213623047,13.680000305175781,2888.800048828125,,1199.699951171875,68.91000366210938
2018-09-18,3.0480000972747803,2.936000108718872,2.125,94.62000274658203,12.789999961853027,2904.31005859375,23420.5390625,1196.800048828125,69.8499984741211
2018-09-19,3.0829999446868896,2.9600000381469727,2.119999885559082,94.55000305175781,11.75,2907.949951171875,23672.51953125,1202.199951171875,71.12000274658203
2018-09-20,3.078000068664551,2.9619998931884766,2.118000030517578,93.91000366210938,11.800000190734863,2930.75,23674.9296875,1206.199951171875,70.80000305175781
2018-09-21,3.068000078201294,2.9539999961853027,2.122999906539917,94.22000122070312,11.680000305175781,2929.669921875,23869.9296875,1196.199951171875,70.77999877929688
2018-09-24,3.078000068664551,2.9590001106262207,2.122999906539917,94.26000213623047,12.199999809265137,2919.3701171875,,1199.300048828125,72.08000183105469
2018-09-25,3.1019999980926514,2.9830000400543213,2.1679999828338623,94.12999725341797,12.420000076293945,2915.56005859375,23940.259765625,1200.0,72.27999877929688
2018-09-26,3.061000108718872,2.9579999446868896,2.1600000858306885,94.19000244140625,12.890000343322754,2905.969970703125,24033.7890625,1194.0,71.56999969482422
2018-09-27,3.055999994277954,2.9600000381469727,2.140000104904175,95.0,12.40999984741211,2914.0,23796.740234375,1182.300048828125,72.12000274658203
2018-09-28,3.055999994277954,2.947999954223633,2.1500000953674316,95.19000244140625,12.119999885559082,2913.97998046875,24120.0390625,1191.5,73.25
2018-10-01,3.0799999237060547,2.9600000381469727,2.1549999713897705,95.30000305175781,12.0,2924.590087890625,24245.759765625,1187.0999755859375,75.30000305175781
2018-10-02,3.055999994277954,2.944000005722046,2.174999952316284,95.51000213623047,12.050000190734863,2923.429931640625,24270.619140625,1202.4000244140625,75.2300033569336
2018-10-03,3.1610000133514404,3.0239999294281006,2.1700000762939453,95.76000213623047,11.609999656677246,2925.510009765625,24110.9609375,1198.300048828125,76.41000366210938
2018-10-04,3.197000026702881,3.053999900817871,2.1700000762939453,95.75,14.220000267028809,2901.610107421875,23975.619140625,1197.199951171875,74.33000183105469
2018-10-05,3.2249999046325684,3.071000099182129,2.1649999618530273,95.62000274658203,14.819999694824219,2885.570068359375,23783.720703125,1201.199951171875,74.33999633789062
2018-10-08,3.2330000400543213,3.072999954223633,2.1649999618530273,95.7699966430664,15.6899995803833,2884.429931640625,,1184.4000244140625,74.29000091552734
2018-10-09,3.2079999446868896,3.056999921798706,2.184999942779541,95.68000030517578,15.949999809265137,2880.340087890625,23469.390625,1187.199951171875,74.95999908447266
2018-10-10,3.2249999046325684,3.059000015258789,2.2200000286102295,95.51000213623047,22.959999084472656,2785.679931640625,23506.0390625,1189.300048828125,73.16999816894531
2018-10-11,3.132999897003174,2.989000082015991,2.2149999141693115,95.0199966430664,24.979999542236328,2728.3701171875,22590.859375,1223.5,70.97000122070312
2018-10-12,3.1410000324249268,2.99399995803833,2.2179999351501465,95.22000122070312,21.309999465942383,2767.1298828125,22694.66015625,1218.0999755859375,71.33999633789062
2018-10-15,3.1630001068115234,3.0179998874664307,2.2300000190734863,95.06999969482422,21.299999237060547,2750.7900390625,22271.30078125,1226.4000244140625,71.77999877929688
2018-10-16,3.1559998989105225,3.0169999599456787,2.259999990463257,95.05000305175781,17.6200008392334,2809.919921875,22549.240234375,1227.300048828125,71.91999816894531
2018-10-17,3.178999900817871,3.0409998893737793,2.259999990463257,95.58000183105469,17.399999618530273,2809.2099609375,22841.119140625,1223.699951171875,69.75
2018-10-18,3.174999952316284,3.0239999294281006,2.255000114440918,95.9000015258789,20.059999465942383,2768.780029296875,22658.16015625,1226.5,68.6500015258789
2018-10-19,3.197999954223633,3.052000045776367,2.259999990463257,95.70999908447266,19.889999389648438,2767.780029296875,22532.080078125,1225.300048828125,69.12000274658203
2018-10-22,3.196000099182129,3.0480000972747803,2.257999897003174,96.01000213623047,19.639999389648438,2755.8798828125,22614.8203125,1221.199951171875,69.16999816894531
2018-10-23,3.1659998893737793,3.009000062942505,2.2899999618530273,95.95999908447266,20.709999084472656,2740.68994140625,22010.779296875,1233.4000244140625,66.43000030517578
2018-10-24,3.124000072479248,2.9639999866485596,2.2850000858306885,96.43000030517578,25.229999542236328,2656.10009765625,22091.1796875,1227.800048828125,66.81999969482422
2018-10-25,3.135999917984009,2.9800000190734863,2.2799999713897705,96.68000030517578,24.219999313354492,2705.570068359375,21268.73046875,1229.0999755859375,67.33000183105469
2018-10-26,3.0769999027252197,2.9070000648498535,2.2730000019073486,96.36000061035156,24.15999984741211,2658.68994140625,21184.599609375,1232.5,67.58999633789062
2018-10-29,3.0869998931884766,2.9189999103546143,2.259999990463257,96.58000183105469,24.700000762939453,2641.25,21149.80078125,1224.5,67.04000091552734
2018-10-30,3.109999895095825,2.938999891281128,2.2829999923706055,97.01000213623047,23.350000381469727,2682.6298828125,21457.2890625,1222.5999755859375,66.18000030517578
2018-10-31,3.1589999198913574,2.986999988555908,2.2780001163482666,97.12999725341797,21.229999542236328,2711.739990234375,21920.4609375,1212.300048828125,65.30999755859375
2018-11-01,3.1440000534057617,2.9679999351501465,2.2699999809265137,96.27999877929688,19.34000015258789,2740.3701171875,21687.650390625,1236.0,63.689998626708984
2018-11-02,3.2139999866485596,3.0380001068115234,2.2730000019073486,96.54000091552734,19.510000228881836,2723.06005859375,22243.66015625,1230.9000244140625,63.13999938964844
2018-11-05,3.2009999752044678,3.0260000228881836,2.2679998874664307,96.3499984741211,19.959999084472656,2738.31005859375,21898.990234375,1229.800048828125,63.099998474121094
2018-11-06,3.2139999866485596,3.049999952316284,2.309999942779541,96.31999969482422,19.90999984741211,2755.449951171875,22147.75,1223.800048828125,62.209999084472656
2018-11-07,3.2130000591278076,3.061000108718872,2.309999942779541,96.0,16.360000610351562,2813.889892578125,22085.80078125,1226.199951171875,61.66999816894531
2018-11-08,3.2339999675750732,3.0899999141693115,2.302999973297119,96.63999938964844,16.719999313354492,2806.830078125,22486.919921875,1222.9000244140625,60.66999816894531
2018-11-09,3.188999891281128,3.0439999103546143,2.299999952316284,96.91000366210938,17.360000610351562,2781.010009765625,22250.25,1206.4000244140625,60.189998626708984
2018-11-12,3.186000108718872,3.0390000343322754,2.299999952316284,97.54000091552734,20.450000762939453,2726.219970703125,22269.880859375,1201.300048828125,59.93000030517578
2018-11-13,3.1449999809265137,2.986999988555908,2.2950000762939453,97.30000305175781,20.020000457763672,2722.179931640625,21810.51953125,1199.199951171875,55.689998626708984
2018-11-14,3.119999885559082,2.9519999027252197,2.325000047683716,96.80000305175781,21.25,2701.580078125,21846.48046875,1207.9000244140625,56.25
2018-11-15,3.118000030517578,2.944999933242798,2.309999942779541,96.93000030517578,19.979999542236328,2730.199951171875,21803.619140625,1212.800048828125,56.459999084472656
2018-11-16,3.0739998817443848,2.8940000534057617,2.299999952316284,96.47000122070312,18.139999389648438,2736.27001953125,21680.33984375,1220.800048828125,56.459999084472656
2018-11-19,3.056999921798706,2.865999937057495,2.299999952316284,96.19000244140625,20.100000381469727,2690.72998046875,21821.16015625,1223.0999755859375,56.7599983215332
2018-11-20,3.0480000972747803,2.869999885559082,2.3350000381469727,96.80999755859375,22.479999542236328,2641.889892578125,21583.119140625,1219.0,53.43000030517578
2018-11-21,3.061000108718872,2.890000104904175,2.3499999046325684,96.70999908447266,20.799999237060547,2649.929931640625,21507.5390625,1225.800048828125,54.630001068115234
2018-11-22,,,,,,,21646.55078125,,
2018-11-23,3.053999900817871,2.880000114440918,2.3480000495910645,96.91999816894531,21.520000457763672,2632.56005859375,,1221.0,50.41999816894531
2018-11-26,3.072000026702881,2.9000000953674316,2.3429999351501465,97.06999969482422,18.899999618530273,2673.449951171875,21812.0,1220.199951171875,51.630001068115234
2018-11-27,3.055000066757202,2.884999990463257,2.3529999256134033,97.37000274658203,19.020000457763672,2682.169921875,21952.400390625,1211.199951171875,51.560001373291016
2018-11-28,3.0439999103546143,2.8559999465942383,2.3350000381469727,96.79000091552734,18.489999771118164,2743.7900390625,22177.01953125,1221.4000244140625,50.290000915527344
2018-11-29,3.0350000858306885,2.8550000190734863,2.309999942779541,96.77999877929688,18.790000915527344,2737.800048828125,22262.599609375,1224.0999755859375,51.45000076293945
2018-11-30,3.013000011444092,2.8450000286102295,2.308000087738037,97.2699966430664,18.06999969482422,2760.169921875,22351.060546875,1220.199951171875,50.93000030517578
2018-12-03,2.992000102996826,2.8389999866485596,2.2880001068115234,97.04000091552734,16.440000534057617,2790.3701171875,22574.759765625,1233.9000244140625,52.95000076293945
2018-12-04,2.9240000247955322,2.7990000247955322,2.365000009536743,96.97000122070312,20.739999771118164,2700.06005859375,22036.05078125,1241.0999755859375,53.25
2018-12-05,,,,,,,21919.330078125,,
2018-12-06,2.875999927520752,2.747999906539917,2.3529999256134033,96.80999755859375,21.190000534057617,2695.949951171875,21501.619140625,1238.0999755859375,51.4900016784668
2018-12-07,2.8499999046325684,2.696000099182129,2.3399999141693115,96.51000213623047,23.229999542236328,2633.080078125,21678.6796875,1246.800048828125,52.61000061035156
2018-12-10,2.8559999465942383,2.7090001106262207,2.3299999237060547,97.22000122070312,22.639999389648438,2637.719970703125,21219.5,1243.699951171875,51.0
2018-12-11,2.878999948501587,2.744999885559082,2.369999885559082,97.38999938964844,21.760000228881836,2636.780029296875,21148.01953125,1241.9000244140625,51.650001525878906
2018-12-12,2.9059998989105225,2.765000104904175,2.375,97.04000091552734,21.459999084472656,2651.070068359375,21602.75,1244.4000244140625,51.150001525878906
2018-12-13,2.9110000133514404,2.75600004196167,2.36299991607666,97.05999755859375,20.649999618530273,2650.5400390625,21816.189453125,1242.699951171875,52.58000183105469
2018-12-14,2.8910000324249268,2.7290000915527344,2.368000030517578,97.44000244140625,21.6299991607666,2599.949951171875,21374.830078125,1237.0,51.20000076293945
2018-12-17,2.8570001125335693,2.693000078201294,2.3399999141693115,97.0999984741211,24.520000457763672,2545.93994140625,21506.880859375,1247.4000244140625,49.880001068115234
2018-12-18,2.825000047683716,2.6559998989105225,2.328000068664551,97.13999938964844,25.579999923706055,2546.159912109375,21115.44921875,1249.199951171875,46.2400016784668
2018-12-19,2.7780001163482666,2.627000093460083,2.3380000591278076,97.04000091552734,25.579999923706055,2506.9599609375,20987.919921875,1252.0999755859375,47.20000076293945
2018-12-20,2.7890000343322754,2.6530001163482666,2.3350000381469727,96.27999877929688,28.3799991607666,2467.419921875,20392.580078125,1263.5999755859375,45.880001068115234
2018-12-21,2.7920000553131104,2.6419999599456787,2.3299999237060547,96.95999908447266,30.110000610351562,2416.6201171875,20166.189453125,1253.800048828125,45.59000015258789
2018-12-24,2.749000072479248,2.5810000896453857,2.3329999446868896,96.55000305175781,36.06999969482422,2351.10009765625,,1267.5,42.529998779296875
2018-12-25,,,,,,,19155.740234375,,
2018-12-26,2.796999931335449,2.63700008392334,2.380000114440918,97.05000305175781,30.40999984741211,2467.699951171875,19327.060546875,1269.199951171875,46.220001220703125
2018-12-27,2.743000030517578,2.5899999141693115,2.3480000495910645,96.4800033569336,29.959999084472656,2488.830078125,20077.619140625,1277.300048828125,44.61000061035156
2018-12-28,2.7360000610351562,2.572999954223633,2.328000068664551,96.38999938964844,28.34000015258789,2485.739990234375,20014.76953125,1279.9000244140625,45.33000183105469
2018-12-31,2.686000108718872,2.509999990463257,2.299999952316284,96.16999816894531,25.420000076293945,2506.85009765625,,1278.300048828125,45.40999984741211
2019-01-02,2.6610000133514404,2.503000020980835,2.365000009536743,96.81999969482422,23.219999313354492,2510.030029296875,,1281.0,46.540000915527344
2019-01-03,2.553999900817871,2.368000030517578,2.3550000190734863,96.30999755859375,25.450000762939453,2447.889892578125,,1291.800048828125,47.09000015258789
2019-01-04,2.6589999198913574,2.4820001125335693,2.3580000400543213,96.19000244140625,21.3799991607666,2531.93994140625,19561.9609375,1282.699951171875,47.959999084472656
2019-01-07,2.681999921798706,2.5190000534057617,2.3529999256134033,95.70999908447266,21.399999618530273,2549.68994140625,20038.970703125,1286.800048828125,48.52000045776367
2019-01-08,2.7160000801086426,2.571000099182129,2.4000000953674316,95.9000015258789,20.469999313354492,2574.409912109375,20204.0390625,1283.199951171875,49.779998779296875
2019-01-09,2.7279999256134033,2.559000015258789,2.390000104904175,95.22000122070312,19.979999542236328,2584.9599609375,20427.060546875,1289.300048828125,52.36000061035156
2019-01-10,2.7309999465942383,2.559000015258789,2.375,95.54000091552734,19.5,2596.639892578125,20163.80078125,1284.699951171875,52.59000015258789
2019-01-11,2.7009999752044678,2.5250000953674316,2.369999885559082,95.66999816894531,18.190000534057617,2596.260009765625,20359.69921875,1287.0999755859375,51.59000015258789
2019-01-14,2.7100000381469727,2.5290000438690186,2.359999895095825,95.58999633789062,19.06999969482422,2582.610107421875,,1289.0999755859375,50.5099983215332
2019-01-15,2.7109999656677246,2.5269999504089355,2.382999897003174,95.97000122070312,18.600000381469727,2610.300048828125,20555.2890625,1286.199951171875,52.11000061035156
2019-01-16,2.7309999465942383,2.546999931335449,2.36299991607666,96.05999755859375,19.040000915527344,2616.10009765625,20442.75,1291.5999755859375,52.310001373291016
2019-01-17,2.749000072479248,2.571000099182129,2.3550000190734863,96.06999969482422,18.059999465942383,2635.9599609375,20402.26953125,1291.0,52.06999969482422
2019-01-18,2.7839999198913574,2.618000030517578,2.3480000495910645,96.33999633789062,17.799999237060547,2670.7099609375,20666.0703125,1281.300048828125,53.79999923706055
2019-01-21,,,,,,,20719.330078125,,
2019-01-22,2.7300000190734863,2.566999912261963,2.3450000286102295,96.30000305175781,20.799999237060547,2632.89990234375,20622.91015625,1282.5,52.56999969482422
2019-01-23,2.755000114440918,2.5910000801086426,2.3529999256134033,96.12000274658203,19.520000457763672,2638.699951171875,20593.720703125,1283.0999755859375,52.619998931884766
2019-01-24,2.7119998931884766,2.546999931335449,2.305000066757202,96.5999984741211,18.889999389648438,2642.330078125,20574.630859375,1279.0999755859375,53.130001068115234
2019-01-25,2.753000020980835,2.5889999866485596,2.328000068664551,95.79000091552734,17.420000076293945,2664.760009765625,20773.560546875,1297.4000244140625,53.689998626708984
2019-01-28,2.74399995803833,2.5810000896453857,2.3329999446868896,95.75,18.8700008392334,2643.85009765625,20649.0,1302.4000244140625,51.9900016784668
2019-01-29,2.7119998931884766,2.546999931335449,2.365000009536743,95.81999969482422,19.1299991607666,2640.0,20664.640625,1308.199951171875,53.310001373291016
2019-01-30,2.694999933242798,2.503000020980835,2.365000009536743,95.33999633789062,17.65999984741211,2681.050048828125,20556.5390625,1309.9000244140625,54.22999954223633
2019-01-31,2.634999990463257,2.440000057220459,2.3399999141693115,95.58000183105469,16.56999969482422,2704.10009765625,20773.490234375,1319.699951171875,53.790000915527344
2019-02-01,2.690999984741211,2.507999897003174,2.3399999141693115,95.58000183105469,16.139999389648438,2706.530029296875,20788.390625,1316.9000244140625,55.2599983215332
2019-02-04,2.7239999771118164,2.5350000858306885,2.3350000381469727,95.8499984741211,15.729999542236328,2724.8701171875,20883.76953125,1314.300048828125,54.560001373291016
2019-02-05,2.7019999027252197,2.513000011444092,2.365000009536743,96.0999984741211,15.569999694824219,2737.699951171875,20844.44921875,1314.199951171875,53.65999984741211
2019-02-06,2.7019999027252197,2.507999897003174,2.365000009536743,96.41999816894531,15.380000114440918,2731.610107421875,20874.060546875,1309.5,54.0099983215332
2019-02-07,2.6519999504089355,2.4579999446868896,2.3550000190734863,96.51000213623047,16.3700008392334,2706.050048828125,20751.279296875,1309.4000244140625,52.63999938964844
2019-02-08,2.631999969482422,2.440999984741211,2.365000009536743,96.63999938964844,15.720000267028809,2707.8798828125,20333.169921875,1313.699951171875,52.720001220703125
2019-02-11,2.6610000133514404,2.4749999046325684,2.375,97.05999755859375,15.970000267028809,2709.800048828125,,1307.0,52.40999984741211
2019-02-12,2.684000015258789,2.492000102996826,2.378000020980835,96.70999908447266,15.430000305175781,2744.72998046875,20864.2109375,1309.199951171875,53.099998474121094
2019-02-13,2.7079999446868896,2.5269999504089355,2.372999906539917,97.12999725341797,15.649999618530273,2753.030029296875,21144.48046875,1310.800048828125,53.900001525878906
2019-02-14,2.6570000648498535,2.4730000495910645,2.372999906539917,96.9800033569336,16.219999313354492,2745.72998046875,21139.7109375,1309.800048828125,54.40999984741211
2019-02-15,2.6659998893737793,2.494999885559082,2.369999885559082,96.91999816894531,14.90999984741211,2775.60009765625,20900.630859375,1318.0999755859375,55.59000015258789
2019-02-18,,,,,,,21281.849609375,,
2019-02-19,2.6470000743865967,2.4700000286102295,2.372999906539917,96.5199966430664,14.880000114440918,2779.760009765625,21302.650390625,1340.0999755859375,56.09000015258789
2019-02-20,2.6540000438690186,2.4749999046325684,2.382999897003174,96.44999694824219,14.020000457763672,2784.699951171875,21431.490234375,1343.300048828125,56.91999816894531
2019-02-21,2.687999963760376,2.507999897003174,2.3949999809265137,96.61000061035156,14.460000038146973,2774.8798828125,21464.23046875,1323.5,56.959999084472656
2019-02-22,2.6549999713897705,2.4679999351501465,2.3929998874664307,96.51000213623047,13.510000228881836,2792.669921875,21425.509765625,1329.199951171875,57.2599983215332
2019-02-25,2.6730000972747803,2.4860000610351562,2.3929998874664307,96.41000366210938,14.850000381469727,2796.110107421875,21528.23046875,1325.9000244140625,55.47999954223633
2019-02-26,2.635999917984009,2.443000078201294,2.4000000953674316,96.0,15.170000076293945,2793.89990234375,21449.390625,1325.0999755859375,55.5
2019-02-27,2.693000078201294,2.490000009536743,2.3929998874664307,96.1500015258789,14.699999809265137,2792.3798828125,21556.509765625,1317.699951171875,56.939998626708984
2019-02-28,2.7109999656677246,2.509000062942505,2.382999897003174,96.16000366210938,14.779999732971191,2784.489990234375,21385.16015625,1312.800048828125,57.220001220703125
2019-03-01,2.755000114440918,2.555999994277954,2.378000020980835,96.52999877929688,13.569999694824219,2803.68994140625,21602.689453125,1296.4000244140625,55.79999923706055
2019-03-04,2.7219998836517334,2.5309998989105225,2.375,96.68000030517578,14.630000114440918,2792.81005859375,21822.0390625,1284.800048828125,56.59000015258789
2019-03-05,2.7219998836517334,2.5329999923706055,2.4000000953674316,96.8499984741211,14.739999771118164,2789.64990234375,21726.279296875,1282.0,56.560001373291016
2019-03-06,2.691999912261963,2.496999979019165,2.4049999713897705,96.87000274658203,15.739999771118164,2771.449951171875,21596.810546875,1284.9000244140625,56.220001220703125
2019-03-07,2.635999917984009,2.434999942779541,2.3949999809265137,97.66999816894531,16.59000015258789,2748.929931640625,21456.009765625,1283.800048828125,56.65999984741211
2019-03-08,2.625,2.424999952316284,2.3929998874664307,97.37000274658203,16.049999237060547,2743.070068359375,21025.560546875,1297.0,56.06999969482422
2019-03-11,2.6429998874664307,2.440000057220459,2.380000114440918,97.22000122070312,14.329999923706055,2783.300048828125,21125.08984375,1288.800048828125,56.790000915527344
2019-03-12,2.6050000190734863,2.4140000343322754,2.3949999809265137,96.94000244140625,13.770000457763672,2791.52001953125,21503.689453125,1296.300048828125,56.869998931884766
2019-03-13,2.6110000610351562,2.4140000343322754,2.388000011444092,96.55000305175781,13.40999984741211,2810.919921875,21290.240234375,1307.5,58.2599983215332
2019-03-14,2.630000114440918,2.430000066757202,2.388000011444092,96.79000091552734,13.5,2808.47998046875,21287.01953125,1293.4000244140625,58.61000061035156
2019-03-15,2.5929999351501465,2.4000000953674316,2.388000011444092,96.5999984741211,12.880000114440918,2822.47998046875,21450.849609375,1301.800048828125,58.52000045776367
2019-03-18,2.6019999980926514,2.4140000343322754,2.384999990463257,96.5199966430664,13.100000381469727,2832.93994140625,21584.5,1300.300048828125,59.09000015258789
2019-03-19,2.614000082015991,2.424999952316284,2.4049999713897705,96.37999725341797,13.5600004196167,2832.570068359375,21566.849609375,1305.0,59.029998779296875
2019-03-20,2.5350000858306885,2.3350000381469727,2.4079999923706055,95.76000213623047,13.90999984741211,2824.22998046875,21608.919921875,1300.5,59.83000183105469
2019-03-21,2.5369999408721924,2.3410000801086426,2.4079999923706055,96.5,13.630000114440918,2854.8798828125,,1306.0999755859375,59.97999954223633
2019-03-22,2.4549999237060547,2.255000114440918,2.3980000019073486,96.6500015258789,16.479999542236328,2800.7099609375,21627.33984375,1311.5999755859375,59.040000915527344
2019-03-25,2.4200000762939453,2.2019999027252197,2.390000104904175,96.56999969482422,16.329999923706055,2798.360107421875,20977.109375,1321.9000244140625,58.81999969482422
2019-03-26,2.4140000343322754,2.193000078201294,2.4049999713897705,96.73999786376953,14.680000305175781,2818.4599609375,21428.390625,1314.300048828125,59.939998626708984
2019-03-27,2.374000072479248,2.1649999618530273,2.378000020980835,96.7699966430664,15.149999618530273,2805.3701171875,21378.73046875,1309.9000244140625,59.40999984741211
2019-03-28,2.3889999389648438,2.203000068664551,2.369999885559082,97.19999694824219,14.430000305175781,2815.43994140625,21033.759765625,1289.800048828125,59.29999923706055
2019-03-29,2.4140000343322754,2.243000030517578,2.328000068664551,97.27999877929688,13.710000038146973,2834.39990234375,21205.810546875,1293.0,60.13999938964844
2019-04-01,2.496999979019165,2.312000036239624,2.322999954223633,97.25,13.399999618530273,2867.18994140625,21509.029296875,1288.4000244140625,61.59000015258789
2019-04-02,2.4809999465942383,2.2920000553131104,2.369999885559082,97.36000061035156,13.359999656677246,2867.239990234375,21505.310546875,1290.0,62.58000183105469
2019-04-03,2.5169999599456787,2.319999933242798,2.372999906539917,97.08999633789062,13.739999771118164,2873.39990234375,21713.2109375,1289.9000244140625,62.459999084472656
2019-04-04,2.51200008392334,2.316999912261963,2.369999885559082,97.30999755859375,13.579999923706055,2879.389892578125,21724.94921875,1289.0,62.099998474121094
2019-04-05,2.500999927520752,2.312000036239624,2.369999885559082,97.4000015258789,12.819999694824219,2892.739990234375,21807.5,1290.4000244140625,63.08000183105469
2019-04-08,2.5190000534057617,2.3259999752044678,2.365000009536743,97.05000305175781,13.180000305175781,2895.77001953125,21761.650390625,1297.0999755859375,64.4000015258789
2019-04-09,2.499000072479248,2.303999900817871,2.365000009536743,97.01000213623047,14.279999732971191,2878.199951171875,21802.58984375,1303.5,63.97999954223633
2019-04-10,2.4769999980926514,2.2790000438690186,2.36299991607666,96.94999694824219,13.300000190734863,2888.2099609375,21687.5703125,1309.0999755859375,64.61000061035156
2019-04-11,2.503999948501587,2.315999984741211,2.365000009536743,97.18000030517578,13.020000457763672,2888.320068359375,21711.380859375,1288.5999755859375,63.58000183105469
2019-04-12,2.559999942779541,2.375,2.375,96.97000122070312,12.010000228881836,2907.409912109375,21870.560546875,1290.5999755859375,63.88999938964844
2019-04-15,2.552999973297119,2.369999885559082,2.359999895095825,96.94000244140625,12.319999694824219,2905.580078125,22169.109375,1286.800048828125,63.400001525878906
2019-04-16,2.5920000076293945,2.4079999923706055,2.378000020980835,97.04000091552734,12.180000305175781,2907.06005859375,22221.66015625,1272.5999755859375,64.05000305175781
2019-04-17,2.5920000076293945,2.4010000228881836,2.380000114440918,97.01000213623047,12.600000381469727,2900.449951171875,22277.970703125,1272.199951171875,63.7599983215332
2019-04-18,2.559999942779541,2.36899995803833,2.365000009536743,97.47000122070312,12.09000015258789,2905.030029296875,22090.119140625,1271.9000244140625,64.0
2019-04-19,,,,,,,22200.560546875,,
2019-04-22,2.5899999141693115,2.388000011444092,2.375,97.27999877929688,12.420000076293945,2907.969970703125,22217.900390625,1273.5,65.69999694824219
2019-04-23,2.569999933242798,2.3610000610351562,2.390000104904175,97.56999969482422,12.279999732971191,2933.679931640625,22259.740234375,1269.300048828125,66.30000305175781
2019-04-24,2.5220000743865967,2.315000057220459,2.375,98.0999984741211,13.140000343322754,2927.25,22200.0,1275.5,65.88999938964844
2019-04-25,2.5339999198913574,2.3299999237060547,2.365000009536743,98.19999694824219,13.25,2926.169921875,22307.580078125,1275.800048828125,65.20999908447266
2019-04-26,2.505000114440918,2.2950000762939453,2.359999895095825,98.01000213623047,12.729999542236328,2939.8798828125,22258.73046875,1284.9000244140625,63.29999923706055
2019-04-29,2.5360000133514404,2.318000078201294,2.359999895095825,97.86000061035156,13.109999656677246,2943.030029296875,,1278.5999755859375,63.5
2019-04-30,2.509000062942505,2.2820000648498535,2.368000030517578,97.4800033569336,13.119999885559082,2945.830078125,,1282.800048828125,63.90999984741211
2019-05-01,2.510999917984009,2.2980000972747803,2.36299991607666,97.69000244140625,14.800000190734863,2923.72998046875,,1281.4000244140625,63.599998474121094
2019-05-02,2.552000045776367,2.3519999980926514,2.372999906539917,97.83000183105469,14.420000076293945,2917.52001953125,,1269.699951171875,61.810001373291016
2019-05-03,2.5309998989105225,2.3299999237060547,2.368000030517578,97.5199966430664,12.869999885559082,2945.639892578125,,1279.199951171875,61.939998626708984
2019-05-06,2.5,2.2929999828338623,2.36299991607666,97.5199966430664,15.4399995803833,2932.469970703125,,1281.699951171875,62.25
2019-05-07,2.447999954223633,2.252000093460083,2.368000030517578,97.62999725341797,19.31999969482422,2884.050048828125,21923.720703125,1283.5,61.400001525878906
2019-05-08,2.4820001125335693,2.2850000858306885,2.369999885559082,97.62000274658203,19.399999618530273,2879.419921875,21602.58984375,1279.4000244140625,62.119998931884766
2019-05-09,2.4570000171661377,2.253000020980835,2.369999885559082,97.37000274658203,19.100000381469727,2870.719970703125,21402.130859375,1283.5,61.70000076293945
2019-05-10,2.4549999237060547,2.25,2.369999885559082,97.33000183105469,16.040000915527344,2881.39990234375,21344.919921875,1285.699951171875,61.65999984741211
2019-05-13,2.4049999713897705,2.186000108718872,2.3499999046325684,97.31999969482422,20.549999237060547,2811.8701171875,21191.279296875,1300.0999755859375,61.040000915527344
2019-05-14,2.4189999103546143,2.197999954223633,2.3529999256134033,97.52999877929688,18.059999465942383,2834.409912109375,21067.23046875,1294.699951171875,61.779998779296875
2019-05-15,2.378999948501587,2.1530001163482666,2.3499999046325684,97.56999969482422,16.440000534057617,2850.9599609375,21188.560546875,1296.300048828125,62.02000045776367
2019-05-16,2.4049999713897705,2.186000108718872,2.3380000591278076,97.83999633789062,15.289999961853027,2876.320068359375,21062.98046875,1285.0,62.869998931884766
2019-05-17,2.3929998874664307,2.177999973297119,2.3299999237060547,98.0,15.960000038146973,2859.530029296875,21250.08984375,1274.5,62.7599983215332
2019-05-20,2.4159998893737793,2.2049999237060547,2.319999933242798,97.93000030517578,16.309999465942383,2840.22998046875,21301.73046875,1276.0999755859375,63.099998474121094
2019-05-21,2.4260001182556152,2.2279999256134033,2.3299999237060547,98.05999755859375,14.949999809265137,2864.360107421875,21272.44921875,1272.0,62.9900016784668
2019-05-22,2.3929998874664307,2.188999891281128,2.319999933242798,98.11000061035156,14.75,2856.27001953125,21283.369140625,1273.5999755859375,61.41999816894531
2019-05-23,2.2960000038146973,2.0880000591278076,2.302999973297119,97.8499984741211,16.920000076293945,2822.239990234375,21151.140625,1284.800048828125,57.90999984741211
2019-05-24,2.3239998817443848,2.121999979019165,2.2880001068115234,97.61000061035156,15.850000381469727,2826.06005859375,21117.220703125,1283.0,58.630001068115234
2019-05-27,,,,,,,21182.580078125,,
2019-05-28,2.2679998874664307,2.0739998817443848,2.2980000972747803,97.95999908447266,17.5,2802.389892578125,21260.140625,1276.5,59.13999938964844
2019-05-29,2.2360000610351562,2.0360000133514404,2.2980000972747803,98.13999938964844,17.899999618530273,2783.02001953125,21003.369140625,1280.5999755859375,58.810001373291016
2019-05-30,2.2269999980926514,2.0309998989105225,2.309999942779541,98.13999938964844,17.299999237060547,2788.860107421875,20942.529296875,1287.0999755859375,56.59000015258789
2019-05-31,2.1419999599456787,1.9270000457763672,2.2929999828338623,97.75,18.709999084472656,2752.06005859375,20601.189453125,1305.800048828125,53.5
2019-06-03,2.0810000896453857,1.847000002861023,2.2799999713897705,97.13999938964844,18.860000610351562,2744.449951171875,20410.880859375,1322.699951171875,53.25
2019-06-04,2.11899995803833,1.88100004196167,2.2950000762939453,97.06999969482422,16.969999313354492,2803.27001953125,20408.5390625,1323.4000244140625,53.47999954223633
2019-06-05,2.122999906539917,1.8630000352859497,2.2850000858306885,97.37000274658203,16.09000015258789,2826.14990234375,20776.099609375,1328.300048828125,51.68000030517578
2019-06-06,2.124000072479248,1.8839999437332153,2.255000114440918,97.02999877929688,15.930000305175781,2843.489990234375,20774.0390625,1337.5999755859375,52.59000015258789
2019-06-07,2.0840001106262207,1.8509999513626099,2.2149999141693115,96.61000061035156,16.299999237060547,2873.340087890625,20884.7109375,1341.199951171875,53.9900016784668
2019-06-10,2.1429998874664307,1.9119999408721924,2.2200000286102295,96.76000213623047,15.9399995803833,2886.72998046875,21134.419921875,1324.699951171875,53.2599983215332
2019-06-11,2.140000104904175,1.909000039100647,2.2130000591278076,96.69000244140625,15.989999771118164,2885.719970703125,21204.279296875,1326.4000244140625,53.27000045776367
2019-06-12,2.127000093460083,1.88100004196167,2.1649999618530273,97.0,15.90999984741211,2879.840087890625,21129.720703125,1331.9000244140625,51.13999938964844
2019-06-13,2.0910000801086426,1.8300000429153442,2.140000104904175,97.01000213623047,15.819999694824219,2891.639892578125,21032.0,1339.199951171875,52.279998779296875
2019-06-14,2.0929999351501465,1.8459999561309814,2.125,97.56999969482422,15.279999732971191,2886.97998046875,21116.890625,1340.0999755859375,52.5099983215332
2019-06-17,2.0859999656677246,1.847000002861023,2.138000011444092,97.55999755859375,15.350000381469727,2889.669921875,21124.0,1338.699951171875,51.93000030517578
2019-06-18,2.059999942779541,1.8320000171661377,2.1679999828338623,97.63999938964844,15.149999618530273,2917.75,20972.7109375,1346.5999755859375,53.900001525878906
2019-06-19,2.0290000438690186,1.7680000066757202,2.125,97.12000274658203,14.329999923706055,2926.4599609375,21333.869140625,1344.5999755859375,53.7599983215332
2019-06-20,2.000999927520752,1.7380000352859497,2.078000068664551,96.62999725341797,14.75,2954.179931640625,21462.859375,1392.9000244140625,56.650001525878906
2019-06-21,2.068000078201294,1.8070000410079956,2.055000066757202,96.22000122070312,15.399999618530273,2950.4599609375,21258.640625,1396.199951171875,57.43000030517578
2019-06-24,2.0209999084472656,1.753000020980835,2.058000087738037,95.9800033569336,15.260000228881836,2945.35009765625,21285.990234375,1414.300048828125,57.900001525878906
2019-06-25,1.99399995803833,1.7330000400543213,2.0829999446868896,96.16000366210938,16.280000686645508,2917.3798828125,21193.810546875,1414.9000244140625,57.83000183105469
2019-06-26,2.0490000247955322,1.7999999523162842,2.0929999351501465,96.20999908447266,16.209999084472656,2913.780029296875,21086.58984375,1411.5999755859375,59.380001068115234
2019-06-27,2.005000114440918,1.7630000114440918,2.0850000381469727,96.19000244140625,15.819999694824219,2924.919921875,21338.169921875,1408.4000244140625,59.43000030517578
2019-06-28,2.0,1.7580000162124634,2.0350000858306885,96.12999725341797,15.079999923706055,2941.760009765625,21275.919921875,1409.699951171875,58.470001220703125
2019-07-01,2.0339999198913574,1.7960000038146973,2.065000057220459,96.83999633789062,14.0600004196167,2964.330078125,21729.970703125,1385.5999755859375,59.09000015258789
2019-07-02,1.9759999513626099,1.746999979019165,2.1480000019073486,96.7300033569336,12.930000305175781,2973.010009765625,21754.26953125,1404.5999755859375,56.25
2019-07-03,1.9529999494552612,1.7369999885559082,2.1500000953674316,96.7699966430664,12.569999694824219,2995.820068359375,21638.16015625,1417.699951171875,57.34000015258789
2019-07-04,,,,,,,21702.44921875,,
2019-07-05,2.0480000972747803,1.8420000076293945,2.1630001068115234,97.25,13.279999732971191,2990.409912109375,21746.380859375,1396.699951171875,57.5099983215332
2019-07-08,2.0339999198913574,1.843999981880188,2.177999973297119,97.37999725341797,13.960000038146973,2975.949951171875,21534.349609375,1397.0,57.65999984741211
2019-07-09,2.053999900817871,1.8669999837875366,2.194999933242798,97.48999786376953,14.09000015258789,2979.6298828125,21565.150390625,1397.5,57.83000183105469
2019-07-10,2.061000108718872,1.8279999494552612,2.130000114440918,97.0999984741211,13.029999732971191,2993.070068359375,21533.48046875,1410.0999755859375,60.43000030517578
2019-07-11,2.119999885559082,1.8769999742507935,2.0980000495910645,97.05000305175781,12.930000305175781,2999.909912109375,21643.529296875,1404.300048828125,60.20000076293945
2019-07-12,2.1059999465942383,1.8580000400543213,2.0899999141693115,96.80999755859375,12.390000343322754,3013.77001953125,21685.900390625,1409.9000244140625,60.209999084472656
2019-07-15,2.0920000076293945,1.8489999771118164,2.0850000381469727,96.93000030517578,12.680000305175781,3014.300048828125,,1411.4000244140625,59.58000183105469
2019-07-16,2.121999979019165,1.8830000162124634,2.1029999256134033,97.4000015258789,12.859999656677246,3004.0400390625,21535.25,1409.199951171875,57.619998931884766
2019-07-17,2.061000108718872,1.8300000429153442,2.072999954223633,97.22000122070312,13.970000267028809,2984.419921875,21469.1796875,1421.300048828125,56.779998779296875
2019-07-18,2.0380001068115234,1.7860000133514404,2.013000011444092,96.79000091552734,13.529999732971191,2995.110107421875,21046.240234375,1426.0999755859375,55.29999923706055
2019-07-19,2.0480000972747803,1.8049999475479126,2.013000011444092,97.1500015258789,14.449999809265137,2976.610107421875,21466.990234375,1425.0999755859375,55.630001068115234
2019-07-22,2.0429999828338623,1.7979999780654907,2.0250000953674316,97.26000213623047,13.529999732971191,2985.030029296875,21416.7890625,1425.300048828125,56.220001220703125
2019-07-23,2.0739998817443848,1.8250000476837158,2.0329999923706055,97.70999908447266,12.609999656677246,3005.469970703125,21620.880859375,1420.0999755859375,56.77000045776367
2019-07-24,2.049999952316284,1.8200000524520874,2.0399999618530273,97.7300033569336,12.069999694824219,3019.56005859375,21709.5703125,1422.800048828125,55.880001068115234
2019-07-25,2.0739998817443848,1.8539999723434448,2.059999942779541,97.81999969482422,12.739999771118164,3003.669921875,21756.55078125,1413.9000244140625,56.02000045776367
2019-07-26,2.0810000896453857,1.8619999885559082,2.062999963760376,98.01000213623047,12.15999984741211,3025.860107421875,21658.150390625,1418.5,56.20000076293945
2019-07-29,2.055000066757202,1.8339999914169312,2.049999952316284,98.04000091552734,12.829999923706055,3020.969970703125,21616.80078125,1419.5999755859375,56.869998931884766
2019-07-30,2.061000108718872,1.843999981880188,2.0399999618530273,98.05000305175781,13.9399995803833,3013.179931640625,21709.310546875,1429.699951171875,58.04999923706055
2019-07-31,2.0209999084472656,1.843999981880188,2.0299999713897705,98.5199966430664,16.1200008392334,2980.3798828125,21521.529296875,1426.0999755859375,58.58000183105469
2019-08-01,1.8940000534057617,1.6779999732971191,2.0299999713897705,98.38999938964844,17.8700008392334,2953.56005859375,21540.990234375,1420.9000244140625,53.95000076293945
2019-08-02,1.8550000190734863,1.6679999828338623,2.0,98.0999984741211,17.610000610351562,2932.050048828125,21087.16015625,1445.5999755859375,55.65999984741211
2019-08-05,1.7350000143051147,1.534000039100647,1.9529999494552612,97.5,24.59000015258789,2844.739990234375,20720.2890625,1464.5999755859375,54.689998626708984
2019-08-06,1.7389999628067017,1.5460000038146973,1.9950000047683716,97.62999725341797,20.170000076293945,2881.77001953125,20585.310546875,1472.4000244140625,53.630001068115234
2019-08-07,1.684000015258789,1.5019999742507935,1.968000054359436,97.54000091552734,19.489999771118164,2883.97998046875,20516.560546875,1507.300048828125,51.09000015258789
2019-08-08,1.715999960899353,1.5369999408721924,1.9700000286102295,97.62000274658203,16.90999984741211,2938.090087890625,20593.349609375,1497.699951171875,52.540000915527344
2019-08-09,1.7339999675750732,1.562999963760376,1.9500000476837158,97.48999786376953,17.969999313354492,2918.64990234375,20684.8203125,1496.5999755859375,54.5
2019-08-12,1.6390000581741333,1.4830000400543213,1.9279999732971191,97.37999725341797,21.09000015258789,2882.699951171875,,1505.300048828125,54.93000030517578
2019-08-13,1.6799999475479126,1.569000005722046,1.9550000429153442,97.80999755859375,17.520000457763672,2926.320068359375,20455.439453125,1502.199951171875,57.099998474121094
2019-08-14,1.5809999704360962,1.4880000352859497,1.9079999923706055,97.98999786376953,22.100000381469727,2840.60009765625,20655.130859375,1515.9000244140625,55.22999954223633
2019-08-15,1.5290000438690186,1.4220000505447388,1.843000054359436,98.13999938964844,21.18000030517578,2847.60009765625,20405.650390625,1519.5999755859375,54.470001220703125
2019-08-16,1.5390000343322754,1.4119999408721924,1.8229999542236328,98.13999938964844,18.469999313354492,2888.679931640625,20418.810546875,1512.5,54.869998931884766
2019-08-19,1.5980000495910645,1.4639999866485596,1.8530000448226929,98.3499984741211,16.8799991607666,2923.64990234375,20563.16015625,1500.4000244140625,56.209999084472656
2019-08-20,1.5609999895095825,1.4329999685287476,1.899999976158142,98.19000244140625,17.5,2900.510009765625,20677.220703125,1504.5999755859375,56.34000015258789
2019-08-21,1.5770000219345093,1.4670000076293945,1.9279999732971191,98.30000305175781,15.800000190734863,2924.429931640625,20618.5703125,1504.5999755859375,55.68000030517578
2019-08-22,1.6100000143051147,1.4930000305175781,1.937999963760376,98.16999816894531,16.68000030517578,2922.949951171875,20628.009765625,1497.300048828125,55.349998474121094
2019-08-23,1.527999997138977,1.4110000133514404,1.909999966621399,97.63999938964844,19.8700008392334,2847.110107421875,20710.91015625,1526.5999755859375,54.16999816894531
2019-08-26,1.5449999570846558,1.4299999475479126,1.9329999685287476,98.08000183105469,19.31999969482422,2878.3798828125,20261.0390625,1526.300048828125,53.63999938964844
2019-08-27,1.4900000095367432,1.3940000534057617,1.9429999589920044,98.0,20.309999465942383,2869.159912109375,20456.080078125,1541.0,54.93000030517578
2019-08-28,1.465999960899353,1.3739999532699585,1.940000057220459,98.20999908447266,19.350000381469727,2887.93994140625,20479.419921875,1537.800048828125,55.779998779296875
2019-08-29,1.5160000324249268,1.4110000133514404,1.940000057220459,98.51000213623047,17.8799991607666,2924.580078125,20460.9296875,1526.5,56.709999084472656
2019-08-30,1.50600004196167,1.3910000324249268,1.9329999685287476,98.91999816894531,18.979999542236328,2926.4599609375,20704.369140625,1519.0999755859375,55.099998474121094
2019-09-02,,,,,,,20620.189453125,,
2019-09-03,1.465999960899353,1.3389999866485596,1.909999966621399,98.94999694824219,19.65999984741211,2906.27001953125,20625.16015625,1545.9000244140625,53.939998626708984
2019-09-04,1.4589999914169312,1.315000057220459,1.9049999713897705,98.44999694824219,17.329999923706055,2937.780029296875,20649.140625,1550.300048828125,56.2599983215332
2019-09-05,1.565000057220459,1.434000015258789,1.9199999570846558,98.41000366210938,16.270000457763672,2976.0,21085.939453125,1515.4000244140625,56.29999923706055
2019-09-06,1.5499999523162842,1.4179999828338623,1.909999966621399,98.38999938964844,15.0,2978.7099609375,21199.5703125,1506.199951171875,56.52000045776367
2019-09-09,1.621999979019165,1.4789999723434448,1.9079999923706055,98.27999877929688,15.270000457763672,2978.429931640625,21318.419921875,1502.199951171875,57.849998474121094
2019-09-10,1.7020000219345093,1.565000057220459,1.9129999876022339,98.33000183105469,15.199999809265137,2979.389892578125,21392.099609375,1490.300048828125,57.400001525878906
2019-09-11,1.7330000400543213,1.5920000076293945,1.9129999876022339,98.6500015258789,14.609999656677246,3000.929931640625,21597.759765625,1494.4000244140625,55.75
2019-09-12,1.7910000085830688,1.6519999504089355,1.8949999809265137,98.30999755859375,14.220000267028809,3009.570068359375,21759.609375,1498.699951171875,55.09000015258789
2019-09-13,1.902999997138977,1.7519999742507935,1.899999976158142,98.26000213623047,13.739999771118164,3007.389892578125,21988.2890625,1490.9000244140625,54.849998474121094
2019-09-16,1.840999960899353,1.7009999752044678,1.9450000524520874,98.6500015258789,14.670000076293945,2997.9599609375,,1503.0999755859375,62.900001525878906
2019-09-17,1.812000036239624,1.6660000085830688,1.937999963760376,98.26000213623047,14.4399995803833,3005.699951171875,22001.3203125,1505.0999755859375,59.34000015258789
2019-09-18,1.7860000133514404,1.6610000133514404,1.8799999952316284,98.5999984741211,13.949999809265137,3006.72998046875,21960.7109375,1507.5,58.11000061035156
2019-09-19,1.7740000486373901,1.6480000019073486,1.8830000162124634,98.2699966430664,14.050000190734863,3006.7900390625,22044.44921875,1498.4000244140625,58.130001068115234
2019-09-20,1.7549999952316284,1.6339999437332153,1.850000023841858,98.51000213623047,15.319999694824219,2992.070068359375,22079.08984375,1507.300048828125,58.09000015258789
2019-09-23,1.7079999446868896,1.5820000171661377,1.8450000286102295,98.5999984741211,14.90999984741211,2991.780029296875,,1523.699951171875,58.63999938964844
2019-09-24,1.6349999904632568,1.5110000371932983,1.8799999952316284,98.33999633789062,17.049999237060547,2966.60009765625,22098.83984375,1532.0999755859375,57.290000915527344
2019-09-25,1.7319999933242798,1.6069999933242798,1.8450000286102295,99.04000091552734,15.960000038146973,2984.8701171875,22020.150390625,1504.5999755859375,56.4900016784668
2019-09-26,1.684999942779541,1.5729999542236328,1.7699999809265137,99.20999908447266,16.06999969482422,2977.6201171875,22048.240234375,1507.5,56.40999984741211
2019-09-27,1.6749999523162842,1.5509999990463257,1.7300000190734863,99.11000061035156,17.219999313354492,2961.7900390625,21878.900390625,1499.0999755859375,55.90999984741211
2019-09-30,1.6749999523162842,1.5509999990463257,1.7699999809265137,99.37999725341797,16.239999771118164,2976.739990234375,21755.83984375,1465.699951171875,54.06999969482422
2019-10-01,1.6440000534057617,1.4980000257492065,1.753000020980835,99.12999725341797,18.559999465942383,2940.25,21885.240234375,1482.0,53.619998931884766
2019-10-02,1.5959999561309814,1.4299999475479126,1.7350000143051147,99.04000091552734,20.559999465942383,2887.610107421875,21778.609375,1501.0,52.63999938964844
2019-10-03,1.5360000133514404,1.3420000076293945,1.6649999618530273,98.86000061035156,19.1200008392334,2910.6298828125,21341.740234375,1507.0999755859375,52.45000076293945
2019-10-04,1.5149999856948853,1.3309999704360962,1.6549999713897705,98.80999755859375,17.040000915527344,2952.010009765625,21410.19921875,1506.199951171875,52.810001373291016
2019-10-07,1.5529999732971191,1.3860000371932983,1.6729999780654907,98.98999786376953,17.860000610351562,2938.7900390625,21375.25,1497.699951171875,52.75
2019-10-08,1.5369999408721924,1.3580000400543213,1.6549999713897705,99.13999938964844,20.280000686645508,2893.06005859375,21587.779296875,1497.199951171875,52.630001068115234
2019-10-09,1.5889999866485596,1.409000039100647,1.628000020980835,99.12000274658203,18.639999389648438,2919.39990234375,21456.380859375,1506.0999755859375,52.59000015258789
2019-10-10,1.6579999923706055,1.4769999980926514,1.6330000162124634,98.70999908447266,17.56999969482422,2938.1298828125,21551.98046875,1494.800048828125,53.54999923706055
2019-10-11,1.7519999742507935,1.5759999752044678,1.6230000257492065,98.30000305175781,15.579999923706055,2970.27001953125,21798.869140625,1482.699951171875,54.70000076293945
2019-10-14,1.7330000400543213,1.559000015258789,1.6180000305175781,98.44999694824219,14.569999694824219,2966.14990234375,,1491.699951171875,53.59000015258789
2019-10-15,1.7710000276565552,1.5989999771118164,1.6180000305175781,98.29000091552734,13.539999961853027,2995.679931640625,22207.2109375,1477.5999755859375,52.810001373291016
2019-10-16,1.7480000257492065,1.569000005722046,1.6150000095367432,98.01000213623047,13.680000305175781,2989.68994140625,22472.919921875,1488.0,53.36000061035156
2019-10-17,1.7569999694824219,1.5789999961853027,1.625,97.61000061035156,13.789999961853027,2997.949951171875,22451.859375,1492.300048828125,53.93000030517578
2019-10-18,1.746999979019165,1.5579999685287476,1.625,97.27999877929688,14.25,2986.199951171875,22492.6796875,1488.199951171875,53.779998779296875
2019-10-21,1.7920000553131104,1.6019999980926514,1.625,97.33000183105469,14.0,3006.719970703125,22548.900390625,1482.4000244140625,53.310001373291016
2019-10-22,1.7680000066757202,1.5920000076293945,1.6150000095367432,97.52999877929688,14.460000038146973,2995.989990234375,,1481.699951171875,54.15999984741211
2019-10-23,1.7589999437332153,1.5859999656677246,1.6150000095367432,97.47000122070312,14.010000228881836,3004.52001953125,22625.380859375,1489.9000244140625,55.970001220703125
2019-10-24,1.7660000324249268,1.5870000123977661,1.6230000257492065,97.62999725341797,13.710000038146973,3010.2900390625,22750.599609375,1498.9000244140625,56.22999954223633
2019-10-25,1.8009999990463257,1.6260000467300415,1.625,97.83000183105469,12.649999618530273,3022.550048828125,22799.810546875,1499.5,56.65999984741211
2019-10-28,1.8530000448226929,1.6699999570846558,1.6050000190734863,97.76000213623047,13.109999656677246,3039.419921875,22867.26953125,1490.0,55.810001373291016
2019-10-29,1.8350000381469727,1.659000039100647,1.5950000286102295,97.69000244140625,13.199999809265137,3036.889892578125,22974.130859375,1487.0,55.540000915527344
2019-10-30,1.7979999780654907,1.6369999647140503,1.5950000286102295,97.6500015258789,12.329999923706055,3046.77001953125,22843.119140625,1493.199951171875,55.060001373291016
2019-10-31,1.690999984741211,1.5230000019073486,1.4980000257492065,97.3499984741211,13.220000267028809,3037.56005859375,22927.0390625,1511.4000244140625,54.18000030517578
2019-11-01,1.7280000448226929,1.5540000200271606,1.4850000143051147,97.23999786376953,12.300000190734863,3066.909912109375,22850.76953125,1508.0,56.20000076293945
2019-11-04,1.7860000133514404,1.6030000448226929,1.503000020980835,97.51000213623047,12.829999923706055,3078.27001953125,,1508.0,56.540000915527344
2019-11-05,1.8660000562667847,1.6710000038146973,1.5180000066757202,97.9800033569336,13.100000381469727,3074.6201171875,23251.990234375,1480.800048828125,57.22999954223633
2019-11-06,1.8140000104904175,1.628000020980835,1.5149999856948853,97.94999694824219,12.619999885559082,3076.780029296875,23303.8203125,1490.199951171875,56.349998474121094
2019-11-07,1.9259999990463257,1.7400000095367432,1.5180000066757202,98.13999938964844,12.729999542236328,3085.179931640625,23330.3203125,1464.199951171875,57.150001525878906
2019-11-08,1.9329999685287476,1.7339999675750732,1.5099999904632568,98.3499984741211,12.069999694824219,3093.080078125,23391.869140625,1461.300048828125,57.2400016784668
2019-11-11,1.9429999589920044,1.7510000467300415,1.5130000114440918,98.19999694824219,12.6899995803833,3087.010009765625,23331.83984375,1455.5,56.86000061035156
2019-11-12,1.909000039100647,1.718000054359436,1.5329999923706055,98.30999755859375,12.680000305175781,3091.840087890625,23520.009765625,1452.0999755859375,56.79999923706055
2019-11-13,1.8700000047683716,1.6779999732971191,1.534999966621399,98.37000274658203,13.0,3094.0400390625,23319.869140625,1461.699951171875,57.119998931884766
2019-11-14,1.815000057220459,1.6230000257492065,1.527999997138977,98.16000366210938,13.050000190734863,3096.6298828125,23141.55078125,1471.800048828125,56.77000045776367
2019-11-15,1.8339999914169312,1.649999976158142,1.527999997138977,98.0,12.050000190734863,3120.4599609375,23303.3203125,1467.300048828125,57.720001220703125
2019-11-18,1.8079999685287476,1.625,1.5230000019073486,97.79000091552734,12.460000038146973,3122.030029296875,23416.759765625,1470.9000244140625,57.04999923706055
2019-11-19,1.7860000133514404,1.621999979019165,1.524999976158142,97.86000061035156,12.859999656677246,3120.179931640625,23292.650390625,1473.300048828125,55.209999084472656
2019-11-20,1.7380000352859497,1.5839999914169312,1.5199999809265137,97.93000030517578,12.779999732971191,3108.4599609375,23148.5703125,1473.300048828125,57.11000061035156
2019-11-21,1.7719999551773071,1.6139999628067017,1.5299999713897705,97.98999786376953,13.130000114440918,3103.5400390625,23038.580078125,1463.0999755859375,58.58000183105469
2019-11-22,1.7740000486373901,1.628999948501587,1.5429999828338623,98.2699966430664,12.34000015258789,3110.2900390625,23112.880859375,1463.0999755859375,57.77000045776367
2019-11-25,1.7640000581741333,1.6160000562667847,1.5449999570846558,98.31999969482422,11.869999885559082,3133.639892578125,23292.810546875,1456.5999755859375,58.0099983215332
2019-11-26,1.7400000095367432,1.5959999561309814,1.565000057220459,98.25,11.539999961853027,3140.52001953125,23373.3203125,1459.800048828125,58.40999984741211
2019-11-27,1.7669999599456787,1.6260000467300415,1.565000057220459,98.41000366210938,11.75,3153.6298828125,23437.76953125,1453.4000244140625,58.11000061035156
2019-11-28,,,,,,,23409.140625,,
2019-11-29,1.7760000228881836,1.621000051498413,1.5399999618530273,98.2699966430664,12.619999885559082,3140.97998046875,23293.91015625,1465.5999755859375,55.16999816894531
2019-12-02,1.8359999656677246,1.659000039100647,1.5379999876022339,97.86000061035156,14.90999984741211,3113.8701171875,23529.5,1462.300048828125,55.959999084472656
2019-12-03,1.7089999914169312,1.534000039100647,1.5379999876022339,97.73999786376953,15.960000038146973,3093.199951171875,23379.810546875,1478.199951171875,56.099998474121094
2019-12-04,1.781000018119812,1.6059999465942383,1.4980000257492065,97.6500015258789,14.800000190734863,3112.760009765625,23135.23046875,1474.0,58.43000030517578
2019-12-05,1.7970000505447388,1.6230000257492065,1.4930000305175781,97.41000366210938,14.520000457763672,3117.429931640625,23300.08984375,1476.9000244140625,58.43000030517578
2019-12-06,1.8420000076293945,1.6690000295639038,1.4800000190734863,97.69999694824219,13.619999885559082,3145.909912109375,23354.400390625,1459.0999755859375,59.20000076293945
2019-12-09,1.8289999961853027,1.6679999828338623,1.4980000257492065,97.63999938964844,15.859999656677246,3135.9599609375,23430.69921875,1459.300048828125,59.02000045776367
2019-12-10,1.8329999446868896,1.680999994277954,1.5149999856948853,97.41000366210938,15.680000305175781,3132.52001953125,23410.189453125,1462.5999755859375,59.2400016784668
2019-12-11,1.7899999618530273,1.6399999856948853,1.5199999809265137,97.16000366210938,14.989999771118164,3141.6298828125,23391.859375,1469.4000244140625,58.7599983215332
2019-12-12,1.8969999551773071,1.7339999675750732,1.5299999713897705,97.4000015258789,13.9399995803833,3168.570068359375,23424.810546875,1466.699951171875,59.18000030517578
2019-12-13,1.819000005722046,1.652999997138977,1.5230000019073486,97.16999816894531,12.630000114440918,3168.800048828125,24023.099609375,1475.5999755859375,60.06999969482422
2019-12-16,1.8919999599456787,1.7209999561309814,1.524999976158142,97.06999969482422,12.140000343322754,3191.449951171875,23952.349609375,1475.0,60.209999084472656
2019-12-17,1.8890000581741333,1.7130000591278076,1.5299999713897705,97.20999908447266,12.289999961853027,3192.52001953125,24066.119140625,1474.5999755859375,60.939998626708984
2019-12-18,1.9240000247955322,1.7380000352859497,1.5180000066757202,97.41000366210938,12.579999923706055,3191.139892578125,23934.4296875,1472.5999755859375,60.93000030517578
2019-12-19,1.9079999923706055,1.7200000286102295,1.5329999923706055,97.41999816894531,12.5,3205.3701171875,23864.849609375,1478.199951171875,61.220001220703125
2019-12-20,1.9170000553131104,1.7289999723434448,1.527999997138977,97.70999908447266,12.510000228881836,3221.219970703125,23816.630859375,1474.699951171875,60.439998626708984
2019-12-23,1.934999942779541,1.753999948501587,1.5199999809265137,97.66000366210938,12.609999656677246,3224.010009765625,23821.109375,1482.5,60.52000045776367
2019-12-24,1.909999966621399,1.7239999771118164,1.5379999876022339,97.6500015258789,12.670000076293945,3223.3798828125,23830.580078125,1499.0999755859375,61.11000061035156
2019-12-25,,,,,,,23782.869140625,,
2019-12-26,1.9049999713897705,1.725000023841858,1.534999966621399,97.58999633789062,12.649999618530273,3239.909912109375,23924.919921875,1509.300048828125,61.68000030517578
2019-12-27,1.8739999532699585,1.6779999732971191,1.5180000066757202,96.91999816894531,13.430000305175781,3240.02001953125,23837.720703125,1513.800048828125,61.720001220703125
2019-12-30,1.8949999809265137,1.680999994277954,1.4900000095367432,96.73999786376953,14.819999694824219,3221.2900390625,23656.619140625,1514.5,61.68000030517578
2019-12-31,1.9190000295639038,1.6929999589920044,1.5049999952316284,96.38999938964844,13.779999732971191,3230.780029296875,,1519.5,61.060001373291016
2020-01-02,1.8819999694824219,1.6710000038146973,1.4950000047683716,96.8499984741211,12.470000267028809,3257.85009765625,,1524.5,61.18000030517578
2020-01-03,1.7879999876022339,1.5859999656677246,1.4730000495910645,96.83999633789062,14.020000457763672,3234.85009765625,,1549.199951171875,63.04999923706055
2020-01-06,1.8109999895095825,1.6109999418258667,1.4880000352859497,96.66999816894531,13.850000381469727,3246.280029296875,23204.859375,1566.199951171875,63.27000045776367
2020-01-07,1.8270000219345093,1.61899995803833,1.5,96.9800033569336,13.789999961853027,3237.179931640625,23575.720703125,1571.800048828125,62.70000076293945
2020-01-08,1.8739999532699585,1.6649999618530273,1.4930000305175781,97.30000305175781,13.449999809265137,3253.050048828125,23204.759765625,1557.4000244140625,59.61000061035156
2020-01-09,1.8580000400543213,1.6549999713897705,1.5,97.44999694824219,12.539999961853027,3274.699951171875,23739.869140625,1551.699951171875,59.560001373291016
2020-01-10,1.8250000476837158,1.6360000371932983,1.4980000257492065,97.36000061035156,12.5600004196167,3265.35009765625,23850.5703125,1557.5,59.040000915527344
2020-01-13,1.8480000495910645,1.6510000228881836,1.5099999904632568,97.3499984741211,12.319999694824219,3288.1298828125,,1548.4000244140625,58.08000183105469
2020-01-14,1.8179999589920044,1.6269999742507935,1.5299999713897705,97.37000274658203,12.390000343322754,3283.14990234375,24025.169921875,1542.4000244140625,58.22999954223633
2020-01-15,1.7879999876022339,1.6019999980926514,1.5080000162124634,97.2300033569336,12.420000076293945,3289.2900390625,23916.580078125,1552.0999755859375,57.810001373291016
2020-01-16,1.809000015258789,1.625,1.5180000066757202,97.31999969482422,12.319999694824219,3316.81005859375,23933.130859375,1549.0,58.52000045776367
2020-01-17,1.8359999656677246,1.63100004196167,1.5230000019073486,97.61000061035156,12.100000381469727,3329.6201171875,24041.259765625,1558.800048828125,58.540000915527344
2020-01-20,,,,,,,24083.509765625,,
2020-01-21,1.7690000534057617,1.5729999542236328,1.503000020980835,97.52999877929688,12.850000381469727,3320.7900390625,23864.560546875,1556.4000244140625,58.34000015258789
2020-01-22,1.7690000534057617,1.5729999542236328,1.5130000114440918,97.52999877929688,12.90999984741211,3321.75,24031.349609375,1555.300048828125,56.7400016784668
2020-01-23,1.7400000095367432,1.5549999475479126,1.5149999856948853,97.69000244140625,12.979999542236328,3325.5400390625,23795.439453125,1564.5999755859375,55.59000015258789
2020-01-24,1.680999994277954,1.5010000467300415,1.4900000095367432,97.8499984741211,14.5600004196167,3295.469970703125,23827.1796875,1571.0999755859375,54.189998626708984
2020-01-27,1.6050000190734863,1.434999942779541,1.5049999952316284,97.95999908447266,18.229999542236328,3243.6298828125,23343.509765625,1576.800048828125,53.13999938964844
2020-01-28,1.6410000324249268,1.465999960899353,1.5299999713897705,98.0199966430664,16.280000686645508,3276.239990234375,23215.7109375,1569.199951171875,53.47999954223633
2020-01-29,1.593999981880188,1.4170000553131104,1.5199999809265137,97.98999786376953,16.389999389648438,3273.39990234375,23379.400390625,1569.800048828125,53.33000183105469
2020-01-30,1.5579999685287476,1.3799999952316284,1.527999997138977,97.87000274658203,15.489999771118164,3283.659912109375,22977.75,1583.5,52.13999938964844
2020-01-31,1.5199999809265137,1.3259999752044678,1.5099999904632568,97.38999938964844,18.84000015258789,3225.52001953125,23205.1796875,1582.9000244140625,51.560001373291016
2020-02-03,1.5199999809265137,1.343000054359436,1.5180000066757202,97.80000305175781,17.969999313354492,3248.919921875,22971.939453125,1577.199951171875,50.11000061035156
2020-02-04,1.6030000448226929,1.4240000247955322,1.5379999876022339,97.95999908447266,16.049999237060547,3297.590087890625,23084.58984375,1550.4000244140625,49.61000061035156
2020-02-05,1.6490000486373901,1.4600000381469727,1.5199999809265137,98.2699966430664,15.149999618530273,3334.68994140625,23319.560546875,1557.800048828125,50.75
2020-02-06,1.6440000534057617,1.4600000381469727,1.5299999713897705,98.5,14.960000038146973,3345.780029296875,23873.58984375,1565.0999755859375,50.95000076293945
2020-02-07,1.5779999494552612,1.4010000228881836,1.5180000066757202,98.68000030517578,15.470000267028809,3327.7099609375,23827.98046875,1568.5999755859375,50.31999969482422
2020-02-10,1.5470000505447388,1.3669999837875366,1.5199999809265137,98.83000183105469,15.039999961853027,3352.090087890625,23685.98046875,1574.699951171875,49.56999969482422
2020-02-11,1.590000033378601,1.4110000133514404,1.5379999876022339,98.72000122070312,15.180000305175781,3357.75,,1565.5999755859375,49.939998626708984
2020-02-12,1.6299999952316284,1.4450000524520874,1.534999966621399,99.05000305175781,13.739999771118164,3379.449951171875,23861.2109375,1567.4000244140625,51.16999816894531
2020-02-13,1.6169999837875366,1.4390000104904175,1.5449999570846558,99.06999969482422,14.149999618530273,3373.93994140625,23827.73046875,1575.0999755859375,51.41999816894531
2020-02-14,1.5880000591278076,1.4140000343322754,1.534999966621399,99.12000274658203,13.680000305175781,3380.159912109375,23687.58984375,1582.699951171875,52.04999923706055
2020-02-17,,,,,,,23523.240234375,,
2020-02-18,1.555999994277954,1.3930000066757202,1.534999966621399,99.45999908447266,14.829999923706055,3370.2900390625,23193.80078125,1600.0,52.04999923706055
2020-02-19,1.5700000524520874,1.409000039100647,1.5429999828338623,99.5999984741211,14.380000114440918,3386.14990234375,23400.69921875,1607.5,53.290000915527344
2020-02-20,1.524999976158142,1.3700000047683716,1.5379999876022339,99.87000274658203,15.5600004196167,3373.22998046875,23479.150390625,1616.5999755859375,53.779998779296875
2020-02-21,1.4709999561309814,1.3179999589920044,1.5180000066757202,99.26000213623047,17.079999923706055,3337.75,23386.740234375,1644.5999755859375,53.380001068115234
2020-02-24,1.3769999742507935,1.218000054359436,1.503000020980835,99.29000091552734,25.030000686645508,3225.889892578125,,1672.4000244140625,51.43000030517578
2020-02-25,1.3300000429153442,1.156000018119812,1.4900000095367432,98.97000122070312,27.850000381469727,3128.2099609375,22605.41015625,1646.9000244140625,49.900001525878906
2020-02-26,1.309999942779541,1.1330000162124634,1.4780000448226929,99.0,27.559999465942383,3116.389892578125,22426.189453125,1640.0,48.72999954223633
2020-02-27,1.2990000247955322,1.1069999933242798,1.3949999809265137,98.44000244140625,39.15999984741211,2978.760009765625,21948.23046875,1640.0,47.09000015258789
2020-02-28,1.1269999742507935,0.9129999876022339,1.2300000190734863,98.12999725341797,40.11000061035156,2954.219970703125,21142.9609375,1564.0999755859375,44.7599983215332
2020-03-02,1.0880000591278076,0.8650000095367432,1.1349999904632568,97.36000061035156,33.41999816894531,3090.22998046875,21344.080078125,1592.300048828125,46.75
2020-03-03,1.0099999904632568,0.7680000066757202,0.9179999828338623,97.1500015258789,36.81999969482422,3003.3701171875,21082.73046875,1642.0999755859375,47.18000030517578
2020-03-04,0.9919999837875366,0.7289999723434448,0.675000011920929,97.33999633789062,31.989999771118164,3130.1201171875,21100.060546875,1641.0999755859375,46.779998779296875
2020-03-05,0.9259999990463257,0.6729999780654907,0.5950000286102295,96.81999969482422,39.619998931884766,3023.93994140625,21329.119140625,1666.4000244140625,45.900001525878906
2020-03-06,0.7059999704360962,0.5569999814033508,0.41499999165534973,95.94999694824219,41.939998626708984,2972.3701171875,20749.75,1670.800048828125,41.279998779296875
2020-03-09,0.49900001287460327,0.42899999022483826,0.33000001311302185,94.9000015258789,54.459999084472656,2746.56005859375,19698.759765625,1674.5,31.1299991607666
2020-03-10,0.7480000257492065,0.6140000224113464,0.38999998569488525,96.41000366210938,47.29999923706055,2882.22998046875,19867.119140625,1659.0999755859375,34.36000061035156
2020-03-11,0.8199999928474426,0.6570000052452087,0.36800000071525574,96.51000213623047,53.900001525878906,2741.3798828125,19416.060546875,1641.4000244140625,32.97999954223633
2020-03-12,0.8489999771118164,0.6489999890327454,0.27300000190734863,97.47000122070312,75.47000122070312,2480.639892578125,18559.630859375,1589.300048828125,31.5
2020-03-13,0.9509999752044678,0.7170000076293945,0.24300000071525574,98.75,57.83000183105469,2711.02001953125,17431.05078125,1515.699951171875,31.729999542236328
2020-03-16,0.7279999852180481,0.492000013589859,0.1850000023841858,98.08999633789062,82.69000244140625,2386.1298828125,17002.0390625,1485.9000244140625,28.700000762939453
2020-03-17,0.996999979019165,0.6499999761581421,0.16500000655651093,99.58000183105469,75.91000366210938,2529.18994140625,17011.529296875,1524.9000244140625,26.950000762939453
2020-03-18,1.2660000324249268,0.8199999928474426,0.003000000026077032,101.16000366210938,76.44999694824219,2398.10009765625,16726.55078125,1477.300048828125,20.3700008392334
2020-03-19,1.11899995803833,0.6480000019073486,-0.02800000086426735,102.76000213623047,72.0,2409.389892578125,16552.830078125,1478.5999755859375,25.219999313354492
2020-03-20,0.9380000233650208,0.5199999809265137,-0.032999999821186066,102.81999969482422,66.04000091552734,2304.919921875,,1484.0,22.43000030517578
2020-03-23,0.7639999985694885,0.39500001072883606,-0.03999999910593033,102.48999786376953,61.59000015258789,2237.39990234375,16887.779296875,1567.0,23.360000610351562
2020-03-24,0.8159999847412109,0.4959999918937683,-0.032999999821186066,101.73999786376953,61.66999816894531,2447.330078125,18092.349609375,1660.199951171875,24.010000228881836
2020-03-25,0.8579999804496765,0.5210000276565552,-0.07000000029802322,101.05000305175781,63.95000076293945,2475.56005859375,19546.630859375,1632.300048828125,24.489999771118164
2020-03-26,0.8109999895095825,0.4779999852180481,-0.10499999672174454,99.41999816894531,61.0,2630.070068359375,18664.599609375,1650.0999755859375,22.600000381469727
2020-03-27,0.7490000128746033,0.4259999990463257,-0.057999998331069946,98.37000274658203,65.54000091552734,2541.469970703125,19389.4296875,1623.9000244140625,21.510000228881836
2020-03-30,0.6700000166893005,0.3779999911785126,0.013000000268220901,99.18000030517578,57.08000183105469,2626.64990234375,19084.970703125,1622.0,20.09000015258789
2020-03-31,0.6980000138282776,0.375,0.029999999329447746,99.05000305175781,53.540000915527344,2584.590087890625,18917.009765625,1583.4000244140625,20.479999542236328
2020-04-01,0.6349999904632568,0.36899998784065247,0.06300000101327896,99.66999816894531,57.060001373291016,2470.5,18065.41015625,1578.199951171875,20.309999465942383
2020-04-02,0.6269999742507935,0.38600000739097595,0.06499999761581421,100.18000030517578,50.90999984741211,2526.89990234375,17818.720703125,1625.699951171875,25.31999969482422
2020-04-03,0.5870000123977661,0.367000013589859,0.057999998331069946,100.58000183105469,46.79999923706055,2488.64990234375,17820.189453125,1633.699951171875,28.34000015258789
2020-04-06,0.6759999990463257,0.4440000057220459,0.05999999865889549,100.69000244140625,45.2400016784668,2663.679931640625,18576.30078125,1677.0,26.079999923706055
2020-04-07,0.7360000014305115,0.4830000102519989,0.12800000607967377,99.9800033569336,46.70000076293945,2659.409912109375,18950.1796875,1664.800048828125,23.6299991607666
2020-04-08,0.7639999985694885,0.46700000762939453,0.1850000023841858,100.12000274658203,43.349998474121094,2749.97998046875,19353.240234375,1665.4000244140625,25.09000015258789
2020-04-09,0.7289999723434448,0.41100001335144043,0.20999999344348907,99.5199966430664,41.66999816894531,2789.820068359375,19345.76953125,1736.199951171875,22.760000228881836
2020-04-10,,,,,,,19498.5,,
2020-04-13,0.7490000128746033,0.4300000071525574,0.20000000298023224,99.3499984741211,41.16999816894531,2761.6298828125,19043.400390625,1744.800048828125,22.40999984741211
2020-04-14,0.7519999742507935,0.4189999997615814,0.16500000655651093,98.88999938964844,37.7599983215332,2846.06005859375,19638.810546875,1756.699951171875,20.110000610351562
2020-04-15,0.6380000114440918,0.33899998664855957,0.11500000208616257,99.45999908447266,40.84000015258789,2783.360107421875,19550.08984375,1727.199951171875,19.8700008392334
2020-04-16,0.609000027179718,0.3409999907016754,0.10999999940395355,100.02999877929688,40.11000061035156,2799.550048828125,19290.19921875,1720.4000244140625,19.8700008392334
2020-04-17,0.6539999842643738,0.36399999260902405,0.10300000011920929,99.77999877929688,38.150001525878906,2874.56005859375,19897.259765625,1689.199951171875,18.270000457763672
2020-04-20,0.6259999871253967,0.35199999809265137,0.07000000029802322,99.95999908447266,43.83000183105469,2823.159912109375,19669.119140625,1701.5999755859375,-37.630001068115234
2020-04-21,0.5709999799728394,0.33399999141693115,0.09799999743700027,100.26000213623047,45.40999984741211,2736.56005859375,19280.779296875,1678.199951171875,10.010000228881836
2020-04-22,0.6190000176429749,0.36399999260902405,0.09300000220537186,100.38999938964844,41.97999954223633,2799.31005859375,19137.94921875,1728.699951171875,13.779999732971191
2020-04-23,0.6129999756813049,0.36899998784065247,0.09300000220537186,100.43000030517578,41.380001068115234,2797.800048828125,19429.439453125,1733.300048828125,16.5
2020-04-24,0.5960000157356262,0.36399999260902405,0.10000000149011612,100.37999725341797,35.93000030517578,2836.739990234375,19262.0,1723.5,16.940000534057617
2020-04-27,0.656000018119812,0.4009999930858612,0.09300000220537186,100.04000091552734,33.290000915527344,2878.47998046875,19783.220703125,1711.9000244140625,12.779999732971191
2020-04-28,0.6100000143051147,0.36899998784065247,0.08500000089406967,99.87000274658203,33.56999969482422,2863.389892578125,19771.189453125,1710.5,12.34000015258789
2020-04-29,0.6269999742507935,0.3619999885559082,0.09000000357627869,99.56999969482422,31.229999542236328,2939.510009765625,,1703.4000244140625,15.0600004196167
2020-04-30,0.621999979019165,0.3449999988079071,0.09000000357627869,99.0199966430664,34.150001525878906,2912.429931640625,20193.689453125,1684.199951171875,18.84000015258789
2020-05-01,0.6420000195503235,0.36899998784065247,0.09300000220537186,98.80000305175781,37.189998626708984,2830.7099609375,19619.349609375,1694.5,19.780000686645508
2020-05-04,0.6370000243186951,0.3580000102519989,0.09000000357627869,99.4800033569336,35.970001220703125,2842.739990234375,,1706.9000244140625,20.389999389648438
2020-05-05,0.6570000052452087,0.36899998784065247,0.10999999940395355,99.70999908447266,33.61000061035156,2868.43994140625,,1704.4000244140625,24.559999465942383
2020-05-06,0.7110000252723694,0.37700000405311584,0.1080000028014183,100.08999633789062,34.119998931884766,2848.419921875,,1684.199951171875,23.989999771118164
2020-05-07,0.6309999823570251,0.29600000381469727,0.0949999988079071,99.88999938964844,31.440000534057617,2881.18994140625,19674.76953125,1721.800048828125,23.549999237060547
2020-05-08,0.6819999814033508,0.32600000500679016,0.0949999988079071,99.7300033569336,27.979999542236328,2929.800048828125,20179.08984375,1709.9000244140625,24.739999771118164
2020-05-11,0.7260000109672546,0.3580000102519989,0.10499999672174454,100.23999786376953,27.56999969482422,2930.18994140625,20390.66015625,1695.300048828125,24.139999389648438
2020-05-12,0.6779999732971191,0.33500000834465027,0.12300000339746475,99.93000030517578,33.040000915527344,2870.1201171875,20366.48046875,1704.4000244140625,25.780000686645508
2020-05-13,0.6489999890327454,0.3149999976158142,0.11500000208616257,100.23999786376953,35.279998779296875,2820.0,20267.05078125,1713.9000244140625,25.290000915527344
2020-05-14,0.6190000176429749,0.30000001192092896,0.10499999672174454,100.47000122070312,32.61000061035156,2852.5,19914.779296875,1738.0999755859375,27.559999465942383
2020-05-15,0.6399999856948853,0.30799999833106995,0.10300000011920929,100.4000015258789,31.889999389648438,2863.699951171875,20037.470703125,1753.4000244140625,29.43000030517578
2020-05-18,0.7440000176429749,0.3779999911785126,0.10499999672174454,99.66999816894531,29.299999237060547,2953.909912109375,20133.73046875,1731.800048828125,31.81999969482422
2020-05-19,0.7110000252723694,0.3479999899864197,0.11800000071525574,99.37000274658203,30.530000686645508,2922.93994140625,20433.44921875,1744.199951171875,32.5
2020-05-20,0.6800000071525574,0.33000001311302185,0.11800000071525574,99.12000274658203,27.989999771118164,2971.610107421875,20595.150390625,1750.5999755859375,33.4900016784668
2020-05-21,0.6769999861717224,0.3400000035762787,0.10999999940395355,99.37000274658203,29.530000686645508,2948.510009765625,20552.310546875,1720.5,33.91999816894531
2020-05-22,0.6570000052452087,0.3330000042915344,0.10999999940395355,99.86000061035156,28.15999984741211,2955.449951171875,20388.16015625,1734.5999755859375,33.25
2020-05-25,,,,,,,20741.650390625,,
2020-05-26,0.6980000138282776,0.35100001096725464,0.11800000071525574,98.91000366210938,28.010000228881836,2991.77001953125,21271.169921875,1704.800048828125,34.349998474121094
2020-05-27,0.6800000071525574,0.34299999475479126,0.13500000536441803,99.05999755859375,27.6200008392334,3036.1298828125,21419.23046875,1710.300048828125,32.810001373291016
2020-05-28,0.7049999833106995,0.34599998593330383,0.1379999965429306,98.37999725341797,28.59000015258789,3029.72998046875,21916.310546875,1713.300048828125,33.709999084472656
2020-05-29,0.6480000019073486,0.30399999022483826,0.12800000607967377,98.33999633789062,27.510000228881836,3044.31005859375,21877.890625,1736.9000244140625,35.4900016784668
2020-06-01,0.6620000004768372,0.3019999861717224,0.12800000607967377,97.83000183105469,28.229999542236328,3055.72998046875,22062.390625,1737.800048828125,35.439998626708984
2020-06-02,0.6800000071525574,0.3199999928474426,0.14499999582767487,97.66999816894531,26.84000015258789,3080.820068359375,22325.609375,1725.199951171875,36.810001373291016
2020-06-03,0.7609999775886536,0.37700000405311584,0.14800000190734863,97.27999877929688,25.65999984741211,3122.8701171875,22613.759765625,1697.800048828125,37.290000915527344
2020-06-04,0.8199999928474426,0.40400001406669617,0.14000000059604645,96.68000030517578,25.809999465942383,3112.35009765625,22695.740234375,1718.9000244140625,37.40999984741211
2020-06-05,0.9039999842643738,0.47600001096725464,0.14499999582767487,96.94000244140625,24.520000457763672,3193.929931640625,22863.73046875,1676.199951171875,39.54999923706055
2020-06-08,0.8840000033378601,0.45399999618530273,0.15299999713897705,96.62000274658203,25.809999465942383,3232.389892578125,23178.099609375,1698.300048828125,38.189998626708984
2020-06-09,0.8289999961853027,0.4059999883174896,0.16500000655651093,96.31999969482422,27.56999969482422,3207.179931640625,23091.029296875,1714.699951171875,38.939998626708984
2020-06-10,0.7480000257492065,0.3370000123977661,0.16500000655651093,95.95999908447266,27.56999969482422,3190.139892578125,23124.94921875,1713.300048828125,39.599998474121094
2020-06-11,0.652999997138977,0.3019999861717224,0.15299999713897705,96.7300033569336,40.790000915527344,3002.10009765625,22472.91015625,1732.0,36.34000015258789
2020-06-12,0.6990000009536743,0.328000009059906,0.15000000596046448,97.31999969482422,36.09000015258789,3041.31005859375,22305.48046875,1729.300048828125,36.2599983215332
2020-06-15,0.7020000219345093,0.328000009059906,0.1550000011920929,96.68000030517578,34.400001525878906,3066.590087890625,21530.94921875,1720.300048828125,37.119998931884766
2020-06-16,0.7559999823570251,0.3499999940395355,0.1599999964237213,96.95999908447266,33.66999816894531,3124.739990234375,22582.2109375,1729.5999755859375,38.380001068115234
2020-06-17,0.7329999804496765,0.33899998664855957,0.16500000655651093,97.16000366210938,33.470001220703125,3113.489990234375,22455.759765625,1729.199951171875,37.959999084472656
2020-06-18,0.6940000057220459,0.328000009059906,0.14000000059604645,97.41999816894531,32.939998626708984,3115.340087890625,22355.4609375,1724.800048828125,38.84000015258789
2020-06-19,0.6970000267028809,0.3269999921321869,0.14300000667572021,97.62000274658203,35.119998931884766,3097.739990234375,22478.7890625,1745.9000244140625,39.75
2020-06-22,0.7039999961853027,0.33500000834465027,0.14000000059604645,97.04000091552734,31.770000457763672,3117.860107421875,22437.26953125,1756.699951171875,40.459999084472656
2020-06-23,0.7089999914169312,0.32499998807907104,0.14000000059604645,96.69000244140625,31.3700008392334,3131.2900390625,22549.05078125,1772.0999755859375,40.369998931884766
2020-06-24,0.6840000152587891,0.3160000145435333,0.13500000536441803,97.1500015258789,33.84000015258789,3050.330078125,22534.3203125,1765.800048828125,38.0099983215332
2020-06-25,0.6740000247955322,0.3269999921321869,0.12999999523162842,97.43000030517578,32.220001220703125,3083.760009765625,22259.7890625,1762.0999755859375,38.720001220703125
2020-06-26,0.6359999775886536,0.29899999499320984,0.13300000131130219,97.5,34.72999954223633,3009.050048828125,22512.080078125,1772.5,38.4900016784668
2020-06-29,0.6359999775886536,0.28200000524520874,0.125,97.54000091552734,31.780000686645508,3053.239990234375,21995.0390625,1774.800048828125,39.70000076293945
2020-06-30,0.652999997138977,0.289000004529953,0.13500000536441803,97.38999938964844,30.43000030517578,3100.2900390625,22288.140625,1793.0,39.27000045776367
2020-07-01,0.6819999814033508,0.31299999356269836,0.12999999523162842,97.19999694824219,28.6200008392334,3115.860107421875,22121.73046875,1773.199951171875,39.81999969482422
2020-07-02,0.6690000295639038,0.2939999997615814,0.13300000131130219,97.31999969482422,27.68000030517578,3130.010009765625,22145.9609375,1784.0,40.650001525878906
2020-07-03,,,,,,,22306.48046875,,
2020-07-06,0.6840000152587891,0.3070000112056732,0.12800000607967377,96.79000091552734,27.940000534057617,3179.719970703125,22714.439453125,1788.5,40.630001068115234
2020-07-07,0.6499999761581421,0.2930000126361847,0.14000000059604645,96.87999725341797,29.43000030517578,3145.320068359375,22614.689453125,1804.199951171875,40.619998931884766
2020-07-08,0.652999997138977,0.29100000858306885,0.13500000536441803,96.43000030517578,28.079999923706055,3169.93994140625,22438.650390625,1815.5,40.900001525878906
2020-07-09,0.6050000190734863,0.27399998903274536,0.12300000339746475,96.69999694824219,29.260000228881836,3152.050048828125,22529.2890625,1799.199951171875,39.619998931884766
2020-07-10,0.6330000162124634,0.2980000078678131,0.11999999731779099,96.6500015258789,27.290000915527344,3185.0400390625,22290.810546875,1798.199951171875,40.54999923706055
2020-07-13,0.6399999856948853,0.2980000078678131,0.125,96.45999908447266,32.189998626708984,3155.219970703125,22784.740234375,1811.0,40.099998474121094
2020-07-14,0.6150000095367432,0.28200000524520874,0.13300000131130219,96.26000213623047,29.520000457763672,3197.52001953125,22587.009765625,1810.5999755859375,40.290000915527344
2020-07-15,0.6299999952316284,0.2849999964237213,0.125,96.08000183105469,27.760000228881836,3226.56005859375,22945.5,1811.4000244140625,41.20000076293945
2020-07-16,0.6119999885559082,0.2750000059604645,0.10300000011920929,96.3499984741211,28.0,3215.570068359375,22770.359375,1798.699951171875,40.75
2020-07-17,0.628000020980835,0.28200000524520874,0.10499999672174454,95.94000244140625,25.68000030517578,3224.72998046875,22696.419921875,1808.300048828125,40.59000015258789
2020-07-20,0.6200000047683716,0.2849999964237213,0.10499999672174454,95.83000183105469,24.459999084472656,3251.840087890625,22717.48046875,1815.9000244140625,40.810001373291016
2020-07-21,0.6069999933242798,0.2709999978542328,0.10999999940395355,95.12000274658203,24.84000015258789,3257.300048828125,22884.220703125,1842.4000244140625,41.959999084472656
2020-07-22,0.5950000286102295,0.26899999380111694,0.10000000149011612,94.97000122070312,24.31999969482422,3276.02001953125,22751.609375,1864.0999755859375,41.900001525878906
2020-07-23,0.5820000171661377,0.26600000262260437,0.10300000011920929,94.69000244140625,26.079999923706055,3235.659912109375,,1889.0999755859375,41.06999969482422
2020-07-24,0.5889999866485596,0.27399998903274536,0.09799999743700027,94.44000244140625,25.84000015258789,3215.6298828125,,1897.300048828125,41.290000915527344
2020-07-27,0.609000027179718,0.2849999964237213,0.09300000220537186,93.66999816894531,24.739999771118164,3239.409912109375,22715.849609375,1931.0,41.599998474121094
2020-07-28,0.5809999704360962,0.26600000262260437,0.10300000011920929,93.76000213623047,25.440000534057617,3218.43994140625,22657.380859375,1944.699951171875,41.040000915527344
2020-07-29,0.5789999961853027,0.2529999911785126,0.09000000357627869,93.26000213623047,24.100000381469727,3258.43994140625,22397.109375,1953.5,41.27000045776367
2020-07-30,0.5410000085830688,0.23000000417232513,0.08500000089406967,93.0199966430664,24.760000228881836,3246.219970703125,22339.23046875,1942.300048828125,39.91999816894531
2020-07-31,0.5360000133514404,0.2150000035762787,0.08299999684095383,93.48999786376953,24.459999084472656,3271.1201171875,21710.0,1962.800048828125,40.27000045776367
2020-08-03,0.5630000233650208,0.22499999403953552,0.07800000160932541,93.5,24.280000686645508,3294.610107421875,22195.380859375,1966.0,41.0099983215332
2020-08-04,0.5149999856948853,0.19499999284744263,0.09000000357627869,93.37999725341797,23.760000228881836,3306.510009765625,22573.66015625,2001.199951171875,41.70000076293945
2020-08-05,0.5429999828338623,0.21799999475479126,0.0949999988079071,92.83000183105469,22.989999771118164,3327.77001953125,22514.849609375,2031.0999755859375,42.189998626708984
2020-08-06,0.5360000133514404,0.21400000154972076,0.08799999952316284,92.79000091552734,22.649999618530273,3349.159912109375,22418.150390625,2051.5,41.95000076293945
2020-08-07,0.5619999766349792,0.2290000021457672,0.08799999952316284,93.44000244140625,22.209999084472656,3351.280029296875,22329.939453125,2010.0999755859375,41.220001220703125
2020-08-10,0.5740000009536743,0.23399999737739563,0.08799999952316284,93.58000183105469,22.1299991607666,3360.469970703125,,2024.4000244140625,41.939998626708984
2020-08-11,0.6579999923706055,0.29100000858306885,0.10000000149011612,93.62999725341797,24.030000686645508,3333.68994140625,22750.240234375,1932.5999755859375,41.61000061035156
2020-08-12,0.6700000166893005,0.29600000381469727,0.10000000149011612,93.44000244140625,22.280000686645508,3380.35009765625,22843.9609375,1934.9000244140625,42.66999816894531
2020-08-13,0.7160000205039978,0.3179999887943268,0.09000000357627869,93.33999633789062,22.1299991607666,3373.429931640625,23249.609375,1956.699951171875,42.2400016784668
2020-08-14,0.7089999914169312,0.29899999499320984,0.08799999952316284,93.0999984741211,22.049999237060547,3372.85009765625,23289.359375,1937.0,42.0099983215332
2020-08-17,0.6830000281333923,0.2849999964237213,0.08500000089406967,92.8499984741211,21.350000381469727,3381.989990234375,23096.75,1985.0,42.88999938964844
2020-08-18,0.6690000295639038,0.27900001406669617,0.10000000149011612,92.2699966430664,21.510000228881836,3389.780029296875,23051.080078125,1999.4000244140625,42.88999938964844
2020-08-19,0.675000011920929,0.2770000100135803,0.0949999988079071,92.88999938964844,22.540000915527344,3374.85009765625,23110.609375,1958.699951171875,42.93000030517578
2020-08-20,0.6439999938011169,0.2680000066757202,0.08799999952316284,92.79000091552734,22.719999313354492,3385.510009765625,22880.619140625,1933.800048828125,42.58000183105469
2020-08-21,0.6399999856948853,0.2720000147819519,0.08799999952316284,93.25,22.540000915527344,3397.159912109375,22920.30078125,1934.5999755859375,42.34000015258789
2020-08-24,0.6460000276565552,0.2800000011920929,0.08500000089406967,93.30000305175781,22.3700008392334,3431.280029296875,22985.509765625,1927.699951171875,42.619998931884766
2020-08-25,0.6819999814033508,0.2919999957084656,0.0949999988079071,93.0199966430664,22.030000686645508,3443.6201171875,23296.76953125,1911.800048828125,43.349998474121094
2020-08-26,0.6869999766349792,0.28999999165534973,0.09300000220537186,93.01000213623047,23.270000457763672,3478.72998046875,23290.859375,1940.699951171875,43.38999938964844
2020-08-27,0.7459999918937683,0.3100000023841858,0.0949999988079071,93.01000213623047,24.469999313354492,3484.550048828125,23208.859375,1921.5999755859375,43.040000915527344
2020-08-28,0.7289999723434448,0.2750000059604645,0.0949999988079071,92.37000274658203,22.959999084472656,3508.010009765625,22882.650390625,1964.5999755859375,42.970001220703125
2020-08-31,0.6930000185966492,0.2639999985694885,0.0949999988079071,92.13999938964844,26.40999984741211,3500.31005859375,23139.759765625,1967.5999755859375,42.61000061035156
2020-09-01,0.671999990940094,0.2549999952316284,0.10000000149011612,92.33999633789062,26.1200008392334,3526.64990234375,23138.0703125,1968.199951171875,42.7599983215332
2020-09-02,0.6510000228881836,0.25600001215934753,0.10000000149011612,92.8499984741211,26.56999969482422,3580.840087890625,23247.150390625,1934.4000244140625,41.5099983215332
2020-09-03,0.621999979019165,0.2370000034570694,0.10000000149011612,92.73999786376953,33.599998474121094,3455.06005859375,23465.529296875,1927.5999755859375,41.369998931884766
2020-09-04,0.7210000157356262,0.30399999022483826,0.10300000011920929,92.72000122070312,30.75,3426.9599609375,23205.4296875,1923.9000244140625,39.77000045776367
2020-09-07,,,,,,,23089.94921875,,
2020-09-08,0.6840000152587891,0.2720000147819519,0.1080000028014183,93.4800033569336,31.459999084472656,3331.840087890625,23274.130859375,1933.0,36.7599983215332
2020-09-09,0.703000009059906,0.27900001406669617,0.10499999672174454,93.26000213623047,28.809999465942383,3398.9599609375,23032.5390625,1944.699951171875,38.04999923706055
2020-09-10,0.6850000023841858,0.26600000262260437,0.10300000011920929,93.33999633789062,29.709999084472656,3339.18994140625,23235.470703125,1954.199951171875,37.29999923706055
2020-09-11,0.6690000295639038,0.2529999911785126,0.10300000011920929,93.33000183105469,26.8700008392334,3340.969970703125,23406.490234375,1937.800048828125,37.33000183105469
2020-09-14,0.6710000038146973,0.2630000114440918,0.10000000149011612,93.06999969482422,25.850000381469727,3383.5400390625,23559.30078125,1953.0999755859375,37.2599983215332
2020-09-15,0.6790000200271606,0.26899999380111694,0.10000000149011612,93.05000305175781,25.59000015258789,3401.199951171875,23454.890625,1956.300048828125,38.279998779296875
2020-09-16,0.6869999766349792,0.27399998903274536,0.10000000149011612,93.20999908447266,26.040000915527344,3385.489990234375,23475.529296875,1960.199951171875,40.15999984741211
2020-09-17,0.6840000152587891,0.2709999978542328,0.08500000089406967,92.97000122070312,26.459999084472656,3357.010009765625,23319.369140625,1940.0,40.970001220703125
2020-09-18,0.6940000057220459,0.27900001406669617,0.08299999684095383,92.93000030517578,25.829999923706055,3319.469970703125,23360.30078125,1952.0999755859375,41.11000061035156
2020-09-21,0.6710000038146973,0.2680000066757202,0.07999999821186066,93.54000091552734,27.780000686645508,3281.06005859375,,1901.199951171875,39.310001373291016
2020-09-22,0.6639999747276306,0.25999999046325684,0.08799999952316284,93.98999786376953,26.860000610351562,3315.570068359375,,1898.5999755859375,39.599998474121094
2020-09-23,0.6759999990463257,0.2709999978542328,0.08799999952316284,94.38999938964844,28.579999923706055,3236.919921875,23346.490234375,1859.9000244140625,39.93000030517578
2020-09-24,0.6660000085830688,0.2750000059604645,0.09300000220537186,94.3499984741211,28.510000228881836,3246.590087890625,23087.8203125,1868.300048828125,40.310001373291016
2020-09-25,0.6589999794960022,0.2669999897480011,0.09000000357627869,94.58000183105469,26.3799991607666,3298.4599609375,23204.619140625,1857.699951171875,40.25
2020-09-28,0.6629999876022339,0.26600000262260437,0.08799999952316284,94.26000213623047,26.190000534057617,3351.60009765625,23511.619140625,1872.800048828125,40.599998474121094
2020-09-29,0.6449999809265137,0.25,0.08500000089406967,93.88999938964844,26.270000457763672,3335.469970703125,23539.099609375,1894.300048828125,39.290000915527344
2020-09-30,0.6769999861717224,0.2720000147819519,0.08500000089406967,93.88999938964844,26.3700008392334,3363.0,23185.119140625,1887.5,40.220001220703125
2020-10-01,0.6769999861717224,0.2720000147819519,0.08299999684095383,93.70999908447266,26.700000762939453,3380.800048828125,,1908.4000244140625,38.720001220703125
2020-10-02,0.6959999799728394,0.2849999964237213,0.08500000089406967,93.83999633789062,27.6299991607666,3348.419921875,23029.900390625,1900.199951171875,37.04999923706055
2020-10-05,0.7620000243186951,0.3240000009536743,0.08500000089406967,93.51000213623047,27.959999084472656,3408.60009765625,23312.140625,1912.5,39.220001220703125
2020-10-06,0.7419999837875366,0.3160000145435333,0.08799999952316284,93.83000183105469,29.479999542236328,3360.969970703125,23433.73046875,1901.0999755859375,40.66999816894531
2020-10-07,0.7850000262260437,0.3440000116825104,0.08799999952316284,93.62999725341797,28.059999465942383,3419.43994140625,23422.8203125,1883.5999755859375,39.95000076293945
2020-10-08,0.7649999856948853,0.32600000500679016,0.08799999952316284,93.61000061035156,26.360000610351562,3446.830078125,23647.0703125,1888.5999755859375,41.189998626708984
2020-10-09,0.7749999761581421,0.335999995470047,0.09300000220537186,93.05999755859375,25.0,3477.139892578125,23619.689453125,1919.5,40.599998474121094
2020-10-12,0.7770000100135803,0.33899998664855957,0.09000000357627869,93.06999969482422,25.06999969482422,3534.219970703125,23558.689453125,1922.5,39.43000030517578
2020-10-13,0.7269999980926514,0.3019999861717224,0.09300000220537186,93.52999877929688,26.06999969482422,3511.929931640625,23601.779296875,1888.5,40.20000076293945
2020-10-14,0.722000002861023,0.3019999861717224,0.10000000149011612,93.37999725341797,26.399999618530273,3488.669921875,23626.73046875,1901.300048828125,41.040000915527344
2020-10-15,0.7310000061988831,0.3140000104904175,0.0949999988079071,93.86000061035156,26.969999313354492,3483.340087890625,23507.23046875,1903.199951171875,40.959999084472656
2020-10-16,0.7440000176429749,0.3190000057220459,0.09000000357627869,93.68000030517578,27.40999984741211,3483.81005859375,23410.630859375,1900.800048828125,40.880001068115234
2020-10-19,0.7609999775886536,0.33000001311302185,0.09000000357627869,93.43000030517578,29.18000030517578,3426.919921875,23671.130859375,1906.4000244140625,40.83000183105469
2020-10-20,0.796999990940094,0.34299999475479126,0.0949999988079071,93.06999969482422,29.350000381469727,3443.1201171875,23567.0390625,1910.4000244140625,41.459999084472656
2020-10-21,0.8159999847412109,0.35100001096725464,0.09000000357627869,92.61000061035156,28.649999618530273,3435.56005859375,23639.4609375,1924.5999755859375,40.029998779296875
2020-10-22,0.8479999899864197,0.375,0.08500000089406967,92.94999694824219,28.110000610351562,3453.489990234375,23474.26953125,1901.0999755859375,40.63999938964844
2020-10-23,0.8410000205039978,0.3700000047683716,0.08299999684095383,92.7699966430664,27.549999237060547,3465.389892578125,23516.58984375,1902.0,39.849998474121094
2020-10-26,0.8009999990463257,0.3490000069141388,0.07999999821186066,93.05000305175781,32.459999084472656,3400.969970703125,23494.33984375,1902.699951171875,38.560001373291016
2020-10-27,0.777999997138977,0.33500000834465027,0.09000000357627869,92.94000244140625,33.349998474121094,3390.679931640625,23485.80078125,1908.800048828125,39.56999969482422
2020-10-28,0.781000018119812,0.3330000042915344,0.09000000357627869,93.41000366210938,40.279998779296875,3271.030029296875,23418.509765625,1876.199951171875,37.38999938964844
2020-10-29,0.8349999785423279,0.3720000088214874,0.08299999684095383,93.95999908447266,37.59000015258789,3310.110107421875,23331.939453125,1865.5999755859375,36.16999816894531
2020-10-30,0.8600000143051147,0.38100001215934753,0.08299999684095383,94.04000091552734,38.02000045776367,3269.9599609375,22977.130859375,1877.4000244140625,35.790000915527344
2020-11-02,0.8489999771118164,0.37700000405311584,0.08299999684095383,94.05000305175781,37.130001068115234,3310.239990234375,23295.48046875,1890.4000244140625,36.810001373291016
2020-11-03,0.8820000290870667,0.3930000066757202,0.09000000357627869,93.55000305175781,35.54999923706055,3369.159912109375,,1908.5,37.65999984741211
2020-11-04,0.7680000066757202,0.3230000138282776,0.08299999684095383,93.41000366210938,29.56999969482422,3443.43994140625,23695.23046875,1894.5999755859375,39.150001525878906
2020-11-05,0.7760000228881836,0.33500000834465027,0.08500000089406967,92.52999877929688,27.579999923706055,3510.449951171875,24105.279296875,1945.300048828125,38.790000915527344
2020-11-06,0.8199999928474426,0.3630000054836273,0.08299999684095383,92.2300033569336,24.860000610351562,3509.43994140625,24325.23046875,1950.300048828125,37.13999938964844
2020-11-09,0.9580000042915344,0.44699999690055847,0.08799999952316284,92.7300033569336,25.75,3550.5,24839.83984375,1853.199951171875,40.290000915527344
2020-11-10,0.972000002861023,0.46000000834465027,0.09000000357627869,92.75,24.799999237060547,3545.530029296875,24905.58984375,1875.4000244140625,41.36000061035156
2020-11-11,0.9580000042915344,0.45399999618530273,0.09000000357627869,93.04000091552734,23.450000762939453,3572.659912109375,25349.599609375,1860.699951171875,41.45000076293945
2020-11-12,0.8849999904632568,0.3959999978542328,0.08500000089406967,92.95999908447266,25.350000381469727,3537.010009765625,25520.880859375,1872.5999755859375,41.119998931884766
2020-11-13,0.8930000066757202,0.40299999713897705,0.08299999684095383,92.76000213623047,23.100000381469727,3585.14990234375,25385.869140625,1885.699951171875,40.130001068115234
2020-11-16,0.906000018119812,0.40799999237060547,0.07500000298023224,92.56999969482422,22.450000762939453,3626.909912109375,25906.9296875,1887.300048828125,41.34000015258789
2020-11-17,0.871999979019165,0.38600000739097595,0.07999999821186066,92.41999816894531,22.709999084472656,3609.530029296875,26014.619140625,1884.5,41.43000030517578
2020-11-18,0.8820000290870667,0.39899998903274536,0.07500000298023224,92.31999969482422,23.84000015258789,3567.7900390625,25728.140625,1873.5,41.81999969482422
2020-11-19,0.8539999723434448,0.38600000739097595,0.05999999865889549,92.29000091552734,23.110000610351562,3581.8701171875,25634.33984375,1861.0999755859375,41.7400016784668
2020-11-20,0.8289999961853027,0.37599998712539673,0.057999998331069946,92.38999938964844,23.700000762939453,3557.5400390625,25527.369140625,1872.5999755859375,42.150001525878906
2020-11-23,0.8569999933242798,0.3880000114440918,0.07000000029802322,92.51000213623047,22.65999984741211,3577.590087890625,,1837.800048828125,43.060001373291016
2020-11-24,0.8820000290870667,0.3970000147819519,0.07999999821186066,92.2300033569336,21.639999389648438,3635.409912109375,26165.58984375,1804.800048828125,44.90999984741211
2020-11-25,0.878000020980835,0.3889999985694885,0.07999999821186066,91.98999786376953,21.25,3629.64990234375,26296.859375,1805.699951171875,45.709999084472656
2020-11-26,,,,,,,26537.310546875,,
2020-11-27,0.8420000076293945,0.367000013589859,0.0729999989271164,91.79000091552734,20.84000015258789,3638.35009765625,26644.7109375,1781.9000244140625,45.529998779296875
2020-11-30,0.843999981880188,0.3619999885559082,0.07500000298023224,91.87000274658203,20.56999969482422,3621.6298828125,26433.619140625,1775.699951171875,45.34000015258789
2020-12-01,0.9340000152587891,0.4269999861717224,0.07999999821186066,91.30999755859375,20.770000457763672,3662.449951171875,26787.5390625,1814.0999755859375,44.54999923706055
2020-12-02,0.9480000138282776,0.4230000078678131,0.07500000298023224,91.12000274658203,21.170000076293945,3669.010009765625,26800.98046875,1825.699951171875,45.279998779296875
2020-12-03,0.9200000166893005,0.4050000011920929,0.07500000298023224,90.70999908447266,21.280000686645508,3666.719970703125,26809.369140625,1836.800048828125,45.63999938964844
2020-12-04,0.968999981880188,0.4230000078678131,0.07500000298023224,90.69999694824219,20.790000915527344,3699.1201171875,26751.240234375,1835.9000244140625,46.2599983215332
2020-12-07,0.9279999732971191,0.3889999985694885,0.07000000029802322,90.79000091552734,21.299999237060547,3691.9599609375,26547.439453125,1861.800048828125,45.7599983215332
2020-12-08,0.9129999876022339,0.3880000114440918,0.06800000369548798,90.97000122070312,20.68000030517578,3702.25,26467.080078125,1870.800048828125,45.599998474121094
2020-12-09,0.9409999847412109,0.40799999237060547,0.07000000029802322,91.08999633789062,22.270000457763672,3672.820068359375,26817.939453125,1834.5999755859375,45.52000045776367
2020-12-10,0.9079999923706055,0.382999986410141,0.07000000029802322,90.79000091552734,22.520000457763672,3668.10009765625,26756.240234375,1833.5999755859375,46.779998779296875
2020-12-11,0.8930000066757202,0.3610000014305115,0.06499999761581421,90.9800033569336,23.309999465942383,3663.4599609375,26652.51953125,1839.800048828125,46.56999969482422
2020-12-14,0.8920000195503235,0.3580000102519989,0.05999999865889549,90.70999908447266,24.719999313354492,3647.489990234375,26732.439453125,1828.699951171875,46.9900016784668
2020-12-15,0.9229999780654907,0.375,0.07000000029802322,90.47000122070312,22.889999389648438,3694.6201171875,26687.83984375,1852.300048828125,47.619998931884766
2020-12-16,0.9200000166893005,0.3700000047683716,0.07500000298023224,90.44999694824219,22.5,3701.169921875,26757.400390625,1856.0999755859375,47.81999969482422
2020-12-17,0.9300000071525574,0.37700000405311584,0.07999999821186066,89.81999969482422,21.93000030517578,3722.47998046875,26806.669921875,1887.199951171875,48.36000061035156
2020-12-18,0.9480000138282776,0.38100001215934753,0.07999999821186066,90.0199966430664,21.56999969482422,3709.409912109375,26763.390625,1885.699951171875,49.099998474121094
2020-12-21,0.9409999847412109,0.382999986410141,0.07800000160932541,90.04000091552734,25.15999984741211,3694.919921875,26714.419921875,1879.199951171875,47.7400016784668
2020-12-22,0.9179999828338623,0.36399999260902405,0.07800000160932541,90.6500015258789,24.229999542236328,3687.260009765625,26436.390625,1866.5999755859375,47.02000045776367
2020-12-23,0.9549999833106995,0.37700000405311584,0.07500000298023224,90.41000366210938,23.309999465942383,3690.010009765625,26524.7890625,1874.699951171875,48.119998931884766
2020-12-24,0.9279999732971191,0.36399999260902405,0.07500000298023224,90.33000183105469,21.530000686645508,3703.06005859375,26668.349609375,1879.9000244140625,48.22999954223633
2020-12-25,,,,,,,26656.609375,,
2020-12-28,0.9330000281333923,0.36399999260902405,0.07999999821186066,90.33999633789062,21.700000762939453,3735.360107421875,26854.029296875,1877.199951171875,47.619998931884766
2020-12-29,0.9350000023841858,0.3779999911785126,0.09000000357627869,90.01000213623047,23.079999923706055,3727.0400390625,27568.150390625,1879.699951171875,48.0
2020-12-30,0.9259999990463257,0.3700000047683716,0.07000000029802322,89.62999725341797,22.770000457763672,3732.0400390625,27444.169921875,1891.0,48.400001525878906
2020-12-31,0.9169999957084656,0.3610000014305115,0.06499999761581421,89.94000244140625,22.75,3756.070068359375,,1893.0999755859375,48.52000045776367
2021-01-04,0.9169999957084656,0.3540000021457672,0.06800000369548798,89.87999725341797,26.969999313354492,3700.64990234375,27258.380859375,1944.699951171875,47.619998931884766
2021-01-05,0.9549999833106995,0.37700000405311584,0.07800000160932541,89.44000244140625,25.34000015258789,3726.860107421875,27158.630859375,1952.699951171875,49.93000030517578
2021-01-06,1.0420000553131104,0.4320000112056732,0.07800000160932541,89.52999877929688,25.06999969482422,3748.139892578125,27055.939453125,1906.9000244140625,50.630001068115234
2021-01-07,1.0709999799728394,0.45399999618530273,0.07999999821186066,89.83000183105469,22.3700008392334,3803.7900390625,27490.130859375,1912.300048828125,50.83000183105469
2021-01-08,1.1050000190734863,0.4790000021457672,0.07999999821186066,90.0999984741211,21.559999465942383,3824.679931640625,28139.029296875,1834.0999755859375,52.2400016784668
2021-01-11,1.1319999694824219,0.49799999594688416,0.07999999821186066,90.54000091552734,24.079999923706055,3799.610107421875,,1849.5999755859375,52.25
2021-01-12,1.1380000114440918,0.503000020980835,0.07999999821186066,90.05000305175781,23.329999923706055,3801.18994140625,28164.33984375,1842.9000244140625,53.209999084472656
2021-01-13,1.0880000591278076,0.47600001096725464,0.07999999821186066,90.31999969482422,22.209999084472656,3809.840087890625,28456.58984375,1853.5999755859375,52.90999984741211
2021-01-14,1.128999948501587,0.48399999737739563,0.07500000298023224,90.23999786376953,23.25,3795.5400390625,28698.259765625,1850.300048828125,53.56999969482422
2021-01-15,1.097000002861023,0.45500001311302185,0.07500000298023224,90.77999877929688,24.34000015258789,3768.25,28519.1796875,1829.300048828125,52.36000061035156
2021-01-18,,,,,,,28242.2109375,,
2021-01-19,1.0920000076293945,0.4490000009536743,0.0729999989271164,90.5,23.239999771118164,3798.909912109375,28633.4609375,1839.5,52.97999954223633
2021-01-20,1.090000033378601,0.4490000009536743,0.07500000298023224,90.47000122070312,21.579999923706055,3851.85009765625,28523.259765625,1865.9000244140625,53.2400016784668
2021-01-21,1.1089999675750732,0.44699999690055847,0.0729999989271164,90.12999725341797,21.31999969482422,3853.070068359375,28756.859375,1865.300048828125,53.130001068115234
2021-01-22,1.090999960899353,0.4339999854564667,0.07000000029802322,90.23999786376953,21.90999984741211,3841.469970703125,28631.44921875,1855.699951171875,52.27000045776367
2021-01-25,1.0399999618530273,0.4099999964237213,0.07000000029802322,90.38999938964844,23.190000534057617,3855.360107421875,28822.2890625,1854.9000244140625,52.77000045776367
2021-01-26,1.0399999618530273,0.41200000047683716,0.06800000369548798,90.16999816894531,23.020000457763672,3849.6201171875,28546.1796875,1850.699951171875,52.61000061035156
2021-01-27,1.0140000581741333,0.40700000524520874,0.05999999865889549,90.6500015258789,37.209999084472656,3750.77001953125,28635.2109375,1844.9000244140625,52.849998474121094
2021-01-28,1.0570000410079956,0.4300000071525574,0.054999999701976776,90.45999908447266,30.209999084472656,3787.3798828125,28197.419921875,1837.9000244140625,52.34000015258789
2021-01-29,1.093000054359436,0.4429999887943268,0.04800000041723251,90.58000183105469,33.09000015258789,3714.239990234375,27663.390625,1847.300048828125,52.20000076293945
2021-02-01,1.0770000219345093,0.42399999499320984,0.04800000041723251,91.0199966430664,30.239999771118164,3773.860107421875,28091.05078125,1860.800048828125,53.54999923706055
2021-02-02,1.1050000190734863,0.4449999928474426,0.05000000074505806,91.19999694824219,25.559999465942383,3826.31005859375,28362.169921875,1830.5,54.7599983215332
2021-02-03,1.13100004196167,0.45899999141693115,0.03999999910593033,91.12000274658203,22.90999984741211,3830.169921875,28646.5,1832.199951171875,55.689998626708984
2021-02-04,1.1390000581741333,0.45899999141693115,0.029999999329447746,91.52999877929688,21.770000457763672,3871.739990234375,28341.94921875,1788.9000244140625,56.22999954223633
2021-02-05,1.1699999570846558,0.46700000762939453,0.023000000044703484,91.04000091552734,20.8700008392334,3886.830078125,28779.189453125,1810.9000244140625,56.849998474121094
2021-02-08,1.159999966621399,0.4749999940395355,0.019999999552965164,90.93000030517578,21.239999771118164,3915.590087890625,29388.5,1831.9000244140625,57.970001220703125
2021-02-09,1.156999945640564,0.4740000069141388,0.032999999821186066,90.44000244140625,21.6299991607666,3911.22998046875,29505.9296875,1835.300048828125,58.36000061035156
2021-02-10,1.1330000162124634,0.4560000002384186,0.03500000014901161,90.37000274658203,21.989999771118164,3909.8798828125,29562.9296875,1840.5999755859375,58.68000030517578
2021-02-11,1.1579999923706055,0.460999995470047,0.03500000014901161,90.41999816894531,21.25,3916.3798828125,,1824.9000244140625,58.2400016784668
2021-02-12,1.2000000476837158,0.48500001430511475,0.03500000014901161,90.4800033569336,19.969999313354492,3934.830078125,29520.0703125,1821.5999755859375,59.470001220703125
2021-02-15,,,,,,,30084.150390625,,
2021-02-16,1.2990000247955322,0.5609999895095825,0.03500000014901161,90.51000213623047,21.459999084472656,3932.590087890625,30467.75,1797.199951171875,60.04999923706055
2021-02-17,1.3009999990463257,0.5659999847412109,0.03500000014901161,90.94999694824219,21.5,3931.330078125,30292.189453125,1771.0999755859375,61.13999938964844
2021-02-18,1.2869999408721924,0.5479999780654907,0.023000000044703484,90.58999633789062,22.489999771118164,3913.969970703125,30236.08984375,1773.4000244140625,60.52000045776367
2021-02-19,1.3450000286102295,0.5809999704360962,0.023000000044703484,90.36000061035156,22.049999237060547,3906.7099609375,30017.919921875,1775.800048828125,59.2400016784668
2021-02-22,1.3700000047683716,0.597000002861023,0.02500000037252903,90.01000213623047,23.450000762939453,3876.5,30156.029296875,1806.699951171875,61.4900016784668
2021-02-23,1.3619999885559082,0.5789999961853027,0.023000000044703484,90.16999816894531,23.110000610351562,3881.3701171875,,1804.4000244140625,61.66999816894531
2021-02-24,1.3890000581741333,0.6119999885559082,0.02800000086426735,90.18000030517578,21.34000015258789,3925.429931640625,29671.69921875,1796.4000244140625,63.220001220703125
2021-02-25,1.5180000066757202,0.8019999861717224,0.032999999821186066,90.12999725341797,28.889999389648438,3829.340087890625,30168.26953125,1774.4000244140625,63.529998779296875
2021-02-26,1.4600000381469727,0.7760000228881836,0.03500000014901161,90.93000030517578,27.950000762939453,3811.14990234375,28966.009765625,1728.0999755859375,61.5
2021-03-01,1.4459999799728394,0.7110000252723694,0.02800000086426735,91.04000091552734,23.350000381469727,3901.820068359375,29663.5,1722.5,60.63999938964844
2021-03-02,1.4149999618530273,0.675000011920929,0.03500000014901161,90.79000091552734,24.100000381469727,3870.2900390625,29408.169921875,1733.0999755859375,59.75
2021-03-03,1.4700000286102295,0.7269999980926514,0.03500000014901161,90.94999694824219,26.670000076293945,3819.719970703125,29559.099609375,1715.300048828125,61.279998779296875
2021-03-04,1.5499999523162842,0.7820000052452087,0.02800000086426735,91.62999725341797,28.56999969482422,3768.469970703125,28930.109375,1700.199951171875,63.83000183105469
2021-03-05,1.5540000200271606,0.7850000262260437,0.02800000086426735,91.9800033569336,24.65999984741211,3841.93994140625,28864.3203125,1698.0,66.08999633789062
2021-03-08,1.5959999561309814,0.8500000238418579,0.03500000014901161,92.30999755859375,25.469999313354492,3821.35009765625,28743.25,1677.699951171875,65.05000305175781
2021-03-09,1.5460000038146973,0.8209999799728394,0.03500000014901161,91.95999908447266,24.030000686645508,3875.43994140625,29027.939453125,1716.5999755859375,64.01000213623047
2021-03-10,1.5199999809265137,0.7919999957084656,0.029999999329447746,91.79000091552734,22.559999465942383,3898.81005859375,29036.560546875,1721.5,64.44000244140625
2021-03-11,1.5269999504089355,0.777999997138977,0.02800000086426735,91.41999816894531,21.90999984741211,3939.340087890625,29211.640625,1722.300048828125,66.0199966430664
2021-03-12,1.6349999904632568,0.847000002861023,0.02500000037252903,91.68000030517578,20.690000534057617,3943.340087890625,29717.830078125,1719.5,65.61000061035156
2021-03-15,1.6069999933242798,0.8309999704360962,0.014999999664723873,91.83000183105469,20.030000686645508,3968.93994140625,29766.970703125,1728.9000244140625,65.38999938964844
2021-03-16,1.621000051498413,0.8240000009536743,0.00800000037997961,91.87000274658203,19.790000915527344,3962.7099609375,29921.08984375,1730.5999755859375,64.80000305175781
2021-03-17,1.6410000324249268,0.7799999713897705,0.00800000037997961,91.4000015258789,19.229999542236328,3974.1201171875,29914.330078125,1726.800048828125,64.5999984741211
2021-03-18,1.7300000190734863,0.8690000176429749,0.003000000026077032,91.8499984741211,21.579999923706055,3915.4599609375,30216.75,1732.199951171875,60.0
2021-03-19,1.7319999933242798,0.8809999823570251,0.004999999888241291,91.91999816894531,20.950000762939453,3913.10009765625,29792.05078125,1741.4000244140625,61.41999816894531
2021-03-22,1.684000015258789,0.8600000143051147,0.004999999888241291,91.80000305175781,18.8799991607666,3940.590087890625,29174.150390625,1737.800048828125,61.54999923706055
2021-03-23,1.6380000114440918,0.8289999961853027,0.009999999776482582,92.33999633789062,20.299999237060547,3910.52001953125,28995.919921875,1724.699951171875,57.7599983215332
2021-03-24,1.6139999628067017,0.8140000104904175,0.014999999664723873,92.52999877929688,21.200000762939453,3889.139892578125,28405.51953125,1732.9000244140625,61.18000030517578
2021-03-25,1.6139999628067017,0.8190000057220459,0.014999999664723873,92.87999725341797,19.809999465942383,3909.52001953125,28729.880859375,1724.9000244140625,58.560001373291016
2021-03-26,1.659999966621399,0.8560000061988831,0.014999999664723873,92.7699966430664,18.860000610351562,3974.5400390625,29176.69921875,1732.199951171875,60.970001220703125
2021-03-29,1.7209999561309814,0.890999972820282,0.00800000037997961,92.94000244140625,20.739999771118164,3971.090087890625,29384.51953125,1712.0999755859375,61.560001373291016
2021-03-30,1.7259999513626099,0.9100000262260437,0.013000000268220901,93.30000305175781,19.610000610351562,3958.550048828125,29432.69921875,1683.9000244140625,60.54999923706055
2021-03-31,1.746000051498413,0.9380000233650208,0.013000000268220901,93.2300033569336,19.399999618530273,3972.889892578125,29178.80078125,1713.800048828125,59.15999984741211
2021-04-01,1.6790000200271606,0.9070000052452087,0.00800000037997961,92.93000030517578,17.329999923706055,4019.8701171875,29388.869140625,1726.5,61.45000076293945
2021-04-02,,,,,,,29854.0,,
2021-04-05,1.7200000286102295,0.9409999847412109,0.014999999664723873,92.5999984741211,17.90999984741211,4077.909912109375,30089.25,1727.0,58.650001525878906
2021-04-06,1.656000018119812,0.871999979019165,0.014999999664723873,92.33999633789062,18.1200008392334,4073.93994140625,29696.630859375,1741.5,59.33000183105469
2021-04-07,1.652999997138977,0.8560000061988831,0.009999999776482582,92.45999908447266,17.15999984741211,4079.949951171875,29730.7890625,1740.0999755859375,59.77000045776367
2021-04-08,1.6319999694824219,0.8399999737739563,0.004999999888241291,92.05999755859375,16.950000762939453,4097.169921875,29708.98046875,1756.800048828125,59.599998474121094
2021-04-09,1.6660000085830688,0.8679999709129333,0.003000000026077032,92.16000366210938,16.690000534057617,4128.7998046875,29768.060546875,1743.300048828125,59.31999969482422
2021-04-12,1.6749999523162842,0.8899999856948853,0.009999999776482582,92.13999938964844,16.90999984741211,4127.990234375,29538.73046875,1731.199951171875,59.70000076293945
2021-04-13,1.6230000257492065,0.8399999737739563,0.014999999664723873,91.8499984741211,16.649999618530273,4141.58984375,29751.609375,1746.199951171875,60.18000030517578
2021-04-14,1.6380000114440918,0.8600000143051147,0.014999999664723873,91.69000244140625,16.989999771118164,4124.66015625,29620.990234375,1734.9000244140625,63.150001525878906
2021-04-15,1.5299999713897705,0.7919999957084656,0.009999999776482582,91.66999816894531,16.56999969482422,4170.419921875,29642.689453125,1765.4000244140625,63.459999084472656
2021-04-16,1.5729999542236328,0.8209999799728394,0.00800000037997961,91.55999755859375,16.25,4185.47021484375,29683.369140625,1779.0,63.130001068115234
2021-04-19,1.6009999513626099,0.8309999704360962,0.014999999664723873,91.06999969482422,17.290000915527344,4163.259765625,29685.369140625,1769.4000244140625,63.380001068115234
2021-04-20,1.562000036239624,0.7950000166893005,0.014999999664723873,91.23999786376953,18.68000030517578,4134.93994140625,29100.380859375,1777.300048828125,62.439998626708984
2021-04-21,1.5640000104904175,0.8019999861717224,0.013000000268220901,91.16000366210938,17.5,4173.419921875,28508.55078125,1792.300048828125,61.349998474121094
2021-04-22,1.5540000200271606,0.8019999861717224,0.014999999664723873,91.33000183105469,18.709999084472656,4134.97998046875,29188.169921875,1781.199951171875,61.43000030517578
2021-04-23,1.5670000314712524,0.8159999847412109,0.014999999664723873,90.86000061035156,17.329999923706055,4180.169921875,29020.630859375,1777.0,62.13999938964844
2021-04-26,1.5700000524520874,0.8309999704360962,0.00800000037997961,90.80999755859375,17.639999389648438,4187.6201171875,29126.23046875,1779.199951171875,61.90999984741211
2021-04-27,1.621999979019165,0.878000020980835,0.009999999776482582,90.91000366210938,17.559999465942383,4186.72021484375,28991.890625,1778.0,62.939998626708984
2021-04-28,1.6200000047683716,0.8640000224113464,0.00800000037997961,90.61000061035156,17.280000686645508,4183.18017578125,29053.970703125,1773.199951171875,63.86000061035156
2021-04-29,1.6399999856948853,0.8669999837875366,0.00800000037997961,90.61000061035156,17.610000610351562,4211.47021484375,,1768.0999755859375,65.01000213623047
2021-04-30,1.63100004196167,0.8569999933242798,0.003000000026077032,91.27999877929688,18.610000610351562,4181.169921875,28812.630859375,1767.300048828125,63.58000183105469
2021-05-03,1.6069999933242798,0.8289999961853027,0.004999999888241291,90.94999694824219,18.309999465942383,4192.66015625,,1791.4000244140625,64.48999786376953
2021-05-04,1.5920000076293945,0.8209999799728394,0.009999999776482582,91.29000091552734,19.479999542236328,4164.66015625,,1775.800048828125,65.69000244140625
2021-05-05,1.5839999914169312,0.8029999732971191,0.00800000037997961,91.30999755859375,19.149999618530273,4167.58984375,,1784.0999755859375,65.62999725341797
2021-05-06,1.5609999895095825,0.796999990940094,0.00800000037997961,90.94999694824219,18.389999389648438,4201.6201171875,29331.369140625,1815.5,64.70999908447266
2021-05-07,1.5770000219345093,0.7710000276565552,0.00800000037997961,90.2300033569336,16.690000534057617,4232.60009765625,29357.8203125,1831.0999755859375,64.9000015258789
2021-05-10,1.6019999980926514,0.7820000052452087,0.004999999888241291,90.20999908447266,19.65999984741211,4188.43017578125,29518.33984375,1837.5,64.91999816894531
2021-05-11,1.6239999532699585,0.8009999990463257,0.009999999776482582,90.13999938964844,21.84000015258789,4152.10009765625,28608.58984375,1835.9000244140625,65.27999877929688
2021-05-12,1.6950000524520874,0.8640000224113464,0.009999999776482582,90.70999908447266,27.59000015258789,4063.0400390625,28147.509765625,1822.5999755859375,66.08000183105469
2021-05-13,1.6679999828338623,0.8370000123977661,0.00800000037997961,90.75,23.1299991607666,4112.5,27448.009765625,1823.800048828125,63.81999969482422
2021-05-14,1.6349999904632568,0.8159999847412109,0.004999999888241291,90.31999969482422,18.809999465942383,4173.85009765625,28084.470703125,1837.9000244140625,65.37000274658203
2021-05-17,1.6399999856948853,0.8289999961853027,0.004999999888241291,90.22000122070312,19.719999313354492,4163.2900390625,27824.830078125,1867.5,66.2699966430664
2021-05-18,1.6419999599456787,0.8190000057220459,0.009999999776482582,89.75,21.34000015258789,4127.830078125,28406.83984375,1867.800048828125,65.48999786376953
2021-05-19,1.6829999685287476,0.8629999756813049,0.004999999888241291,90.19000244140625,22.18000030517578,4115.68017578125,28044.44921875,1881.300048828125,63.36000061035156
2021-05-20,1.6339999437332153,0.8149999976158142,0.003000000026077032,89.80999755859375,20.670000076293945,4159.1201171875,28098.25,1881.800048828125,62.04999923706055
2021-05-21,1.6319999694824219,0.828000009059906,0.003000000026077032,90.0199966430664,20.149999618530273,4155.85986328125,28317.830078125,1876.699951171875,63.58000183105469
2021-05-24,1.6080000400543213,0.8069999814033508,0.003000000026077032,89.83000183105469,18.399999618530273,4197.0498046875,28364.609375,1884.5999755859375,66.05000305175781
2021-05-25,1.5640000104904175,0.7739999890327454,0.009999999776482582,89.63999938964844,18.84000015258789,4188.1298828125,28553.98046875,1898.0999755859375,66.06999969482422
2021-05-26,1.5740000009536743,0.777999997138977,0.004999999888241291,90.04000091552734,17.360000610351562,4195.990234375,28642.189453125,1901.300048828125,66.20999908447266
2021-05-27,1.6100000143051147,0.8140000104904175,0.004999999888241291,89.97000122070312,16.739999771118164,4200.8798828125,28549.009765625,1895.699951171875,66.8499984741211
2021-05-28,1.5809999704360962,0.7879999876022339,0.00800000037997961,90.02999877929688,16.760000228881836,4204.10986328125,29149.41015625,1902.5,66.31999969482422
2021-05-31,,,,,,,28860.080078125,,
2021-06-01,1.6150000095367432,0.8090000152587891,0.009999999776482582,89.83000183105469,17.899999618530273,4202.0400390625,28814.33984375,1902.9000244140625,67.72000122070312
2021-06-02,1.590999960899353,0.7960000038146973,0.014999999664723873,89.9000015258789,17.479999542236328,4208.1201171875,28946.140625,1907.5,68.83000183105469
2021-06-03,1.625,0.8450000286102295,0.014999999664723873,90.5,18.040000915527344,4192.85009765625,29058.109375,1871.199951171875,68.80999755859375
2021-06-04,1.559999942779541,0.7839999794960022,0.014999999664723873,90.13999938964844,16.420000076293945,4229.89013671875,28941.51953125,1889.800048828125,69.62000274658203
2021-06-07,1.569000005722046,0.7929999828338623,0.017999999225139618,89.94999694824219,16.420000076293945,4226.52001953125,29019.240234375,1896.800048828125,69.2300033569336
2021-06-08,1.527999997138977,0.765999972820282,0.019999999552965164,90.08000183105469,17.06999969482422,4227.259765625,28963.560546875,1892.199951171875,70.05000305175781
2021-06-09,1.4889999628067017,0.7450000047683716,0.019999999552965164,90.12000274658203,17.889999389648438,4219.5498046875,28860.80078125,1893.199951171875,69.95999908447266
2021-06-10,1.4589999914169312,0.7310000061988831,0.019999999552965164,90.08000183105469,16.100000381469727,4239.18017578125,28958.560546875,1894.199951171875,70.29000091552734
2021-06-11,1.4620000123977661,0.7480000257492065,0.017999999225139618,90.55999755859375,15.649999618530273,4247.43994140625,28948.73046875,1877.4000244140625,70.91000366210938
2021-06-14,1.5010000467300415,0.7870000004768372,0.014999999664723873,90.5199966430664,16.389999389648438,4255.14990234375,29161.80078125,1864.0,70.87999725341797
2021-06-15,1.4989999532699585,0.7850000262260437,0.019999999552965164,90.54000091552734,17.020000457763672,4246.58984375,29441.30078125,1854.5,72.12000274658203
2021-06-16,1.569000005722046,0.8820000290870667,0.02800000086426735,91.12999725341797,18.149999618530273,4223.7001953125,29291.009765625,1859.5,72.1500015258789
2021-06-17,1.5110000371932983,0.8790000081062317,0.02800000086426735,91.88999938964844,17.75,4221.85986328125,29018.330078125,1773.800048828125,71.04000091552734
2021-06-18,1.4500000476837158,0.8859999775886536,0.02800000086426735,92.2300033569336,20.700000762939453,4166.4501953125,28964.080078125,1767.9000244140625,71.63999938964844
2021-06-21,1.4839999675750732,0.8840000033378601,0.029999999329447746,91.86000061035156,17.889999389648438,4224.7900390625,28010.9296875,1781.800048828125,73.66000366210938
2021-06-22,1.472000002861023,0.859000027179718,0.03799999877810478,91.7300033569336,16.65999984741211,4246.43994140625,28884.130859375,1776.300048828125,73.05999755859375
2021-06-23,1.4869999885559082,0.8799999952316284,0.03999999910593033,91.80000305175781,16.31999969482422,4241.83984375,28874.890625,1782.300048828125,73.08000183105469
2021-06-24,1.4869999885559082,0.9070000052452087,0.0430000014603138,91.81999969482422,15.970000267028809,4266.490234375,28875.23046875,1775.5999755859375,73.30000305175781
2021-06-25,1.5360000133514404,0.9300000071525574,0.0430000014603138,91.80999755859375,15.619999885559082,4280.7001953125,29066.1796875,1776.5999755859375,74.05000305175781
2021-06-28,1.4780000448226929,0.8960000276565552,0.03999999910593033,91.87999725341797,15.760000228881836,4290.60986328125,29048.01953125,1779.5999755859375,72.91000366210938
2021-06-29,1.4800000190734863,0.890999972820282,0.03999999910593033,92.05000305175781,16.020000457763672,4291.7998046875,28812.609375,1762.800048828125,72.9800033569336
2021-06-30,1.4429999589920044,0.8730000257492065,0.03999999910593033,92.44000244140625,15.829999923706055,4297.5,28791.529296875,1770.800048828125,73.47000122070312
2021-07-01,1.4800000190734863,0.9020000100135803,0.03999999910593033,92.5999984741211,15.479999542236328,4319.93994140625,28707.0390625,1775.9000244140625,75.2300033569336
2021-07-02,1.430999994277954,0.859000027179718,0.03799999877810478,92.2300033569336,15.069999694824219,4352.33984375,28783.279296875,1782.5999755859375,75.16000366210938
2021-07-05,,,,,,,28598.189453125,,
2021-07-06,1.3700000047683716,0.8090000152587891,0.03999999910593033,92.55000305175781,16.440000534057617,4343.5400390625,28643.2109375,1793.5,73.37000274658203
2021-07-07,1.3209999799728394,0.7799999713897705,0.0430000014603138,92.63999938964844,16.200000762939453,4358.1298828125,28366.94921875,1801.5,72.19999694824219
2021-07-08,1.2879999876022339,0.7360000014305115,0.0430000014603138,92.36000061035156,19.0,4320.81982421875,28118.029296875,1799.5999755859375,72.94000244140625
2021-07-09,1.3559999465942383,0.7870000004768372,0.0430000014603138,92.12999725341797,16.18000030517578,4369.5498046875,27940.419921875,1810.0,74.55999755859375
2021-07-12,1.3630000352859497,0.7960000038146973,0.0430000014603138,92.2300033569336,16.170000076293945,4384.6298828125,28569.01953125,1805.5,74.0999984741211
2021-07-13,1.4149999618530273,0.8479999899864197,0.04500000178813934,92.75,17.1200008392334,4369.2099609375,28718.240234375,1809.4000244140625,75.25
2021-07-14,1.3559999465942383,0.7990000247955322,0.04500000178813934,92.41000366210938,16.329999923706055,4374.2998046875,28608.490234375,1824.300048828125,73.12999725341797
2021-07-15,1.2970000505447388,0.7749999761581421,0.03799999877810478,92.62000274658203,17.010000228881836,4360.02978515625,28279.08984375,1828.4000244140625,71.6500015258789
2021-07-16,1.2999999523162842,0.777999997138977,0.03799999877810478,92.69000244140625,18.450000762939453,4327.16015625,28003.080078125,1814.5,71.80999755859375
2021-07-19,1.180999994277954,0.6899999976158142,0.03999999910593033,92.88999938964844,22.5,4258.490234375,27652.740234375,1808.699951171875,66.41999816894531
2021-07-20,1.2089999914169312,0.6740000247955322,0.04500000178813934,92.97000122070312,19.729999542236328,4323.06005859375,27388.16015625,1810.9000244140625,67.41999816894531
2021-07-21,1.2799999713897705,0.7310000061988831,0.04500000178813934,92.75,17.90999984741211,4358.68994140625,27548.0,1802.9000244140625,70.30000305175781
2021-07-22,1.2649999856948853,0.7120000123977661,0.0430000014603138,92.81999969482422,17.690000534057617,4367.47998046875,,1805.0,71.91000366210938
2021-07-23,1.2860000133514404,0.7179999947547913,0.04500000178813934,92.91000366210938,17.200000762939453,4411.7900390625,,1801.4000244140625,72.06999969482422
2021-07-26,1.2760000228881836,0.7129999995231628,0.03999999910593033,92.6500015258789,17.579999923706055,4422.2998046875,27833.2890625,1798.699951171875,71.91000366210938
2021-07-27,1.2339999675750732,0.6940000057220459,0.04500000178813934,92.43000030517578,19.360000610351562,4401.4599609375,27970.220703125,1799.5,71.6500015258789
2021-07-28,1.2610000371932983,0.7400000095367432,0.04500000178813934,92.31999969482422,18.309999465942383,4400.64013671875,27581.66015625,1799.5,72.38999938964844
2021-07-29,1.2690000534057617,0.7300000190734863,0.03999999910593033,91.86000061035156,17.700000762939453,4419.14990234375,27782.419921875,1831.199951171875,73.62000274658203
2021-07-30,1.2389999628067017,0.703000009059906,0.03999999910593033,92.16999816894531,18.239999771118164,4395.259765625,27283.58984375,1812.5999755859375,73.94999694824219
2021-08-02,1.1740000247955322,0.6510000228881836,0.03799999877810478,92.05000305175781,19.459999084472656,4387.16015625,27781.01953125,1818.0999755859375,71.26000213623047
2021-08-03,1.1759999990463257,0.6510000228881836,0.04500000178813934,92.08000183105469,18.040000915527344,4423.14990234375,27641.830078125,1810.0999755859375,70.55999755859375
2021-08-04,1.184000015258789,0.675000011920929,0.04500000178813934,92.2699966430664,17.969999313354492,4402.66015625,27584.080078125,1810.5,68.1500015258789
2021-08-05,1.2170000076293945,0.718999981880188,0.0430000014603138,92.23999786376953,17.280000686645508,4429.10009765625,27728.119140625,1805.0999755859375,69.08999633789062
2021-08-06,1.2899999618530273,0.7649999856948853,0.0430000014603138,92.80000305175781,16.149999618530273,4436.52001953125,27820.0390625,1760.0,68.27999877929688
2021-08-09,1.3170000314712524,0.7919999957084656,0.04500000178813934,92.94999694824219,16.719999313354492,4432.35009765625,,1723.4000244140625,66.4800033569336
2021-08-10,1.3420000076293945,0.8230000138282776,0.05000000074505806,93.05999755859375,16.790000915527344,4436.75,27888.150390625,1728.800048828125,68.29000091552734
2021-08-11,1.3289999961853027,0.8019999861717224,0.04500000178813934,92.91000366210938,16.170000076293945,4442.41015625,28070.509765625,1750.4000244140625,69.25
2021-08-12,1.3669999837875366,0.8309999704360962,0.0430000014603138,93.04000091552734,15.59000015258789,4460.830078125,28015.01953125,1749.0,69.08999633789062
2021-08-13,1.2970000505447388,0.7879999876022339,0.04500000178813934,92.5199966430664,15.449999809265137,4468.0,27977.150390625,1775.199951171875,68.44000244140625
2021-08-16,1.2569999694824219,0.7509999871253967,0.057999998331069946,92.62999725341797,16.1200008392334,4479.7099609375,27523.189453125,1786.9000244140625,67.29000091552734
2021-08-17,1.2580000162124634,0.7639999985694885,0.06300000101327896,93.12999725341797,17.90999984741211,4448.080078125,27424.470703125,1785.0,66.58999633789062
2021-08-18,1.2730000019073486,0.777999997138977,0.054999999701976776,93.13999938964844,21.56999969482422,4400.27001953125,27585.91015625,1781.5999755859375,65.45999908447266
2021-08-19,1.2419999837875366,0.7649999856948853,0.0430000014603138,93.56999969482422,21.670000076293945,4405.7998046875,27281.169921875,1780.199951171875,63.689998626708984
2021-08-20,1.2599999904632568,0.7850000262260437,0.0430000014603138,93.5,18.559999465942383,4441.669921875,27013.25,1781.0,62.31999969482422
2021-08-23,1.2549999952316284,0.7720000147819519,0.03999999910593033,92.95999908447266,17.149999618530273,4479.52978515625,27494.240234375,1803.199951171875,65.63999938964844
2021-08-24,1.2899999618530273,0.7929999828338623,0.04800000041723251,92.88999938964844,17.219999313354492,4486.22998046875,27732.099609375,1805.5999755859375,67.54000091552734
2021-08-25,1.3420000076293945,0.8190000057220459,0.04500000178813934,92.83000183105469,16.790000915527344,4496.18994140625,27724.80078125,1788.199951171875,68.36000061035156
2021-08-26,1.3420000076293945,0.8429999947547913,0.0430000014603138,93.05999755859375,18.84000015258789,4470.0,27742.2890625,1792.199951171875,67.41999816894531
2021-08-27,1.312000036239624,0.800000011920929,0.0430000014603138,92.69000244140625,16.389999389648438,4509.3701171875,27641.140625,1816.5999755859375,68.73999786376953
2021-08-30,1.284999966621399,0.7710000276565552,0.03799999877810478,92.6500015258789,16.190000534057617,4528.7900390625,27789.2890625,1809.0,69.20999908447266
2021-08-31,1.3040000200271606,0.7720000147819519,0.03999999910593033,92.62999725341797,16.479999542236328,4522.68017578125,28089.5390625,1815.0,68.5
2021-09-01,1.3020000457763672,0.7799999713897705,0.03999999910593033,92.44999694824219,16.110000610351562,4524.08984375,28451.01953125,1813.0999755859375,68.58999633789062
2021-09-02,1.2940000295639038,0.7760000228881836,0.03999999910593033,92.2300033569336,16.40999984741211,4536.9501953125,28543.509765625,1808.699951171875,69.98999786376953
2021-09-03,1.3220000267028809,0.7850000262260437,0.03999999910593033,92.04000091552734,16.40999984741211,4535.43017578125,29128.109375,1830.9000244140625,69.29000091552734
2021-09-06,,,,,,,29659.890625,,
2021-09-07,1.3700000047683716,0.8190000057220459,0.03500000014901161,92.5199966430664,18.139999389648438,4520.02978515625,29916.140625,1795.9000244140625,68.3499984741211
2021-09-08,1.3339999914169312,0.8059999942779541,0.03999999910593033,92.6500015258789,17.959999084472656,4514.06982421875,30181.2109375,1790.699951171875,69.30000305175781
2021-09-09,1.2990000247955322,0.7870000004768372,0.03799999877810478,92.4800033569336,18.799999237060547,4493.27978515625,30008.189453125,1797.4000244140625,68.13999938964844
2021-09-10,1.340999960899353,0.8159999847412109,0.03799999877810478,92.58000183105469,20.950000762939453,4458.580078125,30381.83984375,1789.5999755859375,69.72000122070312
2021-09-13,1.3240000009536743,0.8050000071525574,0.03799999877810478,92.62000274658203,19.3700008392334,4468.72998046875,30447.369140625,1792.0,70.44999694824219
2021-09-14,1.2769999504089355,0.7789999842643738,0.03500000014901161,92.6500015258789,19.459999084472656,4443.0498046875,30670.099609375,1804.699951171875,70.45999908447266
2021-09-15,1.3040000200271606,0.800000011920929,0.03500000014901161,92.48999786376953,18.18000030517578,4480.7001953125,30511.7109375,1792.4000244140625,72.61000061035156
2021-09-16,1.3309999704360962,0.8339999914169312,0.029999999329447746,92.86000061035156,18.690000534057617,4473.75,30323.33984375,1754.5999755859375,72.61000061035156
2021-09-17,1.3700000047683716,0.8659999966621399,0.02800000086426735,93.19999694824219,20.809999465942383,4432.990234375,30500.05078125,1749.4000244140625,71.97000122070312
2021-09-20,1.309000015258789,0.8209999799728394,0.02500000037252903,93.23999786376953,25.709999084472656,4357.72998046875,,1761.800048828125,70.29000091552734
2021-09-21,1.3240000009536743,0.8289999961853027,0.019999999552965164,93.19999694824219,24.360000610351562,4354.18994140625,29839.7109375,1776.0,70.55999755859375
2021-09-22,1.3359999656677246,0.871999979019165,0.02500000037252903,93.45999908447266,20.8700008392334,4395.64013671875,29639.400390625,1776.699951171875,72.2300033569336
2021-09-23,1.409999966621399,0.9290000200271606,0.02500000037252903,93.0999984741211,18.6299991607666,4448.97998046875,,1747.699951171875,73.30000305175781
2021-09-24,1.4600000381469727,0.9570000171661377,0.02500000037252903,93.33000183105469,17.75,4455.47998046875,30248.810546875,1749.699951171875,73.9800033569336
2021-09-27,1.4839999675750732,0.9829999804496765,0.02500000037252903,93.37999725341797,18.760000228881836,4443.10986328125,30240.060546875,1750.0,75.44999694824219
2021-09-28,1.534000039100647,1.0230000019073486,0.029999999329447746,93.7699966430664,23.25,4352.6298828125,30183.9609375,1735.800048828125,75.29000091552734
2021-09-29,1.5410000085830688,1.0119999647140503,0.029999999329447746,94.33999633789062,22.559999465942383,4359.4599609375,29544.2890625,1721.5,74.83000183105469
2021-09-30,1.5290000438690186,0.996999979019165,0.02800000086426735,94.25,23.139999389648438,4307.5400390625,29452.66015625,1755.300048828125,75.02999877929688
2021-10-01,1.4789999723434448,0.9409999847412109,0.02800000086426735,94.04000091552734,21.100000381469727,4357.0400390625,28771.0703125,1757.0,75.87999725341797
2021-10-04,1.4809999465942383,0.9440000057220459,0.02800000086426735,93.80999755859375,22.959999084472656,4300.4599609375,28444.890625,1766.199951171875,77.62000274658203
2021-10-05,1.5290000438690186,0.9779999852180481,0.03500000014901161,93.9800033569336,21.299999237060547,4345.72021484375,27822.119140625,1759.5999755859375,78.93000030517578
2021-10-06,1.5240000486373901,0.9850000143051147,0.03999999910593033,94.2699966430664,21.0,4363.5498046875,27528.869140625,1760.5,77.43000030517578
2021-10-07,1.5709999799728394,1.0190000534057617,0.03999999910593033,94.22000122070312,19.540000915527344,4399.759765625,27678.2109375,1757.9000244140625,78.30000305175781
2021-10-08,1.6050000190734863,1.0479999780654907,0.03999999910593033,94.06999969482422,18.770000457763672,4391.33984375,28048.939453125,1756.300048828125,79.3499984741211
2021-10-11,1.6139999628067017,1.059999942779541,0.03999999910593033,94.31999969482422,20.0,4361.18994140625,28498.19921875,1754.5999755859375,80.5199966430664
2021-10-12,1.5800000429153442,1.0740000009536743,0.03999999910593033,94.5199966430664,19.850000381469727,4350.64990234375,28230.609375,1758.300048828125,80.63999938964844
2021-10-13,1.5490000247955322,1.0870000123977661,0.04500000178813934,94.08000183105469,18.639999389648438,4363.7998046875,28140.279296875,1793.699951171875,80.44000244140625
2021-10-14,1.5190000534057617,1.0499999523162842,0.03999999910593033,93.95999908447266,16.860000610351562,4438.259765625,28550.9296875,1796.699951171875,81.30999755859375
2021-10-15,1.5759999752044678,1.121999979019165,0.03799999877810478,93.94000244140625,16.299999237060547,4471.3701171875,29068.630859375,1767.199951171875,82.27999877929688
2021-10-18,1.5839999914169312,1.1619999408721924,0.0430000014603138,93.94999694824219,16.309999465942383,4486.4599609375,29025.4609375,1764.800048828125,82.44000244140625
2021-10-19,1.6349999904632568,1.156999945640564,0.05000000074505806,93.79000091552734,15.699999809265137,4519.6298828125,29215.51953125,1769.699951171875,82.95999908447266
2021-10-20,1.6360000371932983,1.1469999551773071,0.05000000074505806,93.55999755859375,15.489999771118164,4536.18994140625,29255.55078125,1784.0999755859375,83.87000274658203
2021-10-21,1.6759999990463257,1.2120000123977661,0.05000000074505806,93.7699966430664,15.010000228881836,4549.77978515625,28708.580078125,1781.199951171875,82.5
2021-10-22,1.6549999713897705,1.2109999656677246,0.05000000074505806,93.61000061035156,15.430000305175781,4544.89990234375,28804.849609375,1795.5,83.76000213623047
2021-10-25,1.6349999904632568,1.1759999990463257,0.05000000074505806,93.80999755859375,15.239999771118164,4566.47998046875,28600.41015625,1806.0,83.76000213623047
2021-10-26,1.61899995803833,1.1829999685287476,0.05000000074505806,93.94999694824219,15.979999542236328,4574.7900390625,29106.009765625,1792.699951171875,84.6500015258789
2021-10-27,1.5290000438690186,1.1380000114440918,0.05000000074505806,93.86000061035156,16.979999542236328,4551.68017578125,29098.240234375,1797.9000244140625,82.66000366210938
2021-10-28,1.5679999589920044,1.187999963760376,0.04800000041723251,93.3499984741211,16.530000686645508,4596.419921875,28820.08984375,1801.5999755859375,82.80999755859375
2021-10-29,1.5570000410079956,1.187999963760376,0.04800000041723251,94.12000274658203,16.260000228881836,4605.3798828125,28892.689453125,1783.0,83.56999969482422
2021-11-01,1.5750000476837158,1.1979999542236328,0.03999999910593033,93.87999725341797,16.40999984741211,4613.669921875,29647.080078125,1795.0999755859375,84.05000305175781
2021-11-02,1.5490000247955322,1.1490000486373901,0.04500000178813934,94.08999633789062,16.030000686645508,4630.64990234375,29520.900390625,1788.699951171875,83.91000366210938
2021-11-03,1.5789999961853027,1.184999942779541,0.04500000178813934,93.86000061035156,15.100000381469727,4660.56982421875,,1763.5999755859375,80.86000061035156
2021-11-04,1.5240000486373901,1.1039999723434448,0.03500000014901161,94.3499984741211,15.4399995803833,4680.06005859375,29794.369140625,1793.0,78.80999755859375
2021-11-05,1.4529999494552612,1.0540000200271606,0.03999999910593033,94.31999969482422,16.479999542236328,4697.52978515625,29611.5703125,1816.4000244140625,81.2699966430664
2021-11-08,1.496999979019165,1.1200000047683716,0.03500000014901161,94.05000305175781,17.219999313354492,4701.7001953125,29507.05078125,1827.4000244140625,81.93000030517578
2021-11-09,1.4320000410079956,1.0679999589920044,0.03999999910593033,93.95999908447266,17.780000686645508,4685.25,29285.4609375,1830.199951171875,84.1500015258789
2021-11-10,1.559999942779541,1.2139999866485596,0.04500000178813934,94.8499984741211,18.729999542236328,4646.7099609375,29106.779296875,1847.5999755859375,81.33999633789062
2021-11-11,1.559999942779541,1.2209999561309814,0.03999999910593033,95.18000030517578,17.65999984741211,4649.27001953125,29277.859375,1863.199951171875,81.58999633789062
2021-11-12,1.5820000171661377,1.2359999418258667,0.0430000014603138,95.12999725341797,16.290000915527344,4682.85009765625,29609.970703125,1867.9000244140625,80.79000091552734
2021-11-15,1.6230000257492065,1.2569999694824219,0.03799999877810478,95.41000366210938,16.489999771118164,4682.7998046875,29776.80078125,1866.0999755859375,80.87999725341797
2021-11-16,1.6339999437332153,1.2669999599456787,0.03999999910593033,95.91999816894531,16.3700008392334,4700.89990234375,29808.119140625,1853.5999755859375,80.76000213623047
2021-11-17,1.6039999723434448,1.2359999418258667,0.04500000178813934,95.83000183105469,17.110000610351562,4688.669921875,29688.330078125,1869.699951171875,78.36000061035156
2021-11-18,1.5889999866485596,1.2230000495910645,0.04500000178813934,95.54000091552734,17.59000015258789,4704.5400390625,29598.66015625,1861.0,79.01000213623047
2021-11-19,1.5360000133514404,1.2029999494552612,0.04500000178813934,96.06999969482422,17.90999984741211,4697.9599609375,29745.869140625,1851.199951171875,76.0999984741211
2021-11-22,1.625,1.309999942779541,0.03999999910593033,96.5,19.170000076293945,4682.93994140625,29774.109375,1806.0,76.75
2021-11-23,1.6670000553131104,1.3339999914169312,0.04500000178813934,96.48999786376953,19.3799991607666,4690.7001953125,,1783.5,78.5
2021-11-24,1.6449999809265137,1.343999981880188,0.05000000074505806,96.83999633789062,18.579999923706055,4701.4599609375,29302.66015625,1784.0999755859375,78.38999938964844
2021-11-25,,,,,,,29499.279296875,,
2021-11-26,1.4819999933242798,1.1690000295639038,0.0430000014603138,96.08999633789062,28.6200008392334,4594.6201171875,28751.619140625,1785.300048828125,68.1500015258789
2021-11-29,1.5299999713897705,1.184999942779541,0.03799999877810478,96.33999633789062,22.959999084472656,4655.27001953125,28283.919921875,1782.300048828125,69.94999694824219
2021-11-30,1.4429999589920044,1.149999976158142,0.04800000041723251,95.98999786376953,27.190000534057617,4567.0,27821.759765625,1773.5999755859375,66.18000030517578
2021-12-01,1.434000015258789,1.1549999713897705,0.05000000074505806,96.05000305175781,31.1200008392334,4513.0400390625,27935.619140625,1781.5999755859375,65.56999969482422
2021-12-02,1.4479999542236328,1.2079999446868896,0.0430000014603138,96.12999725341797,27.950000762939453,4577.10009765625,27753.369140625,1760.699951171875,66.5
2021-12-03,1.343000054359436,1.1239999532699585,0.0430000014603138,96.12000274658203,30.670000076293945,4538.43017578125,28029.5703125,1782.0,66.26000213623047
2021-12-06,1.434000015258789,1.2130000591278076,0.0430000014603138,96.29000091552734,27.18000030517578,4591.669921875,27927.369140625,1777.5,69.48999786376953
2021-12-07,1.4800000190734863,1.2569999694824219,0.057999998331069946,96.37000274658203,21.889999389648438,4686.75,28455.599609375,1782.5999755859375,72.05000305175781
2021-12-08,1.5089999437332153,1.2610000371932983,0.05999999865889549,95.88999938964844,19.899999618530273,4701.2099609375,28860.619140625,1783.4000244140625,72.36000061035156
2021-12-09,1.4869999885559082,1.2569999694824219,0.05299999937415123,96.2699966430664,21.579999923706055,4667.4501953125,28725.470703125,1774.5999755859375,70.94000244140625
2021-12-10,1.4889999628067017,1.2519999742507935,0.05000000074505806,96.05000305175781,18.690000534057617,4712.02001953125,28437.76953125,1782.9000244140625,71.66999816894531
2021-12-13,1.4240000247955322,1.2130000591278076,0.0430000014603138,96.31999969482422,20.309999465942383,4668.97021484375,28640.490234375,1786.300048828125,71.29000091552734
2021-12-14,1.437999963760376,1.2339999675750732,0.04800000041723251,96.56999969482422,21.889999389648438,4634.08984375,28432.640625,1770.4000244140625,70.7300033569336
2021-12-15,1.4630000591278076,1.2610000371932983,0.04500000178813934,96.51000213623047,19.290000915527344,4709.85009765625,28459.720703125,1762.5999755859375,70.87000274658203
2021-12-16,1.4220000505447388,1.1729999780654907,0.03500000014901161,96.04000091552734,20.56999969482422,4668.669921875,29066.3203125,1796.5999755859375,72.37999725341797
2021-12-17,1.4019999504089355,1.1770000457763672,0.029999999329447746,96.56999969482422,21.56999969482422,4620.64013671875,28545.6796875,1803.800048828125,70.86000061035156
2021-12-20,1.4190000295639038,1.1640000343322754,0.03799999877810478,96.55000305175781,22.8700008392334,4568.02001953125,27937.810546875,1793.699951171875,68.2300033569336
2021-12-21,1.4869999885559082,1.2350000143051147,0.06499999761581421,96.48999786376953,21.010000228881836,4649.22998046875,28517.58984375,1787.9000244140625,71.12000274658203
2021-12-22,1.4570000171661377,1.222000002861023,0.06499999761581421,96.08000183105469,18.6299991607666,4696.56005859375,28562.2109375,1801.5999755859375,72.76000213623047
2021-12-23,1.4930000305175781,1.2430000305175781,0.057999998331069946,96.0199966430664,17.959999084472656,4725.7900390625,28798.369140625,1811.199951171875,73.79000091552734
2021-12-24,,,,,,,28782.58984375,,
2021-12-27,1.4809999465942383,1.2519999742507935,0.0430000014603138,96.08999633789062,17.68000030517578,4791.18994140625,28676.4609375,1808.0999755859375,75.56999969482422
2021-12-28,1.4809999465942383,1.2450000047683716,0.05000000074505806,96.19999694824219,17.540000915527344,4786.35009765625,29069.16015625,1810.199951171875,75.9800033569336
2021-12-29,1.5429999828338623,1.2940000295639038,0.04500000178813934,95.93000030517578,16.950000762939453,4793.06005859375,28906.880859375,1805.0999755859375,76.55999755859375
2021-12-30,1.5149999856948853,1.2740000486373901,0.02500000037252903,95.97000122070312,17.329999923706055,4778.72998046875,28791.7109375,1812.699951171875,76.98999786376953
2021-12-31,1.5119999647140503,1.2630000114440918,0.032999999821186066,95.66999816894531,17.219999313354492,4766.18017578125,,1827.5,75.20999908447266
2022-01-03,1.628000020980835,1.3650000095367432,0.05299999937415123,96.23999786376953,16.600000381469727,4796.56005859375,,1799.4000244140625,76.08000183105469
2022-01-04,1.6679999828338623,1.375,0.07999999821186066,96.29000091552734,16.90999984741211,4793.5400390625,29301.7890625,1814.0,76.98999786376953
2022-01-05,1.7050000429153442,1.4329999685287476,0.08500000089406967,96.19000244140625,19.729999542236328,4700.580078125,29332.16015625,1824.5999755859375,77.8499984741211
2022-01-06,1.7330000400543213,1.4769999980926514,0.09000000357627869,96.25,19.610000610351562,4696.0498046875,28487.869140625,1788.699951171875,79.45999908447266
2022-01-07,1.7710000276565552,1.5049999952316284,0.08799999952316284,95.73999786376953,18.760000228881836,4677.02978515625,28478.560546875,1797.0,78.9000015258789
2022-01-10,1.7799999713897705,1.5379999876022339,0.09000000357627869,95.98999786376953,19.399999618530273,4670.2900390625,,1798.4000244140625,78.2300033569336
2022-01-11,1.746000051498413,1.5069999694824219,0.11800000071525574,95.62000274658203,18.40999984741211,4713.06982421875,28222.48046875,1818.5999755859375,81.22000122070312
2022-01-12,1.725000023841858,1.4930000305175781,0.11500000208616257,95.0,17.6200008392334,4726.35009765625,28765.66015625,1827.199951171875,82.63999938964844
2022-01-13,1.7109999656677246,1.4809999465942383,0.10999999940395355,94.79000091552734,20.309999465942383,4659.02978515625,28489.130859375,1821.199951171875,82.12000274658203
2022-01-14,1.7719999551773071,1.5479999780654907,0.11800000071525574,95.16999816894531,19.190000534057617,4662.85009765625,28124.279296875,1816.5,83.81999969482422
2022-01-17,,,,,,,28333.51953125,,
2022-01-18,1.8650000095367432,1.6480000019073486,0.12999999523162842,95.7300033569336,22.790000915527344,4577.10986328125,28257.25,1812.300048828125,85.43000030517578
2022-01-19,1.8270000219345093,1.6109999418258667,0.16500000655651093,95.51000213623047,23.850000381469727,4532.759765625,27467.23046875,1843.0999755859375,86.95999908447266
2022-01-20,1.8329999446868896,1.6180000305175781,0.1679999977350235,95.73999786376953,25.59000015258789,4482.72998046875,27772.9296875,1842.5,86.9000015258789
2022-01-21,1.746999979019165,1.5470000505447388,0.15800000727176666,95.63999938964844,28.850000381469727,4397.93994140625,27522.259765625,1831.800048828125,85.13999938964844
2022-01-24,1.7350000143051147,1.5140000581741333,0.1550000011920929,95.91999816894531,29.899999618530273,4410.1298828125,27588.369140625,1841.699951171875,83.30999755859375
2022-01-25,1.7829999923706055,1.565999984741211,0.1850000023841858,95.94999694824219,31.15999984741211,4356.4501953125,27131.33984375,1852.699951171875,85.5999984741211
2022-01-26,1.8480000495910645,1.649999976158142,0.17800000309944153,96.48999786376953,31.959999084472656,4349.93017578125,27011.330078125,1829.9000244140625,87.3499984741211
2022-01-27,1.8070000410079956,1.6619999408721924,0.1850000023841858,97.26000213623047,30.489999771118164,4326.509765625,26170.30078125,1793.300048828125,86.61000061035156
2022-01-28,1.781999945640564,1.6239999532699585,0.17299999296665192,97.2699966430664,27.65999984741211,4431.85009765625,26717.33984375,1784.9000244140625,86.81999969482422
2022-01-31,1.781999945640564,1.6139999628067017,0.17299999296665192,96.54000091552734,24.829999923706055,4515.5498046875,27001.98046875,1795.0,88.1500015258789
2022-02-01,1.7999999523162842,1.6239999532699585,0.2029999941587448,96.38999938964844,21.959999084472656,4546.5400390625,27078.48046875,1800.300048828125,88.19999694824219
2022-02-02,1.7660000324249268,1.600000023841858,0.1850000023841858,95.94000244140625,22.09000015258789,4589.3798828125,27533.599609375,1809.199951171875,88.26000213623047
2022-02-03,1.8270000219345093,1.6610000133514404,0.19300000369548798,95.37999725341797,24.350000381469727,4477.43994140625,27241.310546875,1803.0,90.2699966430664
2022-02-04,1.9299999475479126,1.7879999876022339,0.22300000488758087,95.4800033569336,23.219999313354492,4500.52978515625,27439.990234375,1806.5999755859375,92.30999755859375
2022-02-07,1.9160000085830688,1.7649999856948853,0.2029999941587448,95.4000015258789,22.860000610351562,4483.8701171875,27248.869140625,1820.5999755859375,91.31999969482422
2022-02-08,1.9539999961853027,1.8079999685287476,0.2750000059604645,95.63999938964844,21.440000534057617,4521.5400390625,27284.51953125,1826.5999755859375,89.36000061035156
2022-02-09,1.9290000200271606,1.8020000457763672,0.27000001072883606,95.48999786376953,19.959999084472656,4587.18017578125,27579.869140625,1835.199951171875,89.66000366210938
2022-02-10,2.0309998989105225,1.944000005722046,0.3700000047683716,95.55000305175781,23.90999984741211,4504.080078125,27696.080078125,1836.199951171875,89.87999725341797
2022-02-11,1.9550000429153442,1.8680000305175781,0.33799999952316284,96.08000183105469,27.360000610351562,4418.64013671875,,1840.800048828125,93.0999984741211
2022-02-14,1.996000051498413,1.9179999828338623,0.36000001430511475,96.37000274658203,28.329999923706055,4401.669921875,27079.58984375,1868.0,95.45999908447266
2022-02-15,2.0450000762939453,1.934999942779541,0.4000000059604645,95.98999786376953,25.700000762939453,4471.06982421875,26865.189453125,1854.800048828125,92.06999969482422
2022-02-16,2.046999931335449,1.9199999570846558,0.37299999594688416,95.69999694824219,24.290000915527344,4475.009765625,27460.400390625,1870.199951171875,93.66000366210938
2022-02-17,1.972000002861023,1.8480000495910645,0.3449999988079071,95.80000305175781,28.110000610351562,4380.259765625,27232.869140625,1900.699951171875,91.76000213623047
2022-02-18,1.9320000410079956,1.8240000009536743,0.3179999887943268,96.04000091552734,27.75,4348.8701171875,27122.0703125,1898.5999755859375,91.06999969482422
2022-02-21,,,,,,,26910.869140625,,
2022-02-22,1.9479999542236328,1.8660000562667847,0.33000001311302185,96.02999877929688,28.809999465942383,4304.759765625,26449.609375,1906.0999755859375,92.3499984741211
2022-02-23,1.9769999980926514,1.8930000066757202,0.3400000035762787,96.19000244140625,31.020000457763672,4225.5,,1909.199951171875,92.0999984741211
2022-02-24,1.968999981880188,1.850000023841858,0.28299999237060547,97.13999938964844,30.31999969482422,4288.7001953125,25970.8203125,1925.0999755859375,92.80999755859375
2022-02-25,1.9859999418258667,1.8849999904632568,0.2980000078678131,96.62000274658203,27.59000015258789,4384.64990234375,26476.5,1886.5,91.58999633789062
2022-02-28,1.8389999866485596,1.7209999561309814,0.2879999876022339,96.70999908447266,30.149999618530273,4373.93994140625,26526.8203125,1899.4000244140625,95.72000122070312
2022-03-01,1.7070000171661377,1.5490000247955322,0.31299999356269836,97.41000366210938,33.31999969482422,4306.259765625,26844.720703125,1942.4000244140625,103.41000366210938
2022-03-02,1.8650000095367432,1.7519999742507935,0.32499998807907104,97.38999938964844,30.739999771118164,4386.5400390625,26393.029296875,1920.9000244140625,110.5999984741211
2022-03-03,1.843999981880188,1.7369999885559082,0.33500000834465027,97.79000091552734,30.479999542236328,4363.490234375,26577.26953125,1934.4000244140625,107.66999816894531
2022-03-04,1.7239999771118164,1.63100004196167,0.3050000071525574,98.6500015258789,31.979999542236328,4328.8701171875,25985.470703125,1965.0999755859375,115.68000030517578
2022-03-07,1.7510000467300415,1.690999984741211,0.3050000071525574,99.29000091552734,36.45000076293945,4201.08984375,25221.41015625,1993.9000244140625,119.4000015258789
2022-03-08,1.871999979019165,1.805999994277954,0.36000001430511475,99.05999755859375,35.130001068115234,4170.7001953125,24790.94921875,2040.0999755859375,123.69999694824219
2022-03-09,1.9479999542236328,1.8799999952316284,0.3700000047683716,97.97000122070312,32.45000076293945,4277.8798828125,24717.529296875,1985.9000244140625,108.69999694824219
2022-03-10,2.010999917984009,1.940999984741211,0.36000001430511475,98.51000213623047,30.229999542236328,4259.52001953125,25690.400390625,1998.0999755859375,106.0199966430664
2022-03-11,2.003999948501587,1.9600000381469727,0.36500000953674316,99.12000274658203,30.75,4204.31005859375,25162.779296875,1982.699951171875,109.33000183105469
2022-03-14,2.140000104904175,2.0920000076293945,0.3779999911785126,99.05999755859375,31.770000457763672,4173.10986328125,25307.849609375,1959.5999755859375,103.01000213623047
2022-03-15,2.1600000858306885,2.114000082015991,0.4480000138282776,99.06999969482422,29.829999923706055,4262.4501953125,25346.48046875,1928.5,96.44000244140625
2022-03-16,2.187999963760376,2.197999954223633,0.43299999833106995,98.37999725341797,26.670000076293945,4357.85986328125,25762.009765625,1908.0,95.04000091552734
2022-03-17,2.191999912261963,2.1679999828338623,0.36000001430511475,98.01000213623047,25.670000076293945,4411.669921875,26652.890625,1942.0999755859375,102.9800033569336
2022-03-18,2.1480000019073486,2.1429998874664307,0.382999986410141,98.2300033569336,23.8700008392334,4463.1201171875,26827.4296875,1928.199951171875,104.69999694824219
2022-03-21,2.315000057220459,2.3399999141693115,0.45500001311302185,98.5,23.530000686645508,4461.18017578125,,1928.5999755859375,112.12000274658203
2022-03-22,2.372999906539917,2.385999917984009,0.5199999809265137,98.48999786376953,22.940000534057617,4511.60986328125,27224.109375,1920.699951171875,111.76000213623047
2022-03-23,2.321000099182129,2.3399999141693115,0.47999998927116394,98.62000274658203,23.56999969482422,4456.240234375,28040.16015625,1936.5999755859375,114.93000030517578
2022-03-24,2.3410000801086426,2.372999906539917,0.4830000102519989,98.79000091552734,21.670000076293945,4520.16015625,28110.390625,1961.5999755859375,112.33999633789062
2022-03-25,2.492000102996826,2.572999954223633,0.5199999809265137,98.80999755859375,20.809999465942383,4543.06005859375,28149.83984375,1953.800048828125,113.9000015258789
2022-03-28,2.4769999980926514,2.565000057220459,0.5080000162124634,99.08999633789062,19.6299991607666,4575.52001953125,27943.890625,1939.5999755859375,105.95999908447266
2022-03-29,2.4000000953674316,2.484999895095825,0.5550000071525574,98.4000015258789,18.899999618530273,4631.60009765625,28252.419921875,1912.0,104.23999786376953
2022-03-30,2.3580000400543213,2.447999954223633,0.5249999761581421,97.79000091552734,19.329999923706055,4602.4501953125,28027.25,1933.5,107.81999969482422
2022-03-31,2.3269999027252197,2.421999931335449,0.49300000071525574,98.30999755859375,20.559999465942383,4530.41015625,27821.4296875,1949.199951171875,100.27999877929688
2022-04-01,2.377000093460083,2.5490000247955322,0.5,98.62999725341797,19.6299991607666,4545.85986328125,27665.98046875,1919.0999755859375,99.2699966430664
2022-04-04,2.4119999408721924,2.555000066757202,0.5379999876022339,98.98999786376953,18.56999969482422,4582.64013671875,27736.470703125,1929.199951171875,103.27999877929688
2022-04-05,2.555999994277954,2.696000099182129,0.6679999828338623,99.47000122070312,21.030000686645508,4525.1201171875,27787.98046875,1922.9000244140625,101.95999908447266
2022-04-06,2.6089999675750732,2.7019999027252197,0.6629999876022339,99.5999984741211,22.100000381469727,4481.14990234375,27350.30078125,1918.4000244140625,96.2300033569336
2022-04-07,2.6519999504089355,2.690999984741211,0.6600000262260437,99.75,21.549999237060547,4500.2099609375,26888.5703125,1933.800048828125,96.02999877929688
2022-04-08,2.7130000591278076,2.75600004196167,0.6679999828338623,99.80000305175781,21.15999984741211,4488.27978515625,26985.80078125,1941.5999755859375,98.26000213623047
2022-04-11,2.7799999713897705,2.7850000858306885,0.6800000071525574,99.93000030517578,24.3700008392334,4412.52978515625,26821.51953125,1944.300048828125,94.29000091552734
2022-04-12,2.7249999046325684,2.6760001182556152,0.7379999756813049,100.29000091552734,24.260000228881836,4397.4501953125,26334.98046875,1972.0999755859375,100.5999984741211
2022-04-13,2.687000036239624,2.6419999599456787,0.7400000095367432,99.87999725341797,21.81999969482422,4446.58984375,26843.490234375,1981.0,104.25
2022-04-14,2.828000068664551,2.7860000133514404,0.7480000257492065,100.31999969482422,22.700000762939453,4392.58984375,27172.0,1970.9000244140625,106.94999694824219
2022-04-15,,,,,,,27093.189453125,,
2022-04-18,2.861999988555908,2.7960000038146973,0.7549999952316284,100.77999877929688,22.170000076293945,4391.68994140625,26799.7109375,1982.9000244140625,108.20999908447266
2022-04-19,2.9130001068115234,2.8889999389648438,0.8330000042915344,100.95999908447266,21.3700008392334,4462.2099609375,26985.08984375,1955.699951171875,102.55999755859375
2022-04-20,2.8399999141693115,2.859999895095825,0.7950000166893005,100.38999938964844,20.31999969482422,4459.4501953125,27217.849609375,1952.300048828125,102.75
2022-04-21,2.9170000553131104,2.9790000915527344,0.800000011920929,100.58000183105469,22.68000030517578,4393.66015625,27553.060546875,1944.9000244140625,103.79000091552734
2022-04-22,2.9059998989105225,2.9489998817443848,0.7799999713897705,101.22000122070312,28.209999084472656,4271.77978515625,27105.259765625,1931.0,102.06999969482422
2022-04-25,2.8259999752044678,2.8589999675750732,0.7979999780654907,101.75,27.020000457763672,4296.1201171875,26590.779296875,1893.199951171875,98.54000091552734
2022-04-26,2.7720000743865967,2.796999931335449,0.8330000042915344,102.30000305175781,33.52000045776367,4175.2001953125,26700.109375,1901.4000244140625,101.69999694824219
2022-04-27,2.818000078201294,2.815000057220459,0.8080000281333923,102.94999694824219,31.600000381469727,4183.9599609375,26386.630859375,1885.9000244140625,102.0199966430664
2022-04-28,2.86299991607666,2.880000114440918,0.7850000262260437,103.62000274658203,29.989999771118164,4287.5,26847.900390625,1888.699951171875,105.36000061035156
2022-04-29,2.88700008392334,2.9119999408721924,0.8080000281333923,102.95999908447266,33.400001525878906,4131.93017578125,,1909.300048828125,104.69000244140625
2022-05-02,2.996000051498413,3.009999990463257,0.7649999856948853,103.73999786376953,32.34000015258789,4155.3798828125,26818.529296875,1861.800048828125,105.16999816894531
2022-05-03,2.9600000381469727,3.003000020980835,0.8949999809265137,103.47000122070312,29.25,4175.47998046875,,1868.800048828125,102.41000366210938
2022-05-04,2.9170000553131104,2.8959999084472656,0.8330000042915344,102.58999633789062,25.420000076293945,4300.169921875,,1867.0,107.80999755859375
2022-05-05,3.065999984741211,3.0239999294281006,0.8029999732971191,103.75,31.200000762939453,4146.8701171875,,1874.0,108.26000213623047
2022-05-06,3.122999906539917,3.0429999828338623,0.8149999976158142,103.66000366210938,30.190000534057617,4123.33984375,27003.560546875,1881.199951171875,109.7699966430664
2022-05-09,3.0789999961853027,2.9830000400543213,0.800000011920929,103.6500015258789,34.75,3991.239990234375,26319.33984375,1857.0999755859375,103.08999633789062
2022-05-10,2.993000030517578,2.9179999828338623,0.878000020980835,103.91999816894531,32.9900016784668,4001.050048828125,26167.099609375,1839.9000244140625,99.76000213623047
2022-05-11,2.9210000038146973,2.878999948501587,0.8830000162124634,103.8499984741211,32.560001373291016,3935.179931640625,26213.640625,1852.5999755859375,105.70999908447266
2022-05-12,2.816999912261963,2.7820000648498535,0.9049999713897705,104.8499984741211,31.770000457763672,3930.080078125,25748.720703125,1823.800048828125,106.12999725341797
2022-05-13,2.934999942779541,2.888000011444092,0.9430000185966492,104.55999755859375,28.8700008392334,4023.889892578125,26427.650390625,1807.4000244140625,110.48999786376953
2022-05-16,2.877000093460083,2.819999933242798,0.9800000190734863,104.19000244140625,27.469999313354492,4008.010009765625,26547.05078125,1813.5,114.19999694824219
2022-05-17,2.9679999351501465,2.946000099182129,1.0379999876022339,103.36000061035156,26.100000381469727,4088.85009765625,26659.75,1818.199951171875,112.4000015258789
2022-05-18,2.885999917984009,2.8910000324249268,1.003000020980835,103.80999755859375,30.959999084472656,3923.679931640625,26911.19921875,1815.9000244140625,109.58999633789062
2022-05-19,2.8550000190734863,2.8469998836517334,1.0,102.72000122070312,29.350000381469727,3900.7900390625,26402.83984375,1841.199951171875,112.20999908447266
2022-05-20,2.7869999408721924,2.805999994277954,0.9779999852180481,103.1500015258789,29.43000030517578,3901.360107421875,26739.029296875,1841.800048828125,113.2300033569336
2022-05-23,2.8589999675750732,2.875,0.9929999709129333,102.08000183105469,28.479999542236328,3973.75,27001.51953125,1847.800048828125,110.29000091552734
2022-05-24,2.759999990463257,2.756999969482422,1.0429999828338623,101.86000061035156,29.450000762939453,3941.47998046875,26748.140625,1865.0999755859375,109.7699966430664
2022-05-25,2.749000072479248,2.7209999561309814,1.0449999570846558,102.05999755859375,28.3700008392334,3978.72998046875,26677.80078125,1846.199951171875,110.33000183105469
2022-05-26,2.75600004196167,2.7160000801086426,1.027999997138977,101.83000183105469,27.5,4057.840087890625,26604.83984375,1847.4000244140625,114.08999633789062
2022-05-27,2.743000030517578,2.7239999771118164,1.024999976158142,101.66999816894531,25.719999313354492,4158.240234375,26781.6796875,1851.300048828125,115.06999969482422
2022-05-30,,,,,,,27369.4296875,,
2022-05-31,2.8440001010894775,2.811000108718872,1.0299999713897705,101.75,26.190000534057617,4132.14990234375,27279.80078125,1842.699951171875,114.66999816894531
2022-06-01,2.930999994277954,2.937999963760376,1.1030000448226929,102.55000305175781,25.690000534057617,4101.22998046875,27457.890625,1843.300048828125,115.26000213623047
2022-06-02,2.9130001068115234,2.9089999198913574,1.1130000352859497,101.7699966430664,24.719999313354492,4176.81982421875,27413.880859375,1866.5,116.87000274658203
2022-06-03,2.9570000171661377,2.9509999752044678,1.1349999904632568,102.13999938964844,24.790000915527344,4108.5400390625,27761.5703125,1845.4000244140625,118.87000274658203
2022-06-06,3.0380001068115234,3.0350000858306885,1.159999966621399,102.44000244140625,25.06999969482422,4121.43017578125,27915.890625,1839.199951171875,118.5
2022-06-07,2.9719998836517334,2.9839999675750732,1.225000023841858,102.31999969482422,24.020000457763672,4160.68017578125,27943.94921875,1847.5,119.41000366210938
2022-06-08,3.0290000438690186,3.0320000648498535,1.2330000400543213,102.54000091552734,23.959999084472656,4115.77001953125,28234.2890625,1851.9000244140625,122.11000061035156
2022-06-09,3.0439999103546143,3.062999963760376,1.2380000352859497,103.22000122070312,26.09000015258789,4017.820068359375,28246.529296875,1848.800048828125,121.51000213623047
2022-06-10,3.1559998989105225,3.25,1.2879999876022339,104.1500015258789,27.75,3900.860107421875,27824.2890625,1871.5,120.66999816894531
2022-06-13,3.365999937057495,3.4749999046325684,1.4980000257492065,105.08000183105469,34.02000045776367,3749.6298828125,26987.439453125,1828.0,120.93000030517578
2022-06-14,3.4830000400543213,3.5959999561309814,1.7430000305175781,105.5199966430664,32.689998626708984,3735.47998046875,26629.859375,1809.5,118.93000030517578
2022-06-15,3.3949999809265137,3.4719998836517334,1.6950000524520874,105.16000366210938,29.6200008392334,3789.989990234375,26326.16015625,1815.300048828125,115.30999755859375
2022-06-16,3.306999921798706,3.377000093460083,1.4830000400543213,103.62999725341797,32.95000076293945,3666.77001953125,26431.19921875,1845.699951171875,117.58999633789062
2022-06-17,3.239000082015991,3.3399999141693115,1.5099999904632568,104.69999694824219,31.1299991607666,3674.840087890625,25963.0,1835.5999755859375,109.55999755859375
2022-06-20,,,,,,,25771.220703125,,
2022-06-21,3.306999921798706,3.378999948501587,1.4880000352859497,104.44000244140625,30.190000534057617,3764.7900390625,26246.310546875,1834.5999755859375,110.6500015258789
2022-06-22,3.1559998989105225,3.2269999980926514,1.5449999570846558,104.19999694824219,28.950000762939453,3759.889892578125,26149.55078125,1834.300048828125,106.19000244140625
2022-06-23,3.068000078201294,3.132999897003174,1.559999942779541,104.43000030517578,29.049999237060547,3795.72998046875,26171.25,1825.699951171875,104.2699966430664
2022-06-24,3.125,3.174999952316284,1.5980000495910645,104.19000244140625,27.229999542236328,3911.739990234375,26491.970703125,1826.5,107.62000274658203
2022-06-27,3.194000005722046,3.257999897003174,1.6330000162124634,103.94000244140625,26.950000762939453,3900.110107421875,26871.26953125,1820.9000244140625,109.56999969482422
2022-06-28,3.2060000896453857,3.259999990463257,1.7380000352859497,104.51000213623047,28.360000610351562,3821.550048828125,27049.470703125,1817.5,111.76000213623047
2022-06-29,3.0929999351501465,3.1510000228881836,1.7050000429153442,105.11000061035156,28.15999984741211,3818.830078125,26804.599609375,1813.699951171875,109.77999877929688
2022-06-30,2.9719998836517334,3.003999948501587,1.600000023841858,104.69000244140625,28.709999084472656,3785.3798828125,26393.0390625,1804.0999755859375,105.76000213623047
2022-07-01,2.8889999389648438,2.884000062942505,1.6030000448226929,105.13999938964844,26.700000762939453,3825.330078125,25935.619140625,1798.9000244140625,108.43000030517578
2022-07-04,,,,,,,26153.810546875,,
2022-07-05,2.809000015258789,2.815000057220459,1.6299999952316284,106.5,27.540000915527344,3831.389892578125,26423.470703125,1761.800048828125,99.5
2022-07-06,2.9130001068115234,2.9509999752044678,1.840000033378601,107.0999984741211,26.729999542236328,3845.080078125,26107.650390625,1734.9000244140625,98.52999877929688
2022-07-07,3.007999897003174,3.053999900817871,1.8530000448226929,107.12999725341797,26.079999923706055,3902.6201171875,26490.529296875,1737.9000244140625,102.7300033569336
2022-07-08,3.1010000705718994,3.1419999599456787,1.843000054359436,107.01000213623047,24.639999389648438,3899.3798828125,26517.189453125,1740.5999755859375,104.79000091552734
2022-07-11,2.990999937057495,3.049999952316284,1.9529999494552612,108.0199966430664,26.170000076293945,3854.429931640625,26812.30078125,1730.0,104.08999633789062
2022-07-12,2.9579999446868896,3.0160000324249268,2.11299991607666,108.06999969482422,27.290000915527344,3818.800048828125,26336.66015625,1723.300048828125,95.83999633789062
2022-07-13,2.9040000438690186,3.0190000534057617,2.322999954223633,107.95999908447266,26.81999969482422,3801.780029296875,26478.76953125,1734.199951171875,96.30000305175781
2022-07-14,2.9600000381469727,3.062999963760376,2.2730000019073486,108.54000091552734,26.399999618530273,3790.3798828125,26643.390625,1704.5,95.77999877929688
2022-07-15,2.930000066757202,3.0510001182556152,2.240000009536743,108.05999755859375,24.229999542236328,3863.159912109375,26788.470703125,1702.4000244140625,97.58999633789062
2022-07-18,2.9600000381469727,3.069999933242798,2.259999990463257,107.37000274658203,25.299999237060547,3830.85009765625,,1709.199951171875,102.5999984741211
2022-07-19,3.0190000534057617,3.1500000953674316,2.450000047683716,106.68000030517578,24.5,3936.68994140625,26961.6796875,1710.0,104.22000122070312
2022-07-20,3.0360000133514404,3.177999973297119,2.378000020980835,107.08000183105469,23.8799991607666,3959.89990234375,27680.259765625,1699.5,102.26000213623047
2022-07-21,2.9100000858306885,3.009999990463257,2.359999895095825,106.91000366210938,23.110000610351562,3998.949951171875,27803.0,1712.699951171875,96.3499984741211
2022-07-22,2.7829999923706055,2.872999906539917,2.3550000190734863,106.7300033569336,23.030000686645508,3961.6298828125,27914.66015625,1727.0999755859375,94.69999694824219
2022-07-25,2.819999933242798,2.9000000953674316,2.3929998874664307,106.4800033569336,23.360000610351562,3966.840087890625,27699.25,1719.0,96.69999694824219
2022-07-26,2.7869999408721924,2.884999990463257,2.4749999046325684,107.19000244140625,24.690000534057617,3921.050048828125,27655.2109375,1717.699951171875,94.9800033569336
2022-07-27,2.7339999675750732,2.796999931335449,2.382999897003174,106.44999694824219,23.239999771118164,4023.610107421875,27715.75,1719.0999755859375,97.26000213623047
2022-07-28,2.680999994277954,2.703000068664551,2.308000087738037,106.3499984741211,22.329999923706055,4072.429931640625,27815.48046875,1750.300048828125,96.41999816894531
2022-07-29,2.6419999599456787,2.694999933242798,2.2980000972747803,105.9000015258789,21.329999923706055,4130.2900390625,27801.640625,1762.9000244140625,98.62000274658203
2022-08-01,2.6059999465942383,2.6679999828338623,2.265000104904175,105.44999694824219,22.84000015258789,4118.6298828125,27993.349609375,1769.0,93.88999938964844
2022-08-02,2.740999937057495,2.861999988555908,2.4630000591278076,106.23999786376953,23.93000030517578,4091.18994140625,27594.73046875,1771.0999755859375,94.41999816894531
2022-08-03,2.747999906539917,2.871999979019165,2.427999973297119,106.51000213623047,21.950000762939453,4155.169921875,27741.900390625,1758.0,90.66000366210938
2022-08-04,2.6760001182556152,2.7739999294281006,2.378000020980835,105.69000244140625,21.440000534057617,4151.93994140625,27932.19921875,1788.5,88.54000091552734
2022-08-05,2.8399999141693115,2.9760000705718994,2.4100000858306885,106.62000274658203,21.149999618530273,4145.18994140625,28175.869140625,1772.9000244140625,89.01000213623047
2022-08-08,2.765000104904175,2.9110000133514404,2.4600000381469727,106.44000244140625,21.290000915527344,4140.06005859375,28249.240234375,1786.800048828125,90.76000213623047
2022-08-09,2.796999931335449,2.9800000190734863,2.569999933242798,106.37000274658203,21.770000457763672,4122.47021484375,27999.9609375,1794.0,90.5
2022-08-10,2.7860000133514404,2.9230000972747803,2.5350000858306885,105.19999694824219,19.739999771118164,4210.240234375,27819.330078125,1795.5999755859375,91.93000030517578
2022-08-11,2.888000011444092,2.98799991607666,2.490000009536743,105.08999633789062,20.200000762939453,4207.27001953125,,1789.699951171875,94.33999633789062
2022-08-12,2.8489999771118164,2.9769999980926514,2.5,105.62999725341797,19.530000686645508,4280.14990234375,28546.98046875,1798.5999755859375,92.08999633789062
2022-08-15,2.7909998893737793,2.9130001068115234,2.513000011444092,106.55000305175781,19.950000762939453,4297.14013671875,28871.779296875,1781.4000244140625,89.41000366210938
2022-08-16,2.8239998817443848,2.9579999446868896,2.5980000495910645,106.5,19.690000534057617,4305.2001953125,28868.91015625,1773.199951171875,86.52999877929688
2022-08-17,2.8929998874664307,3.0480000972747803,2.568000078201294,106.56999969482422,19.899999618530273,4274.0400390625,29222.76953125,1760.300048828125,88.11000061035156
2022-08-18,2.880000114440918,3.0309998989105225,2.565000057220459,107.4800033569336,19.559999465942383,4283.740234375,28942.140625,1755.300048828125,90.5
2022-08-19,2.989000082015991,3.115999937057495,2.5799999237060547,108.16999816894531,20.600000381469727,4228.47998046875,28930.330078125,1747.5999755859375,90.7699966430664
2022-08-22,3.0369999408721924,3.178999900817871,2.6480000019073486,109.05000305175781,23.799999237060547,4137.990234375,28794.5,1734.0,90.2300033569336
2022-08-23,3.053999900817871,3.180999994277954,2.703000068664551,108.62000274658203,24.110000610351562,4128.72998046875,28452.75,1746.800048828125,93.73999786376953
2022-08-24,3.1059999465942383,3.2309999465942383,2.7130000591278076,108.68000030517578,22.81999969482422,4140.77001953125,28313.470703125,1747.800048828125,94.88999938964844
2022-08-25,3.0260000228881836,3.1570000648498535,2.7300000190734863,108.47000122070312,21.780000686645508,4199.1201171875,28479.009765625,1757.699951171875,92.5199966430664
2022-08-26,3.0350000858306885,3.194999933242798,2.755000114440918,108.80000305175781,25.559999465942383,4057.659912109375,28641.380859375,1736.0999755859375,93.05999755859375
2022-08-29,3.109999895095825,3.263000011444092,2.7980000972747803,108.83999633789062,26.209999084472656,4030.610107421875,27878.9609375,1736.5999755859375,97.01000213623047
2022-08-30,3.109999895095825,3.2769999504089355,2.872999906539917,108.7699966430664,26.209999084472656,3986.159912109375,28195.580078125,1723.199951171875,91.63999938964844
2022-08-31,3.132999897003174,3.2839999198913574,2.859999895095825,108.69999694824219,25.8700008392334,3955.0,28091.529296875,1712.800048828125,89.55000305175781
2022-09-01,3.265000104904175,3.4059998989105225,2.86299991607666,109.69000244140625,25.559999465942383,3966.85009765625,27661.470703125,1696.5999755859375,86.61000061035156
2022-09-02,3.193000078201294,3.2980000972747803,2.819999933242798,109.52999877929688,25.469999313354492,3924.260009765625,27650.83984375,1709.800048828125,86.87000274658203
2022-09-05,,,,,,,27619.609375,,
2022-09-06,3.3399999141693115,3.443000078201294,2.8450000286102295,110.20999908447266,26.90999984741211,3908.18994140625,27626.509765625,1700.4000244140625,86.87999725341797
2022-09-07,3.265000104904175,3.359999895095825,2.933000087738037,109.83999633789062,24.639999389648438,3979.8701171875,27430.30078125,1715.300048828125,81.94000244140625
2022-09-08,3.2920000553131104,3.3970000743865967,2.950000047683716,109.70999908447266,23.610000610351562,4006.179931640625,28065.279296875,1708.0,83.54000091552734
2022-09-09,3.321000099182129,3.446000099182129,2.9679999351501465,109.0,22.790000915527344,4067.360107421875,28214.75,1716.199951171875,86.79000091552734
2022-09-12,3.361999988555908,3.4579999446868896,2.994999885559082,108.33000183105469,23.8700008392334,4110.41015625,28542.109375,1728.0999755859375,87.77999877929688
2022-09-13,3.421999931335449,3.5889999866485596,3.1530001163482666,109.81999969482422,27.270000457763672,3932.68994140625,28614.630859375,1705.0,87.30999755859375
2022-09-14,3.4119999408721924,3.5950000286102295,3.128000020980835,109.66000366210938,26.15999984741211,3946.010009765625,27818.619140625,1696.5,88.4800033569336
2022-09-15,3.4590001106262207,3.6740000247955322,3.0950000286102295,109.73999786376953,26.270000457763672,3901.35009765625,27875.91015625,1665.4000244140625,85.0999984741211
2022-09-16,3.447999954223633,3.625999927520752,3.069999933242798,109.76000213623047,26.299999237060547,3873.330078125,27567.650390625,1671.699951171875,85.11000061035156
2022-09-19,3.490000009536743,3.693000078201294,3.0350000858306885,109.73999786376953,25.760000228881836,3899.889892578125,,1666.199951171875,85.7300033569336
2022-09-20,3.571000099182129,3.75,3.243000030517578,110.22000122070312,27.15999984741211,3855.929931640625,27688.419921875,1659.699951171875,84.44999694824219
2022-09-21,3.509999990463257,3.7130000591278076,3.190000057220459,110.63999938964844,27.989999771118164,3789.929931640625,27313.130859375,1664.5999755859375,82.94000244140625
2022-09-22,3.7079999446868896,3.928999900817871,3.130000114440918,111.3499984741211,27.350000381469727,3757.989990234375,27153.830078125,1670.800048828125,83.48999786376953
2022-09-23,3.697000026702881,3.9839999675750732,3.1080000400543213,113.19000244140625,29.920000076293945,3693.22998046875,,1645.300048828125,78.73999786376953
2022-09-26,3.878000020980835,4.158999919891357,3.1649999618530273,114.0999984741211,32.2599983215332,3655.0400390625,26431.55078125,1623.300048828125,76.70999908447266
2022-09-27,3.9639999866485596,4.210000038146973,3.25,114.11000061035156,32.599998474121094,3647.2900390625,26571.869140625,1626.699951171875,78.5
2022-09-28,3.7049999237060547,3.921999931335449,3.2300000190734863,112.5999984741211,30.18000030517578,3719.0400390625,26173.98046875,1660.4000244140625,82.1500015258789
2022-09-29,3.746999979019165,3.9790000915527344,3.2179999351501465,112.25,31.84000015258789,3640.469970703125,26422.05078125,1658.5,81.2300033569336
2022-09-30,3.803999900817871,4.040999889373779,3.180000066757202,112.12000274658203,31.6200008392334,3585.6201171875,25937.2109375,1662.4000244140625,79.48999786376953
2022-10-03,3.6510000228881836,3.882999897003174,3.1500000953674316,111.75,30.100000381469727,3678.429931640625,26215.7890625,1692.9000244140625,83.62999725341797
2022-10-04,3.617000102996826,3.8399999141693115,3.315000057220459,110.06999969482422,29.06999969482422,3790.929931640625,26992.2109375,1721.0999755859375,86.5199966430664
2022-10-05,3.759000062942505,3.9590001106262207,3.2929999828338623,111.06999969482422,28.549999237060547,3783.280029296875,27120.529296875,1711.4000244140625,87.76000213623047
2022-10-06,3.8259999752044678,4.059999942779541,3.2880001068115234,112.26000213623047,30.520000457763672,3744.52001953125,27311.30078125,1711.699951171875,88.44999694824219
2022-10-07,3.882999897003174,4.135000228881836,3.2929999828338623,112.80000305175781,31.360000610351562,3639.659912109375,27116.109375,1700.5,92.63999938964844
2022-10-10,3.888000011444092,4.14900016784668,3.2850000858306885,113.13999938964844,32.45000076293945,3612.389892578125,,1667.300048828125,91.12999725341797
2022-10-11,3.938999891281128,4.169000148773193,3.3399999141693115,113.22000122070312,33.630001068115234,3588.840087890625,26401.25,1678.699951171875,89.3499984741211
2022-10-12,3.9019999504089355,4.111999988555908,3.5329999923706055,113.31999969482422,33.56999969482422,3577.030029296875,26396.830078125,1670.300048828125,87.2699966430664
2022-10-13,3.9519999027252197,4.206999778747559,3.5829999446868896,112.36000061035156,31.940000534057617,3669.909912109375,26237.419921875,1670.0,89.11000061035156
2022-10-14,4.010000228881836,4.269000053405762,3.628000020980835,113.30999755859375,32.02000045776367,3583.070068359375,27090.759765625,1641.699951171875,85.61000061035156
2022-10-17,4.014999866485596,4.238999843597412,3.687999963760376,112.04000091552734,31.3700008392334,3677.949951171875,26775.7890625,1657.0,85.45999908447266
2022-10-18,3.997999906539917,4.215000152587891,3.8329999446868896,112.12999725341797,30.5,3719.97998046875,27156.140625,1649.0,82.81999969482422
2022-10-19,4.126999855041504,4.349999904632568,3.8929998874664307,112.9800033569336,30.760000228881836,3695.159912109375,27257.380859375,1627.5,85.55000305175781
2022-10-20,4.22599983215332,4.447999954223633,3.890000104904175,112.87999725341797,29.979999542236328,3665.780029296875,27006.9609375,1630.800048828125,85.9800033569336
2022-10-21,4.2129998207092285,4.354000091552734,3.884999990463257,112.01000213623047,29.690000534057617,3752.75,26890.580078125,1651.0,85.05000305175781
2022-10-24,4.234000205993652,4.359000205993652,3.9130001068115234,111.98999786376953,29.850000381469727,3797.340087890625,26974.900390625,1648.699951171875,84.58000183105469
2022-10-25,4.107999801635742,4.256999969482422,3.9649999141693115,110.94999694824219,28.459999084472656,3859.110107421875,27250.279296875,1652.800048828125,85.31999969482422
2022-10-26,4.014999866485596,4.193999767303467,3.930000066757202,109.69999694824219,27.280000686645508,3830.60009765625,27431.83984375,1664.0,87.91000366210938
2022-10-27,3.937000036239624,4.0879998207092285,3.930000066757202,110.58999633789062,27.389999389648438,3807.300048828125,27345.240234375,1660.699951171875,89.08000183105469
2022-10-28,4.010000228881836,4.190000057220459,3.9700000286102295,110.66999816894531,25.75,3901.06005859375,27105.19921875,1639.5999755859375,87.9000015258789
2022-10-31,4.077000141143799,4.248000144958496,3.9749999046325684,111.52999877929688,25.8799991607666,3871.97998046875,27587.4609375,1635.9000244140625,86.52999877929688
2022-11-01,4.052000045776367,4.257999897003174,4.050000190734863,111.4800033569336,25.809999465942383,3856.10009765625,27678.919921875,1645.0,88.37000274658203
2022-11-02,4.059000015258789,4.249000072479248,4.025000095367432,111.3499984741211,25.860000610351562,3759.68994140625,27663.390625,1645.699951171875,90.0
2022-11-03,4.124000072479248,4.349999904632568,4.025000095367432,112.93000030517578,25.299999237060547,3719.889892578125,,1627.300048828125,88.16999816894531
2022-11-04,4.156000137329102,4.326000213623047,4.013000011444092,110.87999725341797,24.549999237060547,3770.550048828125,27199.740234375,1672.5,92.61000061035156
2022-11-07,4.214000225067139,4.39300012588501,3.9830000400543213,110.12000274658203,24.350000381469727,3806.800048828125,27527.640625,1676.5,91.79000091552734
2022-11-08,4.125999927520752,4.306000232696533,4.090000152587891,109.62000274658203,25.540000915527344,3828.110107421875,27872.109375,1712.0999755859375,88.91000366210938
2022-11-09,4.151000022888184,4.284999847412109,4.0929999351501465,110.55000305175781,26.09000015258789,3748.570068359375,27716.4296875,1710.0999755859375,85.83000183105469
2022-11-10,3.8289999961853027,3.943000078201294,4.054999828338623,108.20999908447266,23.530000686645508,3956.3701171875,27446.099609375,1750.300048828125,86.47000122070312
2022-11-11,3.812999963760376,3.937999963760376,4.063000202178955,106.29000091552734,22.520000457763672,3992.929931640625,28263.5703125,1766.0,88.95999908447266
2022-11-14,3.865000009536743,3.996999979019165,4.067999839782715,106.66000366210938,23.729999542236328,3957.25,27963.470703125,1773.5999755859375,85.87000274658203
2022-11-15,3.7990000247955322,3.921999931335449,4.130000114440918,106.4000015258789,24.540000915527344,3991.72998046875,27990.169921875,1773.800048828125,86.91999816894531
2022-11-16,3.691999912261963,3.8499999046325684,4.125,106.27999877929688,24.110000610351562,3958.7900390625,28028.30078125,1773.0,85.58999633789062
2022-11-17,3.7750000953674316,3.937000036239624,4.11299991607666,106.69000244140625,23.93000030517578,3946.56005859375,27930.5703125,1760.800048828125,81.63999938964844
2022-11-18,3.818000078201294,4.0,4.135000228881836,106.93000030517578,23.1200008392334,3965.340087890625,27899.76953125,1751.9000244140625,80.08000183105469
2022-11-21,3.825000047683716,4.007999897003174,4.0980000495910645,107.83999633789062,22.360000610351562,3949.93994140625,27944.7890625,1737.4000244140625,79.7300033569336
2022-11-22,3.757999897003174,3.937999963760376,4.197999954223633,107.22000122070312,21.290000915527344,4003.580078125,28115.740234375,1738.300048828125,80.94999694824219
2022-11-23,3.7060000896453857,3.8919999599456787,4.199999809265137,106.08000183105469,20.350000381469727,4027.260009765625,,1744.9000244140625,77.94000244140625
2022-11-24,,,,,,,28383.08984375,,
2022-11-25,3.690999984741211,3.869999885559082,4.175000190734863,105.95999908447266,20.5,4026.1201171875,28283.029296875,1753.300048828125,76.27999877929688
2022-11-28,3.703000068664551,3.8959999084472656,4.183000087738037,106.68000030517578,22.209999084472656,3963.93994140625,28162.830078125,1740.0999755859375,77.23999786376953
2022-11-29,3.747999906539917,3.9200000762939453,4.252999782562256,106.81999969482422,21.889999389648438,3957.6298828125,28027.83984375,1748.4000244140625,78.19999694824219
2022-11-30,3.703000068664551,3.8320000171661377,4.252999782562256,105.94999694824219,20.579999923706055,4080.110107421875,27968.990234375,1746.0,80.55000305175781
2022-12-01,3.5290000438690186,3.680000066757202,4.192999839782715,104.7300033569336,19.84000015258789,4076.570068359375,28226.080078125,1801.0999755859375,81.22000122070312
2022-12-02,3.50600004196167,3.6659998893737793,4.208000183105469,104.55000305175781,19.059999465942383,4071.699951171875,27777.900390625,1795.9000244140625,79.9800033569336
2022-12-05,3.5989999771118164,3.7929999828338623,4.1579999923706055,105.29000091552734,20.75,3998.840087890625,27820.400390625,1767.4000244140625,76.93000030517578
2022-12-06,3.513000011444092,3.7330000400543213,4.21999979019165,105.58000183105469,22.170000076293945,3941.260009765625,27885.869140625,1769.300048828125,74.25
2022-12-07,3.4079999923706055,3.614000082015991,4.183000087738037,105.0999984741211,22.68000030517578,3933.919921875,27686.400390625,1785.5,72.01000213623047
2022-12-08,3.490999937057495,3.7100000381469727,4.150000095367432,104.7699966430664,22.290000915527344,3963.510009765625,27574.4296875,1788.699951171875,71.45999908447266
2022-12-09,3.566999912261963,3.756999969482422,4.172999858856201,104.80999755859375,22.829999923706055,3934.3798828125,27901.009765625,1798.0999755859375,71.0199966430664
2022-12-12,3.6110000610351562,3.802000045776367,4.168000221252441,105.12999725341797,25.0,3990.56005859375,27842.330078125,1780.5,73.16999816894531
2022-12-13,3.500999927520752,3.6470000743865967,4.248000144958496,103.9800033569336,22.549999237060547,4019.64990234375,27954.849609375,1813.9000244140625,75.38999938964844
2022-12-14,3.503000020980835,3.6540000438690186,4.21999979019165,103.7699966430664,21.139999389648438,3995.320068359375,28156.2109375,1807.5,77.27999877929688
2022-12-15,3.450000047683716,3.625999927520752,4.2129998207092285,104.55999755859375,22.829999923706055,3895.75,28051.69921875,1777.199951171875,76.11000061035156
2022-12-16,3.4820001125335693,3.617000102996826,4.163000106811523,104.69999694824219,22.6200008392334,3852.360107421875,27527.119140625,1790.0,74.29000091552734
2022-12-19,3.5810000896453857,3.7109999656677246,4.163000106811523,104.72000122070312,22.420000076293945,3817.659912109375,27237.640625,1787.699951171875,75.19000244140625
2022-12-20,3.684000015258789,3.7839999198913574,4.230000019073486,103.97000122070312,21.479999542236328,3821.6201171875,26568.029296875,1815.9000244140625,76.08999633789062
2022-12-21,3.684000015258789,3.7750000953674316,4.204999923706055,104.16000366210938,20.06999969482422,3878.43994140625,26387.720703125,1815.9000244140625,78.29000091552734
2022-12-22,3.6689999103546143,3.7869999408721924,4.208000183105469,104.43000030517578,21.969999313354492,3822.389892578125,26507.869140625,1787.0,77.48999786376953
2022-12-23,3.750999927520752,3.861999988555908,4.192999839782715,104.30999755859375,20.8700008392334,3844.820068359375,26235.25,1795.9000244140625,79.55999755859375
2022-12-26,,,,,,,26405.869140625,,
2022-12-27,3.859999895095825,3.9630000591278076,4.195000171661377,104.18000030517578,21.649999618530273,3829.25,26447.869140625,1814.800048828125,79.52999877929688
2022-12-28,3.88700008392334,3.9790000915527344,4.3379998207092285,104.45999908447266,22.139999389648438,3783.219970703125,26340.5,1807.9000244140625,78.95999908447266
2022-12-29,3.8350000381469727,3.9549999237060547,4.295000076293945,103.83999633789062,21.440000534057617,3849.280029296875,26093.669921875,1819.5,78.4000015258789
2022-12-30,3.878999948501587,4.0,4.260000228881836,103.5199966430664,21.670000076293945,3839.5,26094.5,1819.699951171875,80.26000213623047
2023-01-03,3.7929999828338623,3.944999933242798,4.255000114440918,104.5199966430664,22.899999618530273,3824.139892578125,,1839.699951171875,76.93000030517578
2023-01-04,3.7090001106262207,3.875,4.400000095367432,104.25,22.010000228881836,3852.969970703125,25716.859375,1852.800048828125,72.83999633789062
2023-01-05,3.7200000286102295,3.9100000858306885,4.498000144958496,105.04000091552734,22.459999084472656,3808.10009765625,25820.80078125,1834.800048828125,73.66999816894531
2023-01-06,3.569000005722046,3.7119998931884766,4.493000030517578,103.87999725341797,21.1299991607666,3895.080078125,25973.849609375,1864.199951171875,73.7699966430664
2023-01-09,3.5169999599456787,3.6510000228881836,4.482999801635742,103.0,21.969999313354492,3892.090087890625,,1872.699951171875,74.62999725341797
2023-01-10,3.621000051498413,3.7339999675750732,4.565000057220459,103.23999786376953,20.579999923706055,3919.25,26175.560546875,1871.5999755859375,75.12000274658203
2023-01-11,3.553999900817871,3.6700000762939453,4.554999828338623,103.19000244140625,21.09000015258789,3969.610107421875,26446.0,1874.5999755859375,77.41000366210938
2023-01-12,3.4489998817443848,3.5460000038146973,4.474999904632568,102.25,18.829999923706055,3983.169921875,26449.8203125,1895.5,78.38999938964844
2023-01-13,3.510999917984009,3.614000082015991,4.48799991607666,102.19999694824219,18.350000381469727,3999.090087890625,26119.51953125,1918.4000244140625,79.86000061035156
2023-01-16,,,,,,,25822.3203125,,
2023-01-17,3.5350000858306885,3.6070001125335693,4.493000030517578,102.38999938964844,19.360000610351562,3990.969970703125,26138.6796875,1907.199951171875,80.18000030517578
2023-01-18,3.375,3.433000087738037,4.53000020980835,102.36000061035156,20.34000015258789,3928.860107421875,26791.119140625,1904.4000244140625,79.4800033569336
2023-01-19,3.3970000743865967,3.484999895095825,4.525000095367432,102.05999755859375,20.520000457763672,3898.85009765625,26405.23046875,1922.0999755859375,80.33000183105469
2023-01-20,3.4839999675750732,3.566999912261963,4.538000106811523,102.01000213623047,19.850000381469727,3972.610107421875,26553.529296875,1926.4000244140625,81.30999755859375
2023-01-23,3.5250000953674316,3.625,4.534999847412109,102.13999938964844,19.809999465942383,4019.81005859375,26906.0390625,1927.0999755859375,81.62000274658203
2023-01-24,3.4690001010894775,3.5840001106262207,4.572999954223633,101.91999816894531,19.200000762939453,4016.949951171875,27299.189453125,1933.9000244140625,80.12999725341797
2023-01-25,3.4619998931884766,3.561000108718872,4.545000076293945,101.63999938964844,19.079999923706055,4016.219970703125,27395.009765625,1941.199951171875,80.1500015258789
2023-01-26,3.493000030517578,3.5880000591278076,4.543000221252441,101.83999633789062,18.729999542236328,4060.429931640625,27362.75,1929.0999755859375,81.01000213623047
2023-01-27,3.5179998874664307,3.621000051498413,4.547999858856201,101.93000030517578,18.510000228881836,4070.56005859375,27382.560546875,1928.5999755859375,79.68000030517578
2023-01-30,3.5510001182556152,3.683000087738037,4.534999847412109,102.27999877929688,19.940000534057617,4017.77001953125,27433.400390625,1922.9000244140625,77.9000015258789
2023-01-31,3.5290000438690186,3.638000011444092,4.570000171661377,102.0999984741211,19.399999618530273,4076.60009765625,27327.109375,1929.5,78.87000274658203
2023-02-01,3.3970000743865967,3.494999885559082,4.519999980926514,101.22000122070312,17.8700008392334,4119.2099609375,27346.880859375,1927.800048828125,76.41000366210938
2023-02-02,3.3959999084472656,3.4830000400543213,4.510000228881836,101.75,18.729999542236328,4179.759765625,27402.05078125,1916.300048828125,75.87999725341797
2023-02-03,3.5320000648498535,3.6659998893737793,4.5229997634887695,102.91999816894531,18.329999923706055,4136.47998046875,27509.4609375,1862.9000244140625,73.38999938964844
2023-02-06,3.634000062942505,3.813999891281128,4.5329999923706055,103.62000274658203,19.43000030517578,4111.080078125,27693.650390625,1866.199951171875,74.11000061035156
2023-02-07,3.6740000247955322,3.8440001010894775,4.570000171661377,103.43000030517578,18.65999984741211,4164.0,27685.470703125,1871.699951171875,77.13999938964844
2023-02-08,3.6530001163482666,3.818000078201294,4.585000038146973,103.41000366210938,19.6299991607666,4117.85986328125,27606.4609375,1877.4000244140625,78.47000122070312
2023-02-09,3.683000087738037,3.881999969482422,4.61299991607666,103.22000122070312,20.709999084472656,4081.5,27584.349609375,1866.199951171875,78.05999755859375
2023-02-10,3.74399995803833,3.9240000247955322,4.635000228881836,103.62999725341797,20.530000686645508,4090.4599609375,27670.98046875,1862.800048828125,79.72000122070312
2023-02-13,3.7170000076293945,3.9260001182556152,4.644999980926514,103.3499984741211,20.34000015258789,4137.2900390625,27427.3203125,1851.9000244140625,80.13999938964844
2023-02-14,3.760999917984009,4.002999782562256,4.659999847412109,103.2300033569336,18.90999984741211,4136.1298828125,27602.76953125,1854.0,79.05999755859375
2023-02-15,3.809000015258789,4.039999961853027,4.64300012588501,103.91999816894531,18.229999542236328,4147.60009765625,27501.859375,1834.199951171875,78.58999633789062
2023-02-16,3.8429999351501465,4.047999858856201,4.664999961853027,103.86000061035156,20.170000076293945,4090.409912109375,27696.439453125,1842.0,78.48999786376953
2023-02-17,3.828000068664551,4.035999774932861,4.679999828338623,103.86000061035156,20.020000457763672,4079.090087890625,27513.130859375,1840.4000244140625,76.33999633789062
2023-02-20,,,,,,,27531.939453125,,
2023-02-21,3.9549999237060547,4.175000190734863,4.688000202178955,104.18000030517578,22.8700008392334,3997.340087890625,27473.099609375,1833.0,76.16000366210938
2023-02-22,3.9230000972747803,4.151000022888184,4.695000171661377,104.58999633789062,22.290000915527344,3991.050048828125,27104.3203125,1832.0,73.94999694824219
2023-02-23,3.878999948501587,4.105000019073486,4.690000057220459,104.5999984741211,21.139999389648438,4012.320068359375,,1818.0,75.38999938964844
2023-02-24,3.9489998817443848,4.210000038146973,4.703000068664551,105.20999908447266,21.670000076293945,3970.0400390625,27453.48046875,1808.800048828125,76.31999969482422
2023-02-27,3.921999931335449,4.172999858856201,4.664999961853027,104.66999816894531,20.950000762939453,3982.239990234375,27423.9609375,1817.0,75.68000030517578
2023-02-28,3.9159998893737793,4.168000221252441,4.710000038146973,104.87000274658203,20.700000762939453,3970.14990234375,27445.560546875,1828.9000244140625,77.05000305175781
2023-03-01,3.99399995803833,4.263000011444092,4.724999904632568,104.4800033569336,20.579999923706055,3951.389892578125,27516.529296875,1837.699951171875,77.69000244140625
2023-03-02,4.072999954223633,4.324999809265137,4.7230000495910645,105.02999877929688,19.59000015258789,3981.35009765625,27498.869140625,1833.5,78.16000366210938
2023-03-03,3.9639999866485596,4.252999782562256,4.7179999351501465,104.5199966430664,18.489999771118164,4045.639892578125,27927.470703125,1847.699951171875,79.68000030517578
2023-03-06,3.9830000400543213,4.270999908447266,4.728000164031982,104.3499984741211,18.610000610351562,4048.419921875,28237.779296875,1847.9000244140625,80.45999908447266
2023-03-07,3.9749999046325684,4.315000057220459,4.84499979019165,105.62000274658203,19.59000015258789,3986.3701171875,28309.16015625,1813.9000244140625,77.58000183105469
2023-03-08,3.9760000705718994,4.335999965667725,4.882999897003174,105.66000366210938,19.110000610351562,3992.010009765625,28444.189453125,1812.699951171875,76.66000366210938
2023-03-09,3.924999952316284,4.2210001945495605,4.8480000495910645,105.30999755859375,22.610000610351562,3918.320068359375,28623.150390625,1829.300048828125,75.72000122070312
2023-03-10,3.694999933242798,3.9539999961853027,4.802999973297119,104.58000183105469,24.799999237060547,3861.590087890625,28143.970703125,1862.0,76.68000030517578
2023-03-13,3.515000104904175,3.6659998893737793,4.6579999923706055,103.5999984741211,26.520000457763672,3855.760009765625,27832.9609375,1911.699951171875,74.80000305175781
2023-03-14,3.638000011444092,3.7980000972747803,4.679999828338623,103.5999984741211,23.729999542236328,3919.2900390625,27222.0390625,1906.199951171875,71.33000183105469
2023-03-15,3.492000102996826,3.578000068664551,4.558000087738037,104.6500015258789,26.139999389648438,3891.929931640625,27229.48046875,1926.5999755859375,67.61000061035156
2023-03-16,3.5850000381469727,3.742000102996826,4.53000020980835,104.41999816894531,22.989999771118164,3960.280029296875,27010.609375,1919.0,68.3499984741211
2023-03-17,3.3949999809265137,3.4660000801086426,4.293000221252441,103.70999908447266,25.510000228881836,3916.639892578125,27333.7890625,1969.800048828125,66.73999786376953
2023-03-20,3.4809999465942383,3.575000047683716,4.465000152587891,103.27999877929688,24.149999618530273,3951.570068359375,26945.669921875,1979.199951171875,67.63999938964844
2023-03-21,3.6059999465942383,3.746000051498413,4.605000019073486,103.26000213623047,21.3799991607666,4002.8701171875,,1938.0,69.33000183105469
2023-03-22,3.5,3.572999954223633,4.563000202178955,102.3499984741211,22.260000228881836,3936.969970703125,27466.609375,1946.800048828125,70.9000015258789
2023-03-23,3.4059998989105225,3.4170000553131104,4.502999782562256,102.52999877929688,22.610000610351562,3948.719970703125,27419.609375,1993.800048828125,69.95999908447266
2023-03-24,3.380000114440918,3.4089999198913574,4.502999782562256,103.12000274658203,21.739999771118164,3970.989990234375,27385.25,1982.0999755859375,69.26000213623047
2023-03-27,3.5280001163482666,3.5950000286102295,4.583000183105469,102.86000061035156,20.600000381469727,3977.530029296875,27476.869140625,1952.4000244140625,72.80999755859375
2023-03-28,3.563999891281128,3.6619999408721924,4.627999782562256,102.43000030517578,19.969999313354492,3971.27001953125,27518.25,1972.4000244140625,73.19999694824219
2023-03-29,3.565999984741211,3.674999952316284,4.630000114440918,102.63999938964844,19.1200008392334,4027.81005859375,27883.779296875,1966.0999755859375,72.97000122070312
2023-03-30,3.5510001182556152,3.6630001068115234,4.664999961853027,102.13999938964844,19.020000457763672,4050.830078125,27782.9296875,1980.300048828125,74.37000274658203
2023-03-31,3.49399995803833,3.6110000610351562,4.585000038146973,102.51000213623047,18.700000762939453,4109.31005859375,28041.48046875,1969.0,75.66999816894531
2023-04-03,3.430000066757202,3.5290000438690186,4.570000171661377,102.08999633789062,18.549999237060547,4124.509765625,28188.150390625,1983.9000244140625,80.41999816894531
2023-04-04,3.3369998931884766,3.388000011444092,4.728000164031982,101.58999633789062,19.0,4100.60009765625,28287.419921875,2022.199951171875,80.70999908447266
2023-04-05,3.2869999408721924,3.3440001010894775,4.704999923706055,101.8499984741211,19.079999923706055,4090.3798828125,27813.259765625,2020.9000244140625,80.61000061035156
2023-04-06,3.2880001068115234,3.3570001125335693,4.710000038146973,101.81999969482422,18.399999618530273,4105.02001953125,27472.630859375,2011.9000244140625,80.69999694824219
2023-04-07,,,,,,,27518.310546875,,
2023-04-10,3.4149999618530273,3.5190000534057617,4.8379998207092285,102.58000183105469,18.969999313354492,4109.10986328125,27633.66015625,1989.0999755859375,79.73999786376953
2023-04-11,3.434000015258789,3.549999952316284,4.880000114440918,102.19999694824219,19.100000381469727,4108.93994140625,27923.369140625,2004.800048828125,81.52999877929688
2023-04-12,3.4210000038146973,3.4760000705718994,4.860000133514404,101.5,19.09000015258789,4091.949951171875,28082.69921875,2010.9000244140625,83.26000213623047
2023-04-13,3.4519999027252197,3.506999969482422,4.855000019073486,101.01000213623047,17.799999237060547,4146.22021484375,28156.970703125,2041.300048828125,82.16000366210938
2023-04-14,3.5220000743865967,3.6110000610351562,4.9029998779296875,101.55000305175781,17.06999969482422,4137.64013671875,28493.470703125,2002.199951171875,82.5199966430664
2023-04-17,3.5910000801086426,3.693000078201294,4.922999858856201,102.0999984741211,16.950000762939453,4151.31982421875,28514.779296875,1994.199951171875,80.83000183105469
2023-04-18,3.572000026702881,3.674999952316284,5.03000020980835,101.75,16.829999923706055,4154.8701171875,28658.830078125,2007.4000244140625,80.86000061035156
2023-04-19,3.6019999980926514,3.7219998836517334,4.994999885559082,101.97000122070312,16.459999084472656,4154.52001953125,28606.759765625,1995.199951171875,79.16000366210938
2023-04-20,3.5450000762939453,3.640000104904175,4.945000171661377,101.83999633789062,17.170000076293945,4129.7900390625,28657.5703125,2007.5999755859375,77.29000091552734
2023-04-21,3.569999933242798,3.6610000133514404,4.949999809265137,101.81999969482422,16.770000457763672,4133.52001953125,28564.369140625,1979.5,77.87000274658203
2023-04-24,3.515000104904175,3.6050000190734863,4.873000144958496,101.3499984741211,16.889999389648438,4137.0400390625,28593.51953125,1989.0999755859375,78.76000213623047
2023-04-25,3.3959999084472656,3.441999912261963,4.953000068664551,101.86000061035156,18.760000228881836,4071.6298828125,28620.0703125,1994.0,77.06999969482422
2023-04-26,3.431999921798706,3.4800000190734863,4.985000133514404,101.47000122070312,18.84000015258789,4055.989990234375,28416.470703125,1985.699951171875,74.30000305175781
2023-04-27,3.5280001163482666,3.6019999980926514,5.0,101.5,17.030000686645508,4135.35009765625,28457.6796875,1989.9000244140625,74.76000213623047
2023-04-28,3.4519999027252197,3.5360000133514404,4.922999858856201,101.66999816894531,15.779999732971191,4169.47998046875,28856.439453125,1990.0999755859375,76.77999877929688
2023-05-01,3.5739998817443848,3.632999897003174,4.864999771118164,102.1500015258789,16.079999923706055,4167.8701171875,29123.1796875,1983.4000244140625,75.66000366210938
2023-05-02,3.438999891281128,3.4660000801086426,5.039999961853027,101.95999908447266,17.780000686645508,4119.580078125,29157.94921875,2014.300048828125,71.66000366210938
2023-05-03,3.4030001163482666,3.4110000133514404,5.09499979019165,101.33999633789062,18.34000015258789,4090.75,,2028.5999755859375,68.5999984741211
2023-05-04,3.3510000705718994,3.2760000228881836,5.054999828338623,101.4000015258789,20.09000015258789,4061.219970703125,,2048.0,68.55999755859375
2023-05-05,3.446000099182129,3.4189999103546143,5.079999923706055,101.20999908447266,17.190000534057617,4136.25,,2017.4000244140625,71.33999633789062
2023-05-08,3.5209999084472656,3.5,5.083000183105469,101.37000274658203,16.979999542236328,4138.1201171875,28949.880859375,2026.300048828125,73.16000366210938
2023-05-09,3.5209999084472656,3.494999885559082,5.123000144958496,101.63999938964844,17.709999084472656,4119.169921875,29242.8203125,2036.199951171875,73.70999908447266
2023-05-10,3.438999891281128,3.372999906539917,5.065000057220459,101.4800033569336,16.940000534057617,4137.64013671875,29122.1796875,2030.5,72.55999755859375
2023-05-11,3.3970000743865967,3.3589999675750732,5.014999866485596,102.05999755859375,16.93000030517578,4130.6201171875,29126.720703125,2014.699951171875,70.87000274658203
2023-05-12,3.4630000591278076,3.4509999752044678,5.0279998779296875,102.68000030517578,17.030000686645508,4124.080078125,29388.30078125,2014.5,70.04000091552734
2023-05-15,3.507999897003174,3.4690001010894775,5.0,102.43000030517578,17.1200008392334,4136.27978515625,29626.33984375,2018.0,71.11000061035156
2023-05-16,3.5490000247955322,3.5220000743865967,5.058000087738037,102.55999755859375,17.989999771118164,4109.89990234375,29842.990234375,1988.4000244140625,70.86000061035156
2023-05-17,3.5810000896453857,3.5920000076293945,5.0879998207092285,102.87999725341797,16.8700008392334,4158.77001953125,30093.58984375,1980.699951171875,72.83000183105469
2023-05-18,3.6480000019073486,3.697999954223633,5.125,103.58000183105469,16.049999237060547,4198.0498046875,30573.9296875,1956.5,71.86000061035156
2023-05-19,3.691999912261963,3.747999906539917,5.085000038146973,103.19999694824219,16.809999465942383,4191.97998046875,30808.349609375,1978.699951171875,71.55000305175781
2023-05-22,3.7190001010894775,3.7669999599456787,5.09499979019165,103.19999694824219,17.209999084472656,4192.6298828125,31086.8203125,1974.800048828125,71.98999786376953
2023-05-23,3.697999954223633,3.747999906539917,5.1529998779296875,103.48999786376953,18.530000686645508,4145.580078125,30957.76953125,1972.4000244140625,72.91000366210938
2023-05-24,3.7190001010894775,3.7820000648498535,5.184999942779541,103.88999938964844,20.030000686645508,4115.240234375,30682.6796875,1962.800048828125,74.33999633789062
2023-05-25,3.813999891281128,3.8959999084472656,5.163000106811523,104.20999908447266,19.139999389648438,4151.27978515625,30801.130859375,1943.0999755859375,71.83000183105469
2023-05-26,3.809999942779541,3.937999963760376,5.114999771118164,104.20999908447266,17.950000762939453,4205.4501953125,30916.310546875,1944.0999755859375,72.66999816894531
2023-05-29,,,,,,,31233.5390625,,
2023-05-30,3.700000047683716,3.8259999752044678,5.14300012588501,104.16999816894531,17.459999084472656,4205.52001953125,31328.16015625,1958.0,69.45999908447266
2023-05-31,3.63700008392334,3.743000030517578,5.248000144958496,104.31999969482422,17.940000534057617,4179.830078125,30887.880859375,1963.9000244140625,68.08999633789062
2023-06-01,3.6080000400543213,3.7009999752044678,5.203000068664551,103.55999755859375,15.649999618530273,4221.02001953125,31148.009765625,1978.0,70.0999984741211
2023-06-02,3.690999984741211,3.8420000076293945,5.215000152587891,104.0199966430664,14.600000381469727,4282.3701171875,31524.220703125,1952.4000244140625,71.73999786376953
2023-06-05,3.693000078201294,3.8299999237060547,5.14300012588501,104.0,14.729999542236328,4273.7900390625,32217.4296875,1958.0,72.1500015258789
2023-06-06,3.6989998817443848,3.8559999465942383,5.1579999923706055,104.12999725341797,13.960000038146973,4283.85009765625,32506.779296875,1965.5,71.73999786376953
2023-06-07,3.7839999198913574,3.9189999103546143,5.1529998779296875,104.0999984741211,13.9399995803833,4267.52001953125,31913.740234375,1942.699951171875,72.52999877929688
2023-06-08,3.7139999866485596,3.8559999465942383,5.099999904632568,103.33999633789062,13.649999618530273,4293.93017578125,31641.26953125,1963.5999755859375,71.29000091552734
2023-06-09,3.744999885559082,3.9200000762939453,5.09499979019165,103.55999755859375,13.829999923706055,4298.85986328125,32265.169921875,1962.199951171875,70.16999816894531
2023-06-12,3.765000104904175,3.9170000553131104,5.09499979019165,103.62999725341797,15.010000228881836,4338.93017578125,32434.0,1955.300048828125,67.12000274658203
2023-06-13,3.8389999866485596,4.020999908447266,5.099999904632568,103.33999633789062,14.609999656677246,4369.009765625,33018.6484375,1944.5999755859375,69.41999816894531
2023-06-14,3.7960000038146973,4.008999824523926,5.079999923706055,103.01000213623047,13.880000114440918,4372.58984375,33502.421875,1955.300048828125,68.2699966430664
2023-06-15,3.7279999256134033,3.9240000247955322,5.054999828338623,102.12000274658203,14.5,4425.83984375,33485.48828125,1957.800048828125,70.62000274658203
2023-06-16,3.7690000534057617,3.992000102996826,5.065000057220459,102.30000305175781,13.539999961853027,4409.58984375,33706.078125,1958.4000244140625,71.77999877929688
2023-06-19,,,,,,,33370.421875,,
2023-06-20,3.7290000915527344,3.9600000381469727,5.074999809265137,102.54000091552734,13.880000114440918,4388.7099609375,33388.91015625,1935.5,70.5
2023-06-21,3.7230000495910645,3.9549999237060547,5.135000228881836,102.06999969482422,13.199999809265137,4365.68994140625,33575.140625,1933.300048828125,72.52999877929688
2023-06-22,3.7990000247955322,4.046000003814697,5.135000228881836,102.38999938964844,12.90999984741211,4381.89013671875,33264.87890625,1912.699951171875,69.51000213623047
2023-06-23,3.739000082015991,3.994999885559082,5.138000011444092,102.9000015258789,13.4399995803833,4348.330078125,32781.5390625,1919.0999755859375,69.16000366210938
2023-06-26,3.7190001010894775,3.9630000591278076,5.15500020980835,102.69000244140625,14.25,4328.81982421875,32698.810546875,1923.699951171875,69.37000274658203
2023-06-27,3.7679998874664307,4.033999919891357,5.179999828338623,102.48999786376953,13.739999771118164,4378.41015625,32538.330078125,1914.0,67.69999694824219
2023-06-28,3.7100000381469727,3.9719998836517334,5.170000076293945,102.91000366210938,13.430000305175781,4376.85986328125,33193.98828125,1912.300048828125,69.55999755859375
2023-06-29,3.8540000915527344,4.14300012588501,5.175000190734863,103.33999633789062,13.539999961853027,4396.43994140625,33234.140625,1909.199951171875,69.86000061035156
2023-06-30,3.819000005722046,4.132999897003174,5.1529998779296875,102.91000366210938,13.59000015258789,4450.3798828125,33189.0390625,1921.0999755859375,70.63999938964844
2023-07-03,3.8580000400543213,4.190999984741211,5.144999980926514,102.98999786376953,13.569999694824219,4455.58984375,33753.328125,1921.699951171875,69.79000091552734
2023-07-04,,,,,,,33422.51953125,,
2023-07-05,3.944999933242798,4.255000114440918,5.192999839782715,103.37000274658203,14.180000305175781,4446.81982421875,33338.69921875,1919.5999755859375,71.79000091552734
2023-07-06,4.040999889373779,4.366000175476074,5.2129998207092285,103.16999816894531,15.4399995803833,4411.58984375,32773.01953125,1908.699951171875,71.80000305175781
2023-07-07,4.050000190734863,4.336999893188477,5.2129998207092285,102.2699966430664,14.829999923706055,4398.9501953125,32388.419921875,1926.199951171875,73.86000061035156
2023-07-10,4.00600004196167,4.245999813079834,5.224999904632568,101.97000122070312,15.069999694824219,4409.52978515625,32189.73046875,1925.0,72.98999786376953
2023-07-11,3.9800000190734863,4.238999843597412,5.243000030517578,101.7300033569336,14.84000015258789,4439.259765625,32203.5703125,1931.300048828125,74.83000183105469
2023-07-12,3.8610000610351562,4.070000171661377,5.230000019073486,100.5199966430664,13.539999961853027,4472.16015625,31943.9296875,1956.199951171875,75.75
2023-07-13,3.760999917984009,3.934999942779541,5.2230000495910645,99.7699966430664,13.609999656677246,4510.0400390625,32419.330078125,1959.199951171875,76.88999938964844
2023-07-14,3.819000005722046,4.031000137329102,5.215000152587891,99.91000366210938,13.34000015258789,4505.419921875,32391.259765625,1960.0999755859375,75.41999816894531
2023-07-17,3.796999931335449,4.000999927520752,5.232999801635742,99.83999633789062,13.479999542236328,4522.7900390625,,1952.4000244140625,74.1500015258789
2023-07-18,3.7890000343322754,4.000999927520752,5.248000144958496,99.94000244140625,13.300000190734863,4554.97998046875,32493.890625,1977.199951171875,75.75
2023-07-19,3.742000102996826,3.9719998836517334,5.244999885559082,100.27999877929688,13.760000228881836,4565.72021484375,32896.03125,1977.5,75.3499984741211
2023-07-20,3.8540000915527344,4.099999904632568,5.243000030517578,100.87999725341797,13.989999771118164,4534.8701171875,32490.51953125,1968.300048828125,75.62999725341797
2023-07-21,3.8369998931884766,4.0929999351501465,5.248000144958496,101.06999969482422,13.600000381469727,4536.33984375,32304.25,1964.300048828125,77.06999969482422
2023-07-24,3.8570001125335693,4.126999855041504,5.25,101.3499984741211,13.90999984741211,4554.64013671875,32700.939453125,1960.300048828125,78.73999786376953
2023-07-25,3.9119999408721924,4.192999839782715,5.264999866485596,101.3499984741211,13.859999656677246,4567.4599609375,32682.509765625,1962.0999755859375,79.62999725341797
2023-07-26,3.8510000705718994,4.083000183105469,5.26800012588501,100.88999938964844,13.1899995803833,4566.75,32668.33984375,1968.9000244140625,78.77999877929688
2023-07-27,4.01200008392334,4.250999927520752,5.26800012588501,101.7699966430664,14.40999984741211,4537.41015625,32891.16015625,1945.4000244140625,80.08999633789062
2023-07-28,3.9690001010894775,4.195000171661377,5.255000114440918,101.62000274658203,13.329999923706055,4582.22998046875,32759.23046875,1960.4000244140625,80.58000183105469
2023-07-31,3.9590001106262207,4.178999900817871,5.248000144958496,101.86000061035156,13.630000114440918,4588.9599609375,33172.21875,1970.5,81.80000305175781
2023-08-01,4.051000118255615,4.249000072479248,5.260000228881836,102.30000305175781,13.930000305175781,4576.72998046875,33476.578125,1940.699951171875,81.37000274658203
2023-08-02,4.078000068664551,4.241000175476074,5.260000228881836,102.58999633789062,16.09000015258789,4513.39013671875,32707.689453125,1937.4000244140625,79.48999786376953
2023-08-03,4.189000129699707,4.301000118255615,5.257999897003174,102.54000091552734,15.920000076293945,4501.89013671875,32159.279296875,1932.0,81.55000305175781
2023-08-04,4.059999942779541,4.163000106811523,5.252999782562256,102.0199966430664,17.100000381469727,4478.02978515625,32192.75,1939.5999755859375,82.81999969482422
2023-08-07,4.078000068664551,4.151000022888184,5.260000228881836,102.05000305175781,15.770000457763672,4518.43994140625,32254.560546875,1933.5,81.94000244140625
2023-08-08,4.026000022888184,4.11299991607666,5.275000095367432,102.52999877929688,15.989999771118164,4499.3798828125,32377.2890625,1924.0999755859375,82.91999816894531
2023-08-09,4.01200008392334,4.127999782562256,5.28000020980835,102.48999786376953,15.960000038146973,4467.7099609375,32204.330078125,1915.4000244140625,84.4000015258789
2023-08-10,4.079999923706055,4.202000141143799,5.26800012588501,102.5199966430664,15.850000381469727,4468.830078125,32473.650390625,1914.4000244140625,82.81999969482422
2023-08-11,4.168000221252441,4.308000087738037,5.264999866485596,102.83999633789062,14.84000015258789,4464.0498046875,,1912.9000244140625,83.19000244140625
2023-08-14,4.184000015258789,4.355999946594238,5.269999980926514,103.19000244140625,14.819999694824219,4489.72021484375,32059.91015625,1910.5999755859375,82.51000213623047
2023-08-15,4.2210001945495605,4.380000114440918,5.28000020980835,103.20999908447266,16.459999084472656,4437.85986328125,32238.890625,1902.5,80.98999786376953
2023-08-16,4.257999897003174,4.4079999923706055,5.284999847412109,103.41999816894531,16.780000686645508,4404.330078125,31766.8203125,1896.0999755859375,79.37999725341797
2023-08-17,4.308000087738037,4.439000129699707,5.2779998779296875,103.44000244140625,17.889999389648438,4370.35986328125,31626.0,1884.0999755859375,80.38999938964844
2023-08-18,4.250999927520752,4.381999969482422,5.2779998779296875,103.37999725341797,17.299999237060547,4369.7099609375,31450.759765625,1886.0999755859375,81.25
2023-08-21,4.3420000076293945,4.459000110626221,5.28000020980835,103.33000183105469,17.1299991607666,4399.77001953125,31565.640625,1893.300048828125,80.72000122070312
2023-08-22,4.328000068664551,4.479000091552734,5.295000076293945,103.55999755859375,16.969999313354492,4387.5498046875,31856.7109375,1896.4000244140625,80.3499984741211
2023-08-23,4.197999954223633,4.361000061035156,5.295000076293945,103.36000061035156,15.979999542236328,4436.009765625,32010.259765625,1918.5,78.88999938964844
2023-08-24,4.235000133514404,4.4039998054504395,5.302999973297119,103.9800033569336,17.200000762939453,4376.31005859375,32287.2109375,1918.199951171875,79.05000305175781
2023-08-25,4.238999843597412,4.433000087738037,5.315000057220459,104.08000183105469,15.680000305175781,4405.7099609375,31624.279296875,1911.0999755859375,79.83000183105469
2023-08-28,4.211999893188477,4.4120001792907715,5.322999954223633,104.05999755859375,15.079999923706055,4433.31005859375,32169.990234375,1917.9000244140625,80.0999984741211
2023-08-29,4.122000217437744,4.2769999504089355,5.320000171661377,103.55000305175781,14.449999809265137,4497.6298828125,32226.970703125,1936.5,81.16000366210938
2023-08-30,4.118000030517578,4.2729997634887695,5.315000057220459,103.16000366210938,13.880000114440918,4514.8701171875,32333.4609375,1944.300048828125,81.62999725341797
2023-08-31,4.0929999351501465,4.24399995803833,5.297999858856201,103.62000274658203,13.569999694824219,4507.66015625,32619.33984375,1938.199951171875,83.62999725341797
2023-09-01,4.172999858856201,4.290999889373779,5.26800012588501,104.23999786376953,13.09000015258789,4515.77001953125,32710.619140625,1939.800048828125,85.55000305175781
2023-09-04,,,,,,,32939.1796875,,
2023-09-05,4.26800012588501,4.383999824523926,5.2779998779296875,104.80999755859375,14.010000228881836,4496.830078125,33036.76171875,1926.199951171875,86.69000244140625
2023-09-06,4.289999961853027,4.438000202178955,5.300000190734863,104.86000061035156,14.449999809265137,4465.47998046875,33241.01953125,1918.0999755859375,87.54000091552734
2023-09-07,4.260000228881836,4.380000114440918,5.2829999923706055,105.05999755859375,14.399999618530273,4451.14013671875,32991.078125,1917.5,86.87000274658203
2023-09-08,4.257999897003174,4.395999908447266,5.293000221252441,105.08999633789062,13.84000015258789,4457.490234375,32606.83984375,1918.4000244140625,87.51000213623047
2023-09-11,4.288000106811523,4.414000034332275,5.293000221252441,104.56999969482422,13.800000190734863,4487.4599609375,32467.759765625,1923.300048828125,87.29000091552734
2023-09-12,4.263999938964844,4.409999847412109,5.304999828338623,104.70999908447266,14.229999542236328,4461.89990234375,32776.37109375,1911.300048828125,88.83999633789062
2023-09-13,4.249000072479248,4.390999794006348,5.304999828338623,104.7699966430664,13.479999542236328,4467.43994140625,32706.51953125,1909.0999755859375,88.5199966430664
2023-09-14,4.288000106811523,4.419000148773193,5.295000076293945,105.41000366210938,12.819999694824219,4505.10009765625,33168.1015625,1910.0,90.16000366210938
2023-09-15,4.322000026702881,4.453000068664551,5.297999858856201,105.31999969482422,13.789999961853027,4450.31982421875,33533.08984375,1923.699951171875,90.7699966430664
2023-09-18,4.318999767303467,4.461999893188477,5.300000190734863,105.19999694824219,14.0,4453.52978515625,,1931.5,91.4800033569336
2023-09-19,4.364999771118164,4.520999908447266,5.309999942779541,105.19999694824219,14.109999656677246,4443.9501953125,33242.58984375,1932.0,91.19999694824219
2023-09-20,4.348999977111816,4.514999866485596,5.315000057220459,105.16000366210938,15.140000343322754,4402.2001953125,33023.78125,1945.5999755859375,90.27999877929688
2023-09-21,4.480000019073486,4.616000175476074,5.304999828338623,105.36000061035156,17.540000915527344,4330.0,32571.029296875,1919.199951171875,89.62999725341797
2023-09-22,4.438000202178955,4.568999767303467,5.304999828338623,105.58000183105469,17.200000762939453,4320.06005859375,32402.41015625,1925.4000244140625,90.02999877929688
2023-09-25,4.541999816894531,4.619999885559082,5.313000202178955,106.0,16.899999618530273,4337.43994140625,32678.619140625,1916.5999755859375,89.68000030517578
2023-09-26,4.558000087738037,4.625,5.324999809265137,106.2300033569336,18.940000534057617,4273.52978515625,32315.05078125,1900.4000244140625,90.38999938964844
2023-09-27,4.625999927520752,4.703000068664551,5.329999923706055,106.66999816894531,18.219999313354492,4274.509765625,32371.900390625,1871.5999755859375,93.68000030517578
2023-09-28,4.5970001220703125,4.64300012588501,5.308000087738037,106.22000122070312,17.34000015258789,4299.7001953125,31872.51953125,1860.4000244140625,91.70999908447266
2023-09-29,4.572999954223633,4.605999946594238,5.300000190734863,106.16999816894531,17.520000457763672,4288.0498046875,31857.619140625,1848.0999755859375,90.79000091552734
2023-10-02,4.683000087738037,4.7170000076293945,5.315000057220459,106.9000015258789,17.610000610351562,4288.39013671875,31759.880859375,1830.0,88.81999969482422
2023-10-03,4.802000045776367,4.801000118255615,5.340000152587891,107.0,19.780000686645508,4229.4501953125,31237.939453125,1824.5999755859375,89.2300033569336
2023-10-04,4.735000133514404,4.718999862670898,5.335000038146973,106.80000305175781,18.579999923706055,4263.75,30526.880859375,1818.5,84.22000122070312
2023-10-05,4.7170000076293945,4.683000087738037,5.324999809265137,106.33000183105469,18.489999771118164,4258.18994140625,31075.359375,1816.5999755859375,82.30999755859375
2023-10-06,4.783999919891357,4.748000144958496,5.3480000495910645,106.04000091552734,17.450000762939453,4308.5,30994.669921875,1830.199951171875,82.79000091552734
2023-10-09,4.796999931335449,4.755000114440918,5.3480000495910645,106.08000183105469,17.700000762939453,4335.66015625,,1849.5,86.37999725341797
2023-10-10,4.65500020980835,4.61899995803833,5.322999954223633,105.83000183105469,17.030000686645508,4358.240234375,31746.529296875,1861.0,85.97000122070312
2023-10-11,4.59499979019165,4.605000019073486,5.335000038146973,105.81999969482422,16.09000015258789,4376.9501953125,31936.509765625,1872.800048828125,83.48999786376953
2023-10-12,4.711999893188477,4.701000213623047,5.335000038146973,106.56999969482422,16.690000534057617,4349.60986328125,32494.66015625,1869.300048828125,82.91000366210938
2023-10-13,4.629000186920166,4.644000053405762,5.328000068664551,106.6500015258789,19.31999969482422,4327.77978515625,32315.990234375,1927.4000244140625,87.69000244140625
2023-10-16,4.711999893188477,4.7170000076293945,5.328000068664551,106.23999786376953,17.209999084472656,4373.6298828125,31659.029296875,1921.0999755859375,86.66000366210938
2023-10-17,4.8470001220703125,4.872000217437744,5.340000152587891,106.25,17.8799991607666,4373.2001953125,32040.2890625,1922.699951171875,86.66000366210938
2023-10-18,4.9039998054504395,4.925000190734863,5.329999923706055,106.56999969482422,19.219999313354492,4314.60009765625,32042.25,1955.300048828125,88.31999969482422
2023-10-19,4.98799991607666,4.960999965667725,5.309999942779541,106.25,21.399999618530273,4278.0,31430.619140625,1968.4000244140625,89.37000274658203
2023-10-20,4.923999786376953,4.861999988555908,5.300000190734863,106.16000366210938,21.709999084472656,4224.16015625,31259.359375,1982.5,88.75
2023-10-23,4.8379998207092285,4.793000221252441,5.293000221252441,105.54000091552734,20.3700008392334,4217.0400390625,30999.55078125,1976.300048828125,85.48999786376953
2023-10-24,4.840000152587891,4.823999881744385,5.308000087738037,106.2699966430664,18.969999313354492,4247.68017578125,31062.349609375,1975.0,83.73999786376953
2023-10-25,4.953000068664551,4.918000221252441,5.315000057220459,106.52999877929688,20.190000534057617,4186.77001953125,31269.919921875,1984.0999755859375,85.38999938964844
2023-10-26,4.84499979019165,4.796999931335449,5.300000190734863,106.5999984741211,20.68000030517578,4137.22998046875,30601.779296875,1987.199951171875,83.20999908447266
2023-10-27,4.84499979019165,4.769999980926514,5.304999828338623,106.55999755859375,21.270000457763672,4117.3701171875,30991.689453125,1988.5999755859375,85.54000091552734
2023-10-30,4.875,4.803999900817871,5.313000202178955,106.12000274658203,19.75,4166.81982421875,30696.9609375,1996.199951171875,82.30999755859375
2023-10-31,4.875,4.815999984741211,5.320000171661377,106.66000366210938,18.139999389648438,4193.7998046875,30858.849609375,1985.199951171875,81.0199966430664
2023-11-01,4.789000034332275,4.704999923706055,5.300000190734863,106.87999725341797,16.8700008392334,4237.85986328125,31601.650390625,1978.800048828125,80.44000244140625
2023-11-02,4.669000148773193,4.636000156402588,5.269999980926514,106.12000274658203,15.65999984741211,4317.77978515625,31949.890625,1985.5999755859375,82.45999908447266
2023-11-03,4.558000087738037,4.48799991607666,5.252999782562256,105.0199966430664,14.90999984741211,4358.33984375,,1991.5,80.51000213623047
2023-11-06,4.6620001792907715,4.609000205993652,5.260000228881836,105.22000122070312,14.890000343322754,4365.97998046875,32708.48046875,1981.5999755859375,80.81999969482422
2023-11-07,4.571000099182129,4.538000106811523,5.2729997634887695,105.54000091552734,14.8100004196167,4378.3798828125,32271.8203125,1966.800048828125,77.37000274658203
2023-11-08,4.5229997634887695,4.521999835968018,5.26800012588501,105.58999633789062,14.449999809265137,4382.77978515625,32166.48046875,1951.5,75.33000183105469
2023-11-09,4.630000114440918,4.639999866485596,5.263000011444092,105.91000366210938,15.289999961853027,4347.35009765625,32646.4609375,1964.199951171875,75.73999786376953
2023-11-10,4.627999782562256,4.665999889373779,5.25,105.86000061035156,14.170000076293945,4415.240234375,32568.109375,1932.5999755859375,77.16999816894531
2023-11-13,4.631999969482422,4.663000106811523,5.260000228881836,105.66000366210938,14.760000228881836,4411.5498046875,32585.109375,1945.5,78.26000213623047
2023-11-14,4.440999984741211,4.421000003814697,5.252999782562256,104.11000061035156,14.15999984741211,4495.7001953125,32695.9296875,1961.800048828125,78.26000213623047
2023-11-15,4.534999847412109,4.526000022888184,5.255000114440918,104.38999938964844,14.180000305175781,4502.8798828125,33519.69921875,1960.0999755859375,76.66000366210938
2023-11-16,4.445000171661377,4.427999973297119,5.243000030517578,104.37000274658203,14.319999694824219,4508.240234375,33424.41015625,1983.9000244140625,72.9000015258789
2023-11-17,4.440999984741211,4.454999923706055,5.232999801635742,103.81999969482422,13.800000190734863,4514.02001953125,33585.19921875,1981.5999755859375,75.88999938964844
2023-11-20,4.421999931335449,4.440999984741211,5.23799991607666,103.47000122070312,13.40999984741211,4547.3798828125,33388.03125,1977.699951171875,77.5999984741211
2023-11-21,4.418000221252441,4.419000148773193,5.255000114440918,103.58999633789062,13.350000381469727,4538.18994140625,33354.140625,1999.300048828125,77.7699966430664
2023-11-22,4.415999889373779,4.440000057220459,5.264999866485596,103.91999816894531,12.850000381469727,4556.6201171875,33451.828125,1991.4000244140625,77.0999984741211
2023-11-24,4.4720001220703125,4.492000102996826,5.252999782562256,103.4000015258789,12.460000038146973,4559.33984375,33625.53125,2002.199951171875,75.54000091552734
2023-11-27,4.388999938964844,4.413000106811523,5.257999897003174,103.19999694824219,12.6899995803833,4550.43017578125,33447.671875,2011.800048828125,74.86000061035156
2023-11-28,4.335999965667725,4.285999774932861,5.260000228881836,102.75,12.6899995803833,4554.89013671875,33408.390625,2039.699951171875,76.41000366210938
2023-11-29,4.270999908447266,4.218999862670898,5.239999771118164,102.7699966430664,12.979999542236328,4550.580078125,33321.21875,2047.0999755859375,77.86000061035156
2023-11-30,4.3520002365112305,4.297999858856201,5.23799991607666,103.5,12.920000076293945,4567.7998046875,33486.890625,2038.0999755859375,75.95999908447266
2023-12-01,4.22599983215332,4.156000137329102,5.215000152587891,103.2699966430664,12.630000114440918,4594.6298828125,33431.51171875,2071.0,74.06999969482422
2023-12-04,4.288000106811523,4.23799991607666,5.2230000495910645,103.63999938964844,13.079999923706055,4569.77978515625,33231.26953125,2024.0999755859375,73.04000091552734
2023-12-05,4.171000003814697,4.13700008392334,5.243000030517578,104.05000305175781,12.850000381469727,4567.18017578125,32775.8203125,2018.5,72.31999969482422
2023-12-06,4.120999813079834,4.120999813079834,5.243000030517578,104.1500015258789,12.970000267028809,4549.33984375,33445.8984375,2030.5,69.37999725341797
2023-12-07,4.129000186920166,4.110000133514404,5.232999801635742,103.54000091552734,13.0600004196167,4585.58984375,32858.30859375,2029.9000244140625,69.33999633789062
2023-12-08,4.244999885559082,4.255000114440918,5.232999801635742,104.01000213623047,12.350000381469727,4604.3701171875,32307.859375,1998.300048828125,71.2300033569336
2023-12-11,4.238999843597412,4.250999927520752,5.232999801635742,104.0999984741211,12.630000114440918,4622.43994140625,32791.80078125,1978.0,71.31999969482422
2023-12-12,4.205999851226807,4.2270002365112305,5.248000144958496,103.87000274658203,12.069999694824219,4643.7001953125,32843.69921875,1977.800048828125,68.61000061035156
2023-12-13,4.0329999923706055,4.002999782562256,5.2230000495910645,102.87000274658203,12.1899995803833,4707.08984375,32926.3515625,1982.300048828125,69.47000122070312
2023-12-14,3.930000066757202,3.9100000858306885,5.215000152587891,101.95999908447266,12.479999542236328,4719.5498046875,32686.25,2030.199951171875,71.58000183105469
2023-12-15,3.927999973297119,3.930000066757202,5.224999904632568,102.55000305175781,12.279999732971191,4719.18994140625,32970.55078125,2021.0999755859375,71.43000030517578
2023-12-18,3.9539999961853027,3.947999954223633,5.224999904632568,102.51000213623047,12.5600004196167,4740.56005859375,32758.98046875,2026.300048828125,72.47000122070312
2023-12-19,3.921999931335449,3.933000087738037,5.23799991607666,102.16999816894531,12.529999732971191,4768.3701171875,33219.390625,2038.4000244140625,73.44000244140625
2023-12-20,3.877000093460083,3.874000072479248,5.230000019073486,102.41000366210938,13.670000076293945,4698.35009765625,33675.94140625,2034.5,74.22000122070312
2023-12-21,3.8940000534057617,3.881999969482422,5.210000038146973,101.83999633789062,13.649999618530273,4746.75,33140.46875,2039.0999755859375,73.88999938964844
2023-12-22,3.9010000228881836,3.878999948501587,5.208000183105469,101.69999694824219,13.029999732971191,4754.6298828125,33169.05078125,2057.10009765625,73.55999755859375
2023-12-25,,,,,,,33254.03125,,
2023-12-26,3.885999917984009,3.875,5.203000068664551,101.47000122070312,12.989999771118164,4774.75,33305.8515625,2058.199951171875,75.56999969482422
2023-12-27,3.7890000343322754,3.7950000762939453,5.235000133514404,100.98999786376953,12.430000305175781,4781.580078125,33681.23828125,2081.89990234375,74.11000061035156
2023-12-28,3.8499999046325684,3.8469998836517334,5.2179999351501465,101.2300033569336,12.470000267028809,4783.35009765625,33539.62109375,2073.89990234375,71.7699966430664
2023-12-29,3.865999937057495,3.8399999141693115,5.179999828338623,101.33000183105469,12.449999809265137,4769.830078125,33464.171875,2062.39990234375,71.6500015258789
2024-01-02,3.946000099182129,3.9260001182556152,5.2129998207092285,102.19999694824219,13.199999809265137,4742.830078125,,2064.39990234375,70.37999725341797
2024-01-03,3.9070000648498535,3.8910000324249268,5.235000133514404,102.45999908447266,14.039999961853027,4704.81005859375,,2034.199951171875,72.69999694824219
2024-01-04,3.990999937057495,3.9730000495910645,5.228000164031982,102.41999816894531,14.130000114440918,4688.68017578125,33288.2890625,2042.300048828125,72.19000244140625
2024-01-05,4.041999816894531,4.007999897003174,5.21999979019165,102.41000366210938,13.350000381469727,4697.240234375,33377.421875,2042.4000244140625,73.80999755859375
2024-01-08,4.001999855041504,3.9560000896453857,5.21999979019165,102.20999908447266,13.079999923706055,4763.5400390625,,2026.5999755859375,70.7699966430664
2024-01-09,4.019000053405762,3.9790000915527344,5.230000019073486,102.56999969482422,12.760000228881836,4756.5,33763.1796875,2026.4000244140625,72.23999786376953
2024-01-10,4.03000020980835,3.9809999465942383,5.224999904632568,102.36000061035156,12.6899995803833,4783.4501953125,34441.71875,2021.699951171875,71.37000274658203
2024-01-11,3.9769999980926514,3.8929998874664307,5.2179999351501465,102.29000091552734,12.4399995803833,4780.240234375,35049.859375,2014.300048828125,72.0199966430664
2024-01-12,3.950000047683716,3.8320000171661377,5.197999954223633,102.4000015258789,12.699999809265137,4783.830078125,35577.109375,2046.699951171875,72.68000030517578
2024-01-15,,,,,,,35901.7890625,,
2024-01-16,4.065999984741211,3.944000005722046,5.203000068664551,103.36000061035156,13.84000015258789,4765.97998046875,35619.1796875,2026.0,72.4000015258789
2024-01-17,4.105999946594238,4.025000095367432,5.215000152587891,103.44999694824219,14.789999961853027,4739.2099609375,35477.75,2002.5999755859375,72.55999755859375
2024-01-18,4.144000053405762,4.048999786376953,5.199999809265137,103.54000091552734,14.130000114440918,4780.93994140625,35466.171875,2018.5999755859375,74.08000183105469
2024-01-19,4.145999908447266,4.072000026702881,5.197999954223633,103.29000091552734,13.300000190734863,4839.81005859375,35963.26953125,2026.5,73.41000366210938
2024-01-22,4.093999862670898,4.017000198364258,5.199999809265137,103.33000183105469,13.1899995803833,4850.43017578125,36546.94921875,2019.800048828125,75.19000244140625
2024-01-23,4.142000198364258,4.051000118255615,5.210000038146973,103.62000274658203,12.550000190734863,4864.60009765625,36517.5703125,2023.699951171875,74.37000274658203
2024-01-24,4.177999973297119,4.083000183105469,5.210000038146973,103.23999786376953,13.140000343322754,4868.5498046875,36226.48046875,2013.9000244140625,75.08999633789062
2024-01-25,4.131999969482422,4.017000198364258,5.195000171661377,103.56999969482422,13.449999809265137,4894.16015625,36236.46875,2016.9000244140625,77.36000061035156
2024-01-26,4.159999847412109,4.060999870300293,5.199999809265137,103.47000122070312,13.260000228881836,4890.97021484375,35751.0703125,2016.800048828125,78.01000213623047
2024-01-29,4.091000080108643,3.993000030517578,5.199999809265137,103.61000061035156,13.600000381469727,4927.93017578125,36026.94140625,2025.199951171875,76.77999877929688
2024-01-30,4.059000015258789,3.996999979019165,5.203000068664551,103.4000015258789,13.3100004196167,4924.97021484375,36065.859375,2031.5,77.81999969482422
2024-01-31,3.9670000076293945,3.881999969482422,5.188000202178955,103.2699966430664,14.350000381469727,4845.64990234375,36286.7109375,2048.39990234375,75.8499984741211
2024-02-01,3.86299991607666,3.7990000247955322,5.199999809265137,103.05000305175781,13.880000114440918,4906.18994140625,36011.4609375,2053.0,73.81999969482422
2024-02-02,4.0329999923706055,3.993000030517578,5.210000038146973,103.91999816894531,13.850000381469727,4958.60986328125,36158.01953125,2036.0999755859375,72.27999877929688
2024-02-05,4.164000034332275,4.120999813079834,5.228000164031982,104.44999694824219,13.670000076293945,4942.81005859375,36354.16015625,2025.699951171875,72.77999877929688
2024-02-06,4.090000152587891,4.041999816894531,5.2230000495910645,104.18000030517578,13.0600004196167,4954.22998046875,36160.66015625,2034.5,73.30999755859375
2024-02-07,4.110000133514404,4.060999870300293,5.2230000495910645,104.04000091552734,12.829999923706055,4995.06005859375,36119.921875,2035.199951171875,73.86000061035156
2024-02-08,4.170000076293945,4.124000072479248,5.2179999351501465,104.1500015258789,12.789999961853027,4997.91015625,36863.28125,2032.199951171875,76.22000122070312
2024-02-09,4.186999797821045,4.151000022888184,5.21999979019165,104.08000183105469,12.930000305175781,5026.60986328125,36897.421875,2023.300048828125,76.83999633789062
2024-02-12,4.171999931335449,4.127999782562256,5.228000164031982,104.16999816894531,13.930000305175781,5021.83984375,,2018.199951171875,76.91999816894531
2024-02-13,4.315999984741211,4.317999839782715,5.232999801635742,104.95999908447266,15.850000381469727,4953.169921875,37963.96875,1992.9000244140625,77.87000274658203
2024-02-14,4.267000198364258,4.244999885559082,5.2179999351501465,104.72000122070312,14.380000114440918,5000.6201171875,37703.3203125,1990.300048828125,76.63999938964844
2024-02-15,4.239999771118164,4.2170000076293945,5.2179999351501465,104.30000305175781,14.010000228881836,5029.72998046875,38157.94140625,2002.0999755859375,78.02999877929688
2024-02-16,4.295000076293945,4.288000106811523,5.2230000495910645,104.27999877929688,14.239999771118164,5005.56982421875,38487.23828125,2011.5,79.19000244140625
2024-02-19,,,,,,,38470.37890625,,
2024-02-20,4.275000095367432,4.250999927520752,5.2129998207092285,104.08000183105469,15.420000076293945,4975.509765625,38363.609375,2027.5,78.18000030517578
2024-02-21,4.324999809265137,4.302999973297119,5.235000133514404,104.01000213623047,15.34000015258789,4981.7998046875,38262.16015625,2022.300048828125,77.91000366210938
2024-02-22,4.327000141143799,4.330999851226807,5.232999801635742,103.95999908447266,14.539999961853027,5087.02978515625,39098.6796875,2019.699951171875,78.61000061035156
2024-02-23,4.260000228881836,4.284999847412109,5.239999771118164,103.94000244140625,13.75,5088.7998046875,,2038.5999755859375,76.48999786376953
2024-02-26,4.298999786376953,4.327000141143799,5.25,103.83000183105469,13.739999771118164,5069.52978515625,39233.7109375,2028.5,77.58000183105469
2024-02-27,4.315000057220459,4.322000026702881,5.244999885559082,103.83000183105469,13.430000305175781,5078.18017578125,39239.51953125,2034.0,78.87000274658203
2024-02-28,4.27400016784668,4.2729997634887695,5.239999771118164,103.9800033569336,13.84000015258789,5069.759765625,39208.03125,2033.0,78.54000091552734
2024-02-29,4.251999855041504,4.26200008392334,5.2230000495910645,104.16000366210938,13.399999618530273,5096.27001953125,39166.19140625,2045.699951171875,78.26000213623047
2024-03-01,4.179999828338623,4.158999919891357,5.215000152587891,103.86000061035156,13.109999656677246,5137.080078125,39910.8203125,2086.89990234375,79.97000122070312
2024-03-04,4.218999862670898,4.210000038146973,5.2230000495910645,103.83000183105469,13.489999771118164,5130.9501953125,40109.23046875,2117.699951171875,78.73999786376953
2024-03-05,4.13700008392334,4.138000011444092,5.224999904632568,103.80000305175781,14.460000038146973,5078.64990234375,40097.62890625,2133.5,78.1500015258789
2024-03-06,4.104000091552734,4.117000102996826,5.230000019073486,103.37000274658203,14.5,5104.759765625,40090.78125,2150.300048828125,79.12999725341797
2024-03-07,4.0920000076293945,4.084000110626221,5.228000164031982,102.81999969482422,14.4399995803833,5157.35986328125,39598.7109375,2158.0,78.93000030517578
2024-03-08,4.089000225067139,4.061999797821045,5.228000164031982,102.73999786376953,14.739999771118164,5123.68994140625,39688.94140625,2178.60009765625,78.01000213623047
2024-03-11,4.104000091552734,4.0879998207092285,5.239999771118164,102.87000274658203,15.220000267028809,5117.93994140625,38820.48828125,2182.5,77.93000030517578
2024-03-12,4.15500020980835,4.15500020980835,5.239999771118164,102.95999908447266,13.84000015258789,5175.27001953125,38797.51171875,2160.39990234375,77.55999755859375
2024-03-13,4.191999912261963,4.185999870300293,5.23799991607666,102.79000091552734,13.75,5165.31005859375,38695.96875,2175.39990234375,79.72000122070312
2024-03-14,4.297999858856201,4.296000003814697,5.23799991607666,103.36000061035156,14.399999618530273,5150.47998046875,38807.37890625,2163.0,81.26000213623047
2024-03-15,4.303999900817871,4.322000026702881,5.23799991607666,103.43000030517578,14.40999984741211,5117.08984375,38707.640625,2157.300048828125,81.04000091552734
2024-03-18,4.340000152587891,4.355999946594238,5.23799991607666,103.58000183105469,14.329999923706055,5149.419921875,39740.44140625,2160.699951171875,82.72000122070312
2024-03-19,4.296999931335449,4.302999973297119,5.23799991607666,103.80999755859375,13.819999694824219,5178.509765625,40003.6015625,2156.300048828125,83.47000122070312
2024-03-20,4.2729997634887695,4.242000102996826,5.228000164031982,103.41000366210938,13.039999961853027,5224.6201171875,,2157.89990234375,81.68000030517578
2024-03-21,4.270999908447266,4.252999782562256,5.228000164031982,104.0,12.920000076293945,5241.52978515625,40815.66015625,2182.39990234375,81.06999969482422
2024-03-22,4.2179999351501465,4.199999809265137,5.21999979019165,104.43000030517578,13.0600004196167,5234.18017578125,40888.4296875,2158.10009765625,80.62999725341797
2024-03-25,4.252999782562256,4.232999801635742,5.2179999351501465,104.2300033569336,13.1899995803833,5218.18994140625,40414.12109375,2174.800048828125,81.94999694824219
2024-03-26,4.234000205993652,4.224999904632568,5.2179999351501465,104.29000091552734,13.239999771118164,5203.580078125,40398.03125,2175.60009765625,81.62000274658203
2024-03-27,4.196000099182129,4.188000202178955,5.215000152587891,104.3499984741211,12.779999732971191,5248.490234375,40762.73046875,2190.60009765625,81.3499984741211
2024-03-28,4.205999851226807,4.21999979019165,5.203000068664551,104.55000305175781,13.010000228881836,5254.35009765625,40168.0703125,2217.39990234375,83.16999816894531
2024-03-29,,,,,,,40369.44140625,,
2024-04-01,4.328999996185303,4.3379998207092285,5.2179999351501465,105.0199966430664,13.649999618530273,5243.77001953125,39803.08984375,2236.5,83.70999908447266
2024-04-02,4.364999771118164,4.354000091552734,5.2129998207092285,104.81999969482422,14.609999656677246,5205.81005859375,39838.91015625,2261.0,85.1500015258789
2024-04-03,4.355000019073486,4.3379998207092285,5.210000038146973,104.25,14.329999923706055,5211.490234375,39451.8515625,2294.39990234375,85.43000030517578
2024-04-04,4.309000015258789,4.291999816894531,5.203000068664551,104.12000274658203,16.350000381469727,5147.2099609375,39773.140625,2288.800048828125,86.58999633789062
2024-04-05,4.377999782562256,4.368000030517578,5.215000152587891,104.30000305175781,16.030000686645508,5204.33984375,38992.078125,2325.699951171875,86.91000366210938
2024-04-08,4.423999786376953,4.434000015258789,5.2230000495910645,104.13999938964844,15.1899995803833,5202.39013671875,39347.0390625,2331.699951171875,86.43000030517578
2024-04-09,4.366000175476074,4.376999855041504,5.21999979019165,104.1500015258789,14.979999542236328,5209.91015625,39773.12890625,2343.5,85.2300033569336
2024-04-10,4.559999942779541,4.614999771118164,5.243000030517578,105.25,15.800000190734863,5160.64013671875,39581.80859375,2329.60009765625,86.20999908447266
2024-04-11,4.576000213623047,4.623000144958496,5.23799991607666,105.27999877929688,14.90999984741211,5199.06005859375,39442.62890625,2354.800048828125,85.0199966430664
2024-04-12,4.499000072479248,4.5329999923706055,5.230000019073486,106.04000091552734,17.309999465942383,5123.41015625,39523.55078125,2356.199951171875,85.66000366210938
2024-04-15,4.627999782562256,4.644999980926514,5.23799991607666,106.20999908447266,19.229999542236328,5061.81982421875,39232.80078125,2365.800048828125,85.41000366210938
2024-04-16,4.658999919891357,4.682000160217285,5.232999801635742,106.26000213623047,18.399999618530273,5051.41015625,38471.19921875,2390.800048828125,85.36000061035156
2024-04-17,4.585000038146973,4.617000102996826,5.239999771118164,105.94999694824219,18.209999084472656,5022.2099609375,37961.80078125,2371.699951171875,82.69000244140625
2024-04-18,4.646999835968018,4.685999870300293,5.243000030517578,106.1500015258789,18.0,5011.1201171875,38079.69921875,2382.300048828125,82.7300033569336
2024-04-19,4.614999771118164,4.6570000648498535,5.244999885559082,106.1500015258789,18.709999084472656,4967.22998046875,37068.3515625,2398.39990234375,83.13999938964844
2024-04-22,4.623000144958496,4.660999774932861,5.244999885559082,106.08000183105469,16.940000534057617,5010.60009765625,37438.609375,2332.199951171875,82.8499984741211
2024-04-23,4.5980000495910645,4.622000217437744,5.244999885559082,105.69000244140625,15.6899995803833,5070.5498046875,37552.16015625,2327.699951171875,83.36000061035156
2024-04-24,4.6519999504089355,4.666999816894531,5.255000114440918,105.86000061035156,15.970000267028809,5071.6298828125,38460.078125,2324.5,82.80999755859375
2024-04-25,4.705999851226807,4.7170000076293945,5.244999885559082,105.5999984741211,15.369999885559082,5048.419921875,37628.48046875,2329.800048828125,83.56999969482422
2024-04-26,4.669000148773193,4.691999912261963,5.23799991607666,105.94000244140625,15.029999732971191,5099.9599609375,37934.76171875,2334.800048828125,83.8499984741211
2024-04-29,4.613999843597412,4.638999938964844,5.243000030517578,105.58000183105469,14.670000076293945,5116.169921875,,2345.39990234375,82.62999725341797
2024-04-30,4.685999870300293,4.7230000495910645,5.244999885559082,106.22000122070312,15.649999618530273,5035.68994140625,38405.66015625,2291.39990234375,81.93000030517578
2024-05-01,4.59499979019165,4.613999843597412,5.25,105.76000213623047,15.390000343322754,5018.39013671875,38274.05078125,2299.89990234375,79.0
2024-05-02,4.571000099182129,4.566999912261963,5.23799991607666,105.30000305175781,14.680000305175781,5064.2001953125,38236.0703125,2299.199951171875,78.94999694824219
2024-05-03,4.5,4.48199987411499,5.235000133514404,105.02999877929688,13.489999771118164,5127.7900390625,,2299.0,78.11000061035156
2024-05-06,4.488999843597412,4.482999801635742,5.239999771118164,105.05000305175781,13.489999771118164,5180.740234375,,2321.60009765625,78.4800033569336
2024-05-07,4.4629998207092285,4.4710001945495605,5.243000030517578,105.41000366210938,13.229999542236328,5187.7001953125,38835.1015625,2315.199951171875,78.37999725341797
2024-05-08,4.492000102996826,4.500999927520752,5.244999885559082,105.55000305175781,13.0,5187.669921875,38202.37109375,2313.60009765625,78.98999786376953
2024-05-09,4.448999881744385,4.460000038146973,5.239999771118164,105.2300033569336,12.6899995803833,5214.080078125,38073.98046875,2332.10009765625,79.26000213623047
2024-05-10,4.504000186920166,4.51800012588501,5.243000030517578,105.30999755859375,12.550000190734863,5222.68017578125,38229.109375,2367.300048828125,78.26000213623047
2024-05-13,4.480999946594238,4.499000072479248,5.239999771118164,105.22000122070312,13.600000381469727,5221.419921875,38179.4609375,2336.10009765625,79.12000274658203
2024-05-14,4.445000171661377,4.458000183105469,5.235000133514404,105.01000213623047,13.420000076293945,5246.68017578125,38356.05859375,2353.39990234375,78.0199966430664
2024-05-15,4.355999946594238,4.355999946594238,5.239999771118164,104.3499984741211,12.449999809265137,5308.14990234375,38385.73046875,2388.699951171875,78.62999725341797
2024-05-16,4.376999855041504,4.39900016784668,5.243000030517578,104.45999908447266,12.420000076293945,5297.10009765625,38920.26171875,2380.0,79.2300033569336
2024-05-17,4.420000076293945,4.440999984741211,5.239999771118164,104.44999694824219,11.989999771118164,5303.27001953125,38787.37890625,2412.199951171875,80.05999755859375
2024-05-20,4.436999797821045,4.456999778747559,5.239999771118164,104.56999969482422,12.149999618530273,5308.1298828125,39069.6796875,2433.89990234375,79.80000305175781
2024-05-21,4.414000034332275,4.435999870300293,5.239999771118164,104.66000366210938,11.859999656677246,5321.41015625,38946.9296875,2421.699951171875,79.26000213623047
2024-05-22,4.434000015258789,4.4730000495910645,5.244999885559082,104.94000244140625,12.289999961853027,5307.009765625,38617.1015625,2389.199951171875,77.56999969482422
2024-05-23,4.474999904632568,4.526000022888184,5.244999885559082,105.11000061035156,12.770000457763672,5267.83984375,39103.21875,2335.0,76.87000274658203
2024-05-24,4.4670000076293945,4.5279998779296875,5.244999885559082,104.72000122070312,11.930000305175781,5304.72021484375,38646.109375,2332.5,77.72000122070312
2024-05-27,,,,,,,38900.01953125,,
2024-05-28,4.541999816894531,4.5879998207092285,5.248000144958496,104.61000061035156,12.920000076293945,5306.0400390625,38855.37109375,2355.199951171875,79.83000183105469
2024-05-29,4.624000072479248,4.642000198364258,5.25,105.0999984741211,14.279999732971191,5266.9501953125,38556.87109375,2340.300048828125,79.2300033569336
2024-05-30,4.553999900817871,4.572000026702881,5.248000144958496,104.72000122070312,14.470000267028809,5235.47998046875,38054.12890625,2342.89990234375,77.91000366210938
2024-05-31,4.513999938964844,4.5279998779296875,5.244999885559082,104.66999816894531,12.920000076293945,5277.509765625,38487.8984375,2322.89990234375,76.98999786376953
2024-06-03,4.4019999504089355,4.416999816894531,5.243000030517578,104.13999938964844,13.109999656677246,5283.39990234375,38923.03125,2346.60009765625,74.22000122070312
2024-06-04,4.335999965667725,4.3520002365112305,5.239999771118164,104.11000061035156,13.15999984741211,5291.33984375,38837.4609375,2325.5,73.25
2024-06-05,4.289000034332275,4.306000232696533,5.239999771118164,104.2699966430664,12.630000114440918,5354.02978515625,38490.171875,2354.10009765625,74.06999969482422
2024-06-06,4.281000137329102,4.291999816894531,5.232999801635742,104.0999984741211,12.579999923706055,5352.9599609375,38703.51171875,2370.300048828125,75.55000305175781
2024-06-07,4.429999828338623,4.455999851226807,5.23799991607666,104.88999938964844,12.220000267028809,5346.990234375,38683.9296875,2305.199951171875,75.52999877929688
2024-06-10,4.468999862670898,4.484000205993652,5.232999801635742,105.1500015258789,12.739999771118164,5360.7900390625,39038.16015625,2307.699951171875,77.73999786376953
2024-06-11,4.4039998054504395,4.418000221252441,5.244999885559082,105.2300033569336,12.850000381469727,5375.31982421875,39134.7890625,2307.5,77.9000015258789
2024-06-12,4.295000076293945,4.302000045776367,5.243000030517578,104.6500015258789,12.039999961853027,5421.02978515625,38876.7109375,2336.0,78.5
2024-06-13,4.23799991607666,4.234000205993652,5.239999771118164,105.19999694824219,11.9399995803833,5433.740234375,38720.46875,2300.199951171875,78.62000274658203
2024-06-14,4.2129998207092285,4.22599983215332,5.239999771118164,105.55000305175781,12.65999984741211,5431.60009765625,38814.55859375,2331.39990234375,78.44999694824219
2024-06-17,4.2789998054504395,4.300000190734863,5.243000030517578,105.31999969482422,12.75,5473.22998046875,38102.44140625,2312.39990234375,80.33000183105469
2024-06-18,4.2170000076293945,4.234000205993652,5.235000133514404,105.26000213623047,12.300000190734863,5487.02978515625,38482.109375,2330.39990234375,81.56999969482422
2024-06-19,,,,,,,38570.76171875,,
2024-06-20,4.254000186920166,4.265999794006348,5.224999904632568,105.58999633789062,13.279999732971191,5473.169921875,38633.01953125,2353.800048828125,82.16999816894531
2024-06-21,4.256999969482422,4.270999908447266,5.215000152587891,105.80000305175781,13.199999809265137,5464.6201171875,38596.46875,2316.39990234375,80.7300033569336
2024-06-24,4.248000144958496,4.270999908447266,5.210000038146973,105.47000122070312,13.329999923706055,5447.8701171875,38804.6484375,2330.0,81.62999725341797
2024-06-25,4.23799991607666,4.263000011444092,5.2230000495910645,105.61000061035156,12.84000015258789,5469.2998046875,39173.1484375,2316.60009765625,80.83000183105469
2024-06-26,4.315999984741211,4.335999965667725,5.230000019073486,106.05000305175781,12.550000190734863,5477.89990234375,39667.0703125,2299.199951171875,80.9000015258789
2024-06-27,4.288000106811523,4.301000118255615,5.2230000495910645,105.91000366210938,12.239999771118164,5482.8701171875,39341.5390625,2324.5,81.73999786376953
2024-06-28,4.3429999351501465,4.328999996185303,5.2129998207092285,105.87000274658203,12.4399995803833,5460.47998046875,39583.078125,2327.699951171875,81.54000091552734
2024-07-01,4.479000091552734,4.440000057220459,5.2179999351501465,105.9000015258789,12.220000267028809,5475.08984375,39631.05859375,2327.60009765625,83.37999725341797
2024-07-02,4.435999870300293,4.395999908447266,5.228000164031982,105.72000122070312,12.029999732971191,5509.009765625,40074.69140625,2323.0,82.80999755859375
2024-07-03,4.355000019073486,4.322000026702881,5.230000019073486,105.4000015258789,12.09000015258789,5537.02001953125,40580.76171875,2359.800048828125,83.87999725341797
2024-07-04,,,,,,,40913.6484375,,
2024-07-05,4.271999835968018,4.2179999351501465,5.224999904632568,104.87999725341797,12.479999542236328,5567.18994140625,40912.37109375,2388.5,83.16000366210938
2024-07-08,4.269000053405762,4.224999904632568,5.2179999351501465,105.01000213623047,12.369999885559082,5572.85009765625,40780.69921875,2355.199951171875,82.33000183105469
2024-07-09,4.300000190734863,4.248000144958496,5.224999904632568,105.12000274658203,12.510000228881836,5576.97998046875,41580.171875,2360.10009765625,81.41000366210938
2024-07-10,4.28000020980835,4.238999843597412,5.224999904632568,105.05000305175781,12.850000381469727,5633.91015625,41831.98828125,2372.199951171875,82.0999984741211
2024-07-11,4.192999839782715,4.123000144958496,5.197999954223633,104.44000244140625,12.920000076293945,5584.5400390625,42224.01953125,2415.0,82.62000274658203
2024-07-12,4.189000129699707,4.111000061035156,5.197999954223633,104.08999633789062,12.460000038146973,5615.35009765625,41190.6796875,2414.0,82.20999908447266
2024-07-15,4.229000091552734,4.131999969482422,5.192999839782715,104.19000244140625,13.119999885559082,5631.22021484375,,2422.89990234375,81.91000366210938
2024-07-16,4.166999816894531,4.090000152587891,5.192999839782715,104.2699966430664,13.1899995803833,5667.2001953125,41275.078125,2462.39990234375,80.76000213623047
2024-07-17,4.145999908447266,4.072000026702881,5.195000171661377,103.75,14.479999542236328,5588.27001953125,41097.69140625,2454.800048828125,82.8499984741211
2024-07-18,4.189000129699707,4.105000019073486,5.192999839782715,104.16999816894531,15.930000305175781,5544.58984375,40126.3515625,2451.800048828125,82.81999969482422
2024-07-19,4.238999843597412,4.163000106811523,5.192999839782715,104.4000015258789,16.520000457763672,5505.0,40063.7890625,2395.5,80.12999725341797
2024-07-22,4.260000228881836,4.178999900817871,5.190000057220459,104.30999755859375,14.90999984741211,5564.41015625,39599.0,2392.0,79.77999877929688
2024-07-23,4.238999843597412,4.150000095367432,5.172999858856201,104.44999694824219,14.720000267028809,5555.740234375,39594.390625,2404.60009765625,76.95999908447266
2024-07-24,4.285999774932861,4.160999774932861,5.170000076293945,104.38999938964844,18.040000915527344,5427.1298828125,39154.8515625,2413.300048828125,77.58999633789062
2024-07-25,4.25600004196167,4.146999835968018,5.159999847412109,104.36000061035156,18.459999084472656,5399.22021484375,37869.51171875,2351.89990234375,78.27999877929688
2024-07-26,4.199999809265137,4.081999778747559,5.15500020980835,104.31999969482422,16.389999389648438,5459.10009765625,37667.41015625,2380.0,77.16000366210938
2024-07-29,4.177999973297119,4.067999839782715,5.146999835968018,104.55999755859375,16.600000381469727,5463.5400390625,38468.62890625,2377.300048828125,75.80999755859375
2024-07-30,4.14300012588501,4.0370001792907715,5.135000228881836,104.55000305175781,17.690000534057617,5436.43994140625,38525.94921875,2405.0,74.7300033569336
2024-07-31,4.109000205993652,4.0,5.135000228881836,104.0999984741211,16.360000610351562,5522.2998046875,39101.8203125,2426.5,77.91000366210938
2024-08-01,3.9760000705718994,3.8420000076293945,5.114999771118164,104.41999816894531,18.59000015258789,5446.68017578125,38126.328125,2435.0,76.30999755859375
2024-08-02,3.7920000553131104,3.615000009536743,5.03000020980835,103.20999908447266,23.389999389648438,5346.56005859375,35909.69921875,2425.699951171875,73.5199966430664
2024-08-05,3.7850000858306885,3.628000020980835,5.059999942779541,102.69000244140625,38.56999969482422,5186.330078125,31458.419921875,2401.699951171875,72.94000244140625
2024-08-06,3.888000011444092,3.7300000190734863,5.079999923706055,102.97000122070312,27.709999084472656,5240.02978515625,34675.4609375,2389.10009765625,73.19999694824219
2024-08-07,3.9679999351501465,3.7950000762939453,5.079999923706055,103.19999694824219,27.850000381469727,5199.5,35089.62109375,2390.5,75.2300033569336
2024-08-08,3.996999979019165,3.8329999446868896,5.083000183105469,103.20999908447266,23.790000915527344,5319.31005859375,34831.1484375,2422.199951171875,76.19000244140625
2024-08-09,3.941999912261963,3.7960000038146973,5.074999809265137,103.13999938964844,20.3700008392334,5344.16015625,35025.0,2432.10009765625,76.83999633789062
2024-08-12,3.9089999198913574,3.749000072479248,5.072999954223633,103.13999938964844,20.709999084472656,5344.39013671875,,2462.39990234375,80.05999755859375
2024-08-13,3.8519999980926514,3.681999921798706,5.052999973297119,102.55999755859375,18.1200008392334,5434.43017578125,36232.51171875,2466.699951171875,78.3499984741211
2024-08-14,3.819999933242798,3.6659998893737793,5.063000202178955,102.56999969482422,16.190000534057617,5455.2099609375,36442.4296875,2439.39990234375,76.9800033569336
2024-08-15,3.9260001182556152,3.7990000247955322,5.079999923706055,102.9800033569336,15.229999542236328,5543.22021484375,36726.640625,2453.10009765625,78.16000366210938
2024-08-16,3.8919999599456787,3.7679998874664307,5.074999809265137,102.45999908447266,14.800000190734863,5554.25,38062.671875,2498.60009765625,76.6500015258789
2024-08-19,3.867000102996826,3.759000062942505,5.063000202178955,101.88999938964844,14.649999618530273,5608.25,37388.62109375,2501.800048828125,74.37000274658203
2024-08-20,3.818000078201294,3.700000047683716,5.0329999923706055,101.44000244140625,15.880000114440918,5597.1201171875,38062.921875,2511.300048828125,74.04000091552734
2024-08-21,3.7780001163482666,3.6389999389648438,5.005000114440918,101.04000091552734,16.270000457763672,5620.85009765625,37951.80078125,2508.39990234375,71.93000030517578
2024-08-22,3.861999988555908,3.7269999980926514,5.025000095367432,101.51000213623047,17.549999237060547,5570.64013671875,38211.01171875,2478.89990234375,73.01000213623047
2024-08-23,3.806999921798706,3.6500000953674316,5.0,100.72000122070312,15.859999656677246,5634.60986328125,38364.26953125,2508.39990234375,74.83000183105469
2024-08-26,3.818000078201294,3.6640000343322754,4.998000144958496,100.8499984741211,16.149999618530273,5616.83984375,38110.21875,2517.699951171875,77.41999816894531
2024-08-27,3.8329999446868896,3.6570000648498535,4.9679999351501465,100.55000305175781,15.430000305175781,5625.7998046875,38288.62109375,2516.0,75.52999877929688
2024-08-28,3.8410000801086426,3.6649999618530273,4.954999923706055,101.08999633789062,17.110000610351562,5592.18017578125,38371.76171875,2501.0,74.5199966430664
2024-08-29,3.867000102996826,3.6679999828338623,4.965000152587891,101.33999633789062,15.649999618530273,5591.9599609375,38362.53125,2525.699951171875,75.91000366210938
2024-08-30,3.9110000133514404,3.7149999141693115,4.9679999351501465,101.69999694824219,15.0,5648.39990234375,38647.75,2493.800048828125,73.55000305175781
2024-09-02,,,,,,,38700.87109375,,
2024-09-03,3.8440001010894775,3.6559998989105225,4.96999979019165,101.83000183105469,20.719999313354492,5528.93017578125,38686.30859375,2489.89990234375,70.33999633789062
2024-09-04,3.7679998874664307,3.565999984741211,4.947999954223633,101.36000061035156,21.31999969482422,5520.06982421875,37047.609375,2493.39990234375,69.19999694824219
2024-09-05,3.7309999465942383,3.5399999618530273,4.932000160217285,101.11000061035156,19.899999618530273,5503.41015625,36657.08984375,2511.39990234375,69.1500015258789
2024-09-06,3.7100000381469727,3.489000082015991,4.9079999923706055,101.18000030517578,22.3799991607666,5408.419921875,36391.46875,2493.5,67.66999816894531
2024-09-09,3.697000026702881,3.486999988555908,4.894999980926514,101.55000305175781,19.450000762939453,5471.0498046875,36215.75,2501.800048828125,68.70999908447266
2024-09-10,3.6459999084472656,3.427999973297119,4.835000038146973,101.62999725341797,19.079999923706055,5495.52001953125,36159.16015625,2512.300048828125,65.75
2024-09-11,3.6530001163482666,3.447000026702881,4.875,101.68000030517578,17.690000534057617,5554.1298828125,35619.76953125,2512.10009765625,67.30999755859375
2024-09-12,3.680000066757202,3.4660000801086426,4.840000152587891,101.37000274658203,17.06999969482422,5595.759765625,36833.26953125,2551.199951171875,68.97000122070312
2024-09-13,3.6500000953674316,3.4240000247955322,4.763000011444092,101.11000061035156,16.559999465942383,5626.02001953125,36581.76171875,2581.300048828125,68.6500015258789
2024-09-16,3.621000051498413,3.4049999713897705,4.744999885559082,100.76000213623047,17.139999389648438,5633.08984375,,2580.39990234375,70.08999633789062
2024-09-17,3.6419999599456787,3.433000087738037,4.735000133514404,100.88999938964844,17.610000610351562,5634.580078125,36203.21875,2564.300048828125,71.19000244140625
2024-09-18,3.684999942779541,3.4649999141693115,4.614999771118164,100.5999984741211,18.229999542236328,5618.259765625,36380.171875,2570.699951171875,70.91000366210938
2024-09-19,3.740000009536743,3.503000020980835,4.5929999351501465,100.61000061035156,16.329999923706055,5713.64013671875,37155.328125,2588.0,71.94999694824219
2024-09-20,3.7279999256134033,3.4839999675750732,4.545000076293945,100.72000122070312,16.149999618530273,5702.5498046875,37723.91015625,2619.89990234375,71.91999816894531
2024-09-23,3.739000082015991,3.496000051498413,4.502999782562256,100.91999816894531,15.890000343322754,5718.56982421875,,2626.5,70.37000274658203
2024-09-24,3.7360000610351562,3.4790000915527344,4.494999885559082,100.37000274658203,15.390000343322754,5732.93017578125,37940.58984375,2651.199951171875,71.55999755859375
2024-09-25,3.7809998989105225,3.5179998874664307,4.486999988555908,100.91999816894531,15.40999984741211,5722.259765625,37870.26171875,2659.199951171875,69.69000244140625
2024-09-26,3.7909998893737793,3.559000015258789,4.4679999351501465,100.55999755859375,15.369999885559082,5745.3701171875,38925.62890625,2669.89990234375,67.66999816894531
2024-09-27,3.749000072479248,3.503000020980835,4.48199987411499,100.41999816894531,16.959999084472656,5738.169921875,39829.55859375,2644.300048828125,68.18000030517578
2024-09-30,3.802000045776367,3.5769999027252197,4.498000144958496,100.77999877929688,16.729999542236328,5762.47998046875,37919.55078125,2636.10009765625,68.16999816894531
2024-10-01,3.743000030517578,3.5209999084472656,4.48199987411499,101.19000244140625,19.260000228881836,5708.75,38651.96875,2667.300048828125,69.83000183105469
2024-10-02,3.7850000858306885,3.552999973297119,4.4730000495910645,101.68000030517578,18.899999618530273,5709.5400390625,37808.76171875,2647.10009765625,70.0999984741211
2024-10-03,3.8499999046325684,3.634999990463257,4.465000152587891,101.98999786376953,20.489999771118164,5699.93994140625,38552.05859375,2657.10009765625,73.70999908447266
2024-10-04,3.9809999465942383,3.812999963760376,4.505000114440918,102.5199966430664,19.209999084472656,5751.06982421875,38635.62109375,2645.800048828125,74.37999725341797
2024-10-07,4.026000022888184,3.86899995803833,4.525000095367432,102.54000091552734,22.639999389648438,5695.93994140625,39332.73828125,2644.800048828125,77.13999938964844
2024-10-08,4.0329999923706055,3.864000082015991,4.5279998779296875,102.55000305175781,21.420000076293945,5751.1298828125,38937.5390625,2615.0,73.56999969482422
2024-10-09,4.066999912261963,3.9079999923706055,4.534999847412109,102.93000030517578,20.860000610351562,5792.0400390625,39277.9609375,2606.0,73.23999786376953
2024-10-10,4.0960001945495605,3.9189999103546143,4.53000020980835,102.98999786376953,20.93000030517578,5780.0498046875,39380.890625,2620.60009765625,75.8499984741211
2024-10-11,4.072999954223633,3.878999948501587,4.514999866485596,102.88999938964844,20.459999084472656,5815.02978515625,39605.80078125,2657.60009765625,75.55999755859375
2024-10-14,4.0980000495910645,3.9000000953674316,4.51800012588501,103.30000305175781,19.700000762939453,5859.85009765625,,2647.800048828125,73.83000183105469
2024-10-15,4.038000106811523,3.859999895095825,4.514999866485596,103.26000213623047,20.639999389648438,5815.259765625,39910.55078125,2661.39990234375,70.58000183105469
2024-10-16,4.015999794006348,3.8420000076293945,4.502999782562256,103.58999633789062,19.579999923706055,5842.47021484375,39180.30078125,2674.0,70.38999938964844
2024-10-17,4.0960001945495605,3.9089999198913574,4.514999866485596,103.83000183105469,19.110000610351562,5841.47021484375,38911.19140625,2691.0,70.66999816894531
2024-10-18,4.072999954223633,3.875999927520752,4.513000011444092,103.48999786376953,18.030000686645508,5864.669921875,38981.75,2713.699951171875,69.22000122070312
2024-10-21,4.182000160217285,3.9760000705718994,4.51800012588501,104.01000213623047,18.3700008392334,5853.97998046875,38954.6015625,2723.10009765625,70.55999755859375
2024-10-22,4.203999996185303,4.005000114440918,4.5,104.08000183105469,18.200000762939453,5851.2001953125,38411.9609375,2744.199951171875,72.08999633789062
2024-10-23,4.242000102996826,4.057000160217285,4.505000114440918,104.43000030517578,19.239999771118164,5797.419921875,38104.859375,2714.39990234375,70.7699966430664
2024-10-24,4.199999809265137,4.019000053405762,4.486999988555908,104.05999755859375,19.079999923706055,5809.85986328125,38143.2890625,2734.89990234375,70.19000244140625
2024-10-25,4.23199987411499,4.051000118255615,4.510000228881836,104.26000213623047,20.329999923706055,5808.1201171875,37913.921875,2740.89990234375,71.77999877929688
2024-10-28,4.2779998779296875,4.107999801635742,4.48199987411499,104.31999969482422,19.799999237060547,5823.52001953125,38605.53125,2742.89990234375,67.37999725341797
2024-10-29,4.27400016784668,4.104000091552734,4.480000019073486,104.27999877929688,19.34000015258789,5832.919921875,38903.6796875,2768.39990234375,67.20999908447266
2024-10-30,4.265999794006348,4.126999855041504,4.4629998207092285,103.98999786376953,20.350000381469727,5813.669921875,39277.390625,2788.5,68.61000061035156
2024-10-31,4.283999919891357,4.15500020980835,4.432000160217285,103.9800033569336,23.15999984741211,5705.4501953125,39081.25,2738.300048828125,69.26000213623047
2024-11-01,4.361000061035156,4.209000110626221,4.400000095367432,104.27999877929688,21.8799991607666,5728.7998046875,38053.671875,2738.60009765625,69.48999786376953
2024-11-04,4.309000015258789,4.166999816894531,4.418000221252441,103.88999938964844,21.979999542236328,5712.68994140625,,2736.10009765625,71.47000122070312
2024-11-05,4.289000034332275,4.171999931335449,4.422999858856201,103.41999816894531,20.489999771118164,5782.759765625,38474.8984375,2740.300048828125,71.98999786376953
2024-11-06,4.426000118255615,4.271999835968018,4.429999828338623,105.08999633789062,16.270000457763672,5929.0400390625,39480.671875,2667.60009765625,71.69000244140625
2024-11-07,4.341000080108643,4.191999912261963,4.420000076293945,104.51000213623047,15.199999809265137,5973.10009765625,39381.41015625,2698.39990234375,72.36000061035156
2024-11-08,4.306000232696533,4.191999912261963,4.422999858856201,105.0,14.9399995803833,5995.5400390625,39500.37109375,2687.5,70.37999725341797
2024-11-11,4.308000087738037,4.195000171661377,4.414999961853027,105.54000091552734,14.970000267028809,6001.35009765625,39533.3203125,2611.199951171875,68.04000091552734
2024-11-12,4.432000160217285,4.314000129699707,4.422999858856201,106.0199966430664,14.710000038146973,5983.990234375,39376.08984375,2600.0,68.12000274658203
2024-11-13,4.451000213623047,4.301000118255615,4.389999866485596,106.4800033569336,14.020000457763672,5985.3798828125,38721.66015625,2580.800048828125,68.43000030517578
2024-11-14,4.418000221252441,4.291999816894531,4.382999897003174,106.66999816894531,14.3100004196167,5949.169921875,38535.69921875,2568.199951171875,68.69999694824219
2024-11-15,4.427999973297119,4.297999858856201,4.39300012588501,106.69000244140625,16.139999389648438,5870.6201171875,38642.91015625,2565.699951171875,67.0199966430664
2024-11-18,4.414000034332275,4.2769999504089355,4.4029998779296875,106.27999877929688,15.579999923706055,5893.6201171875,38220.8515625,2610.60009765625,69.16000366210938
2024-11-19,4.379000186920166,4.245999813079834,4.4079999923706055,106.20999908447266,16.350000381469727,5916.97998046875,38414.4296875,2627.10009765625,69.38999938964844
2024-11-20,4.406000137329102,4.275000095367432,4.409999847412109,106.68000030517578,17.15999984741211,5917.10986328125,38352.33984375,2648.199951171875,68.87000274658203
2024-11-21,4.432000160217285,4.304999828338623,4.413000106811523,106.97000122070312,16.8700008392334,5948.7099609375,38026.171875,2672.10009765625,70.0999984741211
2024-11-22,4.409999847412109,4.297999858856201,4.414999961853027,107.48999786376953,15.239999771118164,5969.33984375,38283.8515625,2709.89990234375,71.23999786376953
2024-11-25,4.264999866485596,4.171999931335449,4.40500020980835,106.81999969482422,14.600000381469727,5987.3701171875,38780.140625,2616.800048828125,68.94000244140625
2024-11-26,4.302000045776367,4.190000057220459,4.394999980926514,107.01000213623047,14.100000381469727,6021.6298828125,38442.0,2620.300048828125,68.7699966430664
2024-11-27,4.242000102996826,4.11299991607666,4.385000228881836,106.08000183105469,14.100000381469727,5998.740234375,38134.96875,2639.89990234375,68.72000122070312
2024-11-28,,,,,,,38349.05859375,,
2024-11-29,4.177999973297119,4.054999828338623,4.373000144958496,105.73999786376953,13.510000228881836,6032.3798828125,38208.03125,2657.0,68.0
2024-12-02,4.196000099182129,4.09499979019165,4.380000114440918,106.44999694824219,13.34000015258789,6047.14990234375,38513.01953125,2634.89990234375,68.0999984741211
2024-12-03,4.2230000495910645,4.105999946594238,4.35699987411499,106.37000274658203,13.300000190734863,6049.8798828125,39248.859375,2644.699951171875,69.94000244140625
2024-12-04,4.179999828338623,4.061999797821045,4.34499979019165,106.33999633789062,13.449999809265137,6086.490234375,39276.390625,2653.800048828125,68.54000091552734
2024-12-05,4.179999828338623,4.076000213623047,4.329999923706055,105.70999908447266,13.539999961853027,6075.10986328125,39395.6015625,2626.60009765625,68.30000305175781
2024-12-06,4.151000022888184,4.033999919891357,4.295000076293945,105.97000122070312,12.770000457763672,6090.27001953125,39091.171875,2638.60009765625,67.19999694824219
2024-12-09,4.198999881744385,4.072000026702881,4.293000221252441,106.1500015258789,14.1899995803833,6052.85009765625,39160.5,2664.89990234375,68.37000274658203
2024-12-10,4.2210001945495605,4.0970001220703125,4.284999847412109,106.4000015258789,14.180000305175781,6034.91015625,39367.578125,2697.60009765625,68.58999633789062
2024-12-11,4.270999908447266,4.133999824523926,4.255000114440918,106.70999908447266,13.579999923706055,6084.18994140625,39372.23046875,2733.800048828125,70.29000091552734
2024-12-12,4.323999881744385,4.176000118255615,4.2230000495910645,106.95999908447266,13.920000076293945,6051.25,39849.140625,2687.5,70.0199966430664
2024-12-13,4.39900016784668,4.248000144958496,4.2179999351501465,107.0,13.8100004196167,6051.08984375,39470.44140625,2656.0,71.29000091552734
2024-12-16,4.396999835968018,4.254000186920166,4.228000164031982,106.86000061035156,14.6899995803833,6074.080078125,39457.48828125,2651.39990234375,70.70999908447266
2024-12-17,4.385000228881836,4.248000144958496,4.239999771118164,106.95999908447266,15.869999885559082,6050.60986328125,39364.6796875,2644.39990234375,70.08000183105469
2024-12-18,4.49399995803833,4.380000114440918,4.23199987411499,108.02999877929688,27.6200008392334,5872.16015625,39081.7109375,2636.5,70.58000183105469
2024-12-19,4.570000171661377,4.425000190734863,4.21999979019165,108.41000366210938,24.09000015258789,5867.080078125,38813.578125,2592.199951171875,69.91000366210938
2024-12-20,4.52400016784668,4.380000114440918,4.215000152587891,107.62000274658203,18.360000610351562,5930.85009765625,38701.8984375,2628.699951171875,69.45999908447266
2024-12-23,4.598999977111816,4.445000171661377,4.215000152587891,108.04000091552734,16.780000686645508,5974.06982421875,39161.33984375,2612.300048828125,69.23999786376953
2024-12-24,4.591000080108643,4.438000202178955,4.199999809265137,108.26000213623047,14.270000457763672,6040.0400390625,39036.8515625,2620.0,70.0999984741211
2024-12-25,,,,,,,39130.4296875,,
2024-12-26,4.578999996185303,4.433000087738037,4.215000152587891,108.12999725341797,14.729999542236328,6037.58984375,39568.05859375,2638.800048828125,69.62000274658203
2024-12-27,4.61899995803833,4.455999851226807,4.177999973297119,108.0,15.949999809265137,5970.83984375,40281.16015625,2617.199951171875,70.5999984741211
2024-12-30,4.545000076293945,4.369999885559082,4.182000160217285,108.12999725341797,17.399999618530273,5906.93994140625,39894.5390625,2606.10009765625,70.98999786376953
2024-12-31,4.572999954223633,4.380000114440918,4.208000183105469,108.48999786376953,17.350000381469727,5881.6298828125,,2629.199951171875,71.72000122070312
2025-01-02,4.574999809265137,4.380000114440918,4.208000183105469,109.38999938964844,17.93000030517578,5868.5498046875,,2658.89990234375,73.12999725341797
2025-01-03,4.5960001945495605,4.409999847412109,4.192999839782715,108.94999694824219,16.1299991607666,5942.47021484375,,2645.0,73.95999908447266
2025-01-06,4.618000030517578,4.421999931335449,4.190000057220459,108.26000213623047,16.040000915527344,5975.3798828125,39307.05078125,2638.39990234375,73.55999755859375
2025-01-07,4.683000087738037,4.465000152587891,4.203000068664551,108.54000091552734,17.81999969482422,5909.02978515625,40083.30078125,2656.699951171875,74.25
2025-01-08,4.692999839782715,4.4670000076293945,4.204999923706055,109.08999633789062,17.700000762939453,5918.25,39981.05859375,2664.5,73.31999969482422
2025-01-09,,,,109.18000030517578,,,39605.08984375,2683.800048828125,73.91999816894531
2025-01-10,4.776000022888184,4.5929999351501465,4.2129998207092285,109.6500015258789,19.540000915527344,5827.0400390625,39190.3984375,2708.5,76.56999969482422
2025-01-13,4.802999973297119,4.617000102996826,4.2179999351501465,109.95999908447266,19.190000534057617,5836.22021484375,,2673.5,78.81999969482422
2025-01-14,4.788000106811523,4.590000152587891,4.2129998207092285,109.2699966430664,18.709999084472656,5842.91015625,38474.30078125,2677.5,77.5
2025-01-15,4.6529998779296875,4.443999767303467,4.204999923706055,109.08999633789062,16.1200008392334,5949.91015625,38444.578125,2712.5,80.04000091552734
2025-01-16,4.605999946594238,4.395999908447266,4.195000171661377,108.95999908447266,16.600000381469727,5937.33984375,38572.6015625,2746.39990234375,78.68000030517578
2025-01-17,4.609000205993652,4.414000034332275,4.192999839782715,109.3499984741211,15.970000267028809,5996.66015625,38451.4609375,2744.300048828125,77.87999725341797
2025-01-20,,,,,,,38902.5,,
2025-01-21,4.573999881744385,4.396999835968018,4.197000026702881,108.05999755859375,15.0600004196167,6049.240234375,39027.98046875,2755.0,75.88999938964844
2025-01-22,4.598999977111816,4.426000118255615,4.215000152587891,108.16999816894531,15.100000381469727,6086.3701171875,39646.25,2767.60009765625,75.44000244140625
2025-01-23,4.638000011444092,4.441999912261963,4.2129998207092285,108.05000305175781,15.020000457763672,6118.7099609375,39958.87109375,2763.10009765625,74.62000274658203
2025-01-24,4.625999927520752,4.427999973297119,4.204999923706055,107.44000244140625,14.850000381469727,6101.240234375,39931.98046875,2777.300048828125,74.66000366210938
2025-01-27,4.5279998779296875,4.326000213623047,4.188000202178955,107.33999633789062,17.899999618530273,6012.27978515625,39565.80078125,2737.5,73.16999816894531
2025-01-28,4.551000118255615,4.34499979019165,4.190000057220459,107.87000274658203,16.40999984741211,6067.7001953125,39016.87109375,2766.800048828125,73.7699966430664
2025-01-29,4.554999828338623,4.35699987411499,4.188000202178955,108.0,16.559999465942383,6039.31005859375,39414.78125,2769.10009765625,72.62000274658203
2025-01-30,4.51200008392334,4.310999870300293,4.182000160217285,107.80000305175781,15.84000015258789,6071.169921875,39513.96875,2823.0,72.7300033569336
2025-01-31,4.568999767303467,4.363999843597412,4.188000202178955,108.37000274658203,16.43000030517578,6040.52978515625,39572.48828125,2812.5,72.52999877929688
2025-02-03,4.543000221252441,4.35699987411499,4.190000057220459,108.98999786376953,18.6200008392334,5994.56982421875,38520.08984375,2833.89990234375,73.16000366210938
2025-02-04,4.513000011444092,4.317999839782715,4.2129998207092285,107.95999908447266,17.209999084472656,6037.8798828125,38798.37109375,2853.300048828125,72.69999694824219
2025-02-05,4.421999931335449,4.243000030517578,4.210000038146973,107.58000183105469,15.770000457763672,6061.47998046875,38831.48046875,2871.60009765625,71.02999877929688
2025-02-06,4.440000057220459,4.2729997634887695,4.2129998207092285,107.69000244140625,15.5,6083.56982421875,39066.53125,2856.0,70.61000061035156
2025-02-07,4.486999988555908,4.334000110626221,4.228000164031982,108.04000091552734,16.540000915527344,6025.990234375,38787.01953125,2867.300048828125,71.0
2025-02-10,4.493000030517578,4.333000183105469,4.228000164031982,108.31999969482422,15.8100004196167,6066.43994140625,38801.171875,2914.300048828125,72.31999969482422
2025-02-11,4.5370001792907715,4.369999885559082,4.224999904632568,107.95999908447266,16.020000457763672,6068.5,,2912.5,73.31999969482422
2025-02-12,4.63700008392334,4.484000205993652,4.228000164031982,107.94000244140625,15.890000343322754,6051.97021484375,38963.69921875,2909.0,71.37000274658203
2025-02-13,4.525000095367432,4.386000156402588,4.2129998207092285,107.30999755859375,15.100000381469727,6115.06982421875,39461.46875,2925.89990234375,71.29000091552734
2025-02-14,4.4720001220703125,4.323999881744385,4.2129998207092285,106.56999969482422,14.770000457763672,6114.6298828125,39149.4296875,2883.60009765625,70.73999786376953
2025-02-17,,,,,,,39174.25,,
2025-02-18,4.544000148773193,4.39300012588501,4.2129998207092285,107.05000305175781,15.350000381469727,6129.580078125,39270.3984375,2931.60009765625,71.8499984741211
2025-02-19,4.534999847412109,4.369999885559082,4.2179999351501465,107.16999816894531,15.270000457763672,6144.14990234375,39164.609375,2919.39990234375,72.25
2025-02-20,4.5,4.3420000076293945,4.204999923706055,106.33999633789062,15.65999984741211,6117.52001953125,38678.0390625,2940.0,72.56999969482422
2025-02-21,4.420000076293945,4.257999897003174,4.197000026702881,106.61000061035156,18.209999084472656,6013.1298828125,38776.94140625,2937.60009765625,70.4000015258789
2025-02-24,4.39300012588501,4.230000019073486,4.190000057220459,106.5999984741211,18.979999542236328,5983.25,,2947.89990234375,70.69999694824219
2025-02-25,4.297999858856201,4.132999897003174,4.182000160217285,106.30999755859375,19.43000030517578,5955.25,38237.7890625,2904.5,68.93000030517578
2025-02-26,4.249000072479248,4.077000141143799,4.192999839782715,106.41999816894531,19.100000381469727,5956.06005859375,38142.37109375,2916.800048828125,68.62000274658203
2025-02-27,4.284999847412109,4.103000164031982,4.195000171661377,107.23999786376953,21.1299991607666,5861.56982421875,38256.171875,2883.199951171875,70.3499984741211
2025-02-28,4.230999946594238,4.0279998779296875,4.192999839782715,107.61000061035156,19.6299991607666,5954.5,37155.5,2836.800048828125,69.76000213623047
2025-03-03,4.179999828338623,3.990999937057495,4.192999839782715,106.75,22.780000686645508,5849.72021484375,37785.46875,2890.199951171875,68.37000274658203
2025-03-04,4.210000038146973,4.002999782562256,4.195000171661377,105.73999786376953,23.510000228881836,5778.14990234375,37331.1796875,2909.60009765625,68.26000213623047
2025-03-05,4.264999866485596,4.056000232696533,4.204999923706055,105.73999786376953,21.93000030517578,5842.6298828125,37418.23828125,2915.300048828125,66.30999755859375
2025-03-06,4.285999774932861,4.060999870300293,4.197000026702881,104.05999755859375,24.8700008392334,5738.52001953125,37704.9296875,2916.60009765625,66.36000061035156
2025-03-07,4.316999912261963,4.0929999351501465,4.197000026702881,103.83999633789062,23.3700008392334,5770.2001953125,36887.171875,2904.699951171875,67.04000091552734
2025-03-10,4.2129998207092285,3.9739999771118164,4.184999942779541,103.91000366210938,27.860000610351562,5614.56005859375,37028.26953125,2891.0,66.02999877929688
2025-03-11,4.288000106811523,4.041999816894531,4.195000171661377,103.44000244140625,26.920000076293945,5572.06982421875,36793.109375,2912.89990234375,66.25
2025-03-12,4.317999839782715,4.078999996185303,4.197000026702881,103.61000061035156,24.229999542236328,5599.2998046875,36819.08984375,2939.10009765625,67.68000030517578
2025-03-13,4.27400016784668,4.0279998779296875,4.188000202178955,103.83000183105469,24.65999984741211,5521.52001953125,36790.03125,2984.300048828125,66.55000305175781
2025-03-14,4.308000087738037,4.081999778747559,4.188000202178955,103.72000122070312,21.770000457763672,5638.93994140625,37053.1015625,2994.5,67.18000030517578
2025-03-17,4.306000232696533,4.0980000495910645,4.188000202178955,103.37000274658203,20.510000228881836,5675.1201171875,37396.51953125,3000.0,67.58000183105469
2025-03-18,4.281000137329102,4.070000171661377,4.195000171661377,103.23999786376953,21.700000762939453,5614.66015625,37845.421875,3035.10009765625,66.9000015258789
2025-03-19,4.25600004196167,4.03000020980835,4.190000057220459,103.43000030517578,19.899999618530273,5675.2900390625,37751.87890625,3035.89990234375,67.16000366210938
2025-03-20,4.232999801635742,4.006999969482422,4.182000160217285,103.8499984741211,19.799999237060547,5662.89013671875,,3040.0,68.26000213623047
2025-03-21,4.251999855041504,4.007999897003174,4.184999942779541,104.08999633789062,19.280000686645508,5667.56005859375,37677.05859375,3018.199951171875,68.27999877929688
2025-03-24,4.330999851226807,4.0970001220703125,4.182000160217285,104.26000213623047,17.479999542236328,5767.56982421875,37608.48828125,3013.10009765625,69.11000061035156
2025-03-25,4.307000160217285,4.058000087738037,4.182000160217285,104.18000030517578,17.149999618530273,5776.64990234375,37780.5390625,3023.699951171875,69.0
2025-03-26,4.3379998207092285,4.083000183105469,4.190000057220459,104.55000305175781,18.329999923706055,5712.2001953125,38027.2890625,3020.89990234375,69.6500015258789
2025-03-27,4.36899995803833,4.0980000495910645,4.188000202178955,104.06999969482422,18.690000534057617,5693.31005859375,37799.96875,3060.199951171875,69.91999816894531
2025-03-28,4.255000114440918,3.9809999465942383,4.188000202178955,104.04000091552734,21.649999618530273,5580.93994140625,37120.328125,3086.5,69.36000061035156
2025-03-31,4.245999813079834,3.9830000400543213,4.192999839782715,104.20999908447266,22.280000686645508,5611.85009765625,35617.55859375,3122.800048828125,71.4800033569336
2025-04-01,4.156000137329102,3.9100000858306885,4.199999809265137,104.26000213623047,21.770000457763672,5633.06982421875,35624.48046875,3118.89990234375,71.19999694824219
2025-04-02,4.196000099182129,3.9509999752044678,4.203000068664551,103.80999755859375,21.510000228881836,5670.97021484375,35725.87109375,3139.89990234375,71.70999908447266
2025-04-03,4.054999828338623,3.760999917984009,4.184999942779541,102.06999969482422,30.020000457763672,5396.52001953125,34735.9296875,3097.0,66.94999694824219
2025-04-04,3.984999895095825,3.7090001106262207,4.15500020980835,103.0199966430664,45.310001373291016,5074.080078125,33780.578125,3012.0,61.9900016784668
2025-04-07,4.15500020980835,3.8399999141693115,4.150000095367432,103.26000213623047,46.97999954223633,5062.25,31136.580078125,2951.300048828125,60.70000076293945
2025-04-08,4.26200008392334,3.9140000343322754,4.177999973297119,102.95999908447266,52.33000183105469,4982.77001953125,33012.578125,2968.39990234375,59.58000183105469
2025-04-09,4.400000095367432,4.10099983215332,4.228000164031982,102.9000015258789,33.619998931884766,5456.89990234375,31714.029296875,3056.5,62.349998474121094
2025-04-10,4.394000053405762,4.038000106811523,4.197000026702881,100.87000274658203,40.720001220703125,5268.0498046875,34609.0,3155.199951171875,60.06999969482422
2025-04-11,4.493000030517578,4.159999847412109,4.2129998207092285,99.77999877929688,37.560001373291016,5363.35986328125,33585.578125,3222.199951171875,61.5
2025-04-14,4.363999843597412,3.997999906539917,4.195000171661377,99.63999938964844,30.889999389648438,5405.97021484375,33982.359375,3204.800048828125,61.529998779296875
2025-04-15,4.322999954223633,3.9630000591278076,4.199999809265137,100.22000122070312,30.1200008392334,5396.6298828125,34267.5390625,3218.699951171875,61.33000183105469
2025-04-16,4.2789998054504395,3.9089999198913574,4.208000183105469,99.37999725341797,32.63999938964844,5275.7001953125,33920.3984375,3326.60009765625,62.470001220703125
2025-04-17,4.333000183105469,3.941999912261963,4.204999923706055,99.37999725341797,29.649999618530273,5282.7001953125,34377.6015625,3308.699951171875,64.68000030517578
2025-04-18,,,,,,,34730.28125,,
2025-04-21,4.40500020980835,3.9590001106262207,4.210000038146973,98.27999877929688,33.81999969482422,5158.2001953125,34279.921875,3406.199951171875,63.08000183105469
2025-04-22,4.388999938964844,3.9769999980926514,4.2129998207092285,98.91999816894531,30.56999969482422,5287.759765625,34220.6015625,3400.800048828125,64.30999755859375
2025-04-23,4.38700008392334,4.013999938964844,4.208000183105469,99.83999633789062,28.450000762939453,5375.85986328125,34868.62890625,3276.300048828125,62.27000045776367
2025-04-24,4.304999828338623,3.927000045776367,4.197000026702881,99.29000091552734,26.469999313354492,5484.77001953125,35039.1484375,3332.0,62.790000915527344
2025-04-25,4.265999794006348,3.884000062942505,4.192999839782715,99.47000122070312,24.84000015258789,5525.2099609375,35705.73828125,3282.39990234375,63.02000045776367
2025-04-28,4.216000080108643,3.815999984741211,4.192999839782715,99.01000213623047,25.149999618530273,5528.75,35839.98828125,3332.5,62.04999923706055
2025-04-29,4.172999858856201,3.7750000953674316,4.190000057220459,99.23999786376953,24.170000076293945,5560.830078125,,3318.800048828125,60.41999816894531
2025-04-30,4.177000045776367,3.752000093460083,4.190000057220459,99.47000122070312,24.700000762939453,5569.06005859375,36045.37890625,3305.0,58.209999084472656
2025-05-01,4.230999946594238,3.811000108718872,4.184999942779541,100.25,24.600000381469727,5604.14013671875,36452.30078125,3210.0,59.2400016784668
2025-05-02,4.322000026702881,3.931999921798706,4.208000183105469,100.0,22.68000030517578,5686.669921875,36830.69140625,3231.89990234375,58.290000915527344
2025-05-05,4.3429999351501465,3.943000078201294,4.208000183105469,99.83000183105469,23.639999389648438,5650.3798828125,,3311.300048828125,57.130001068115234
2025-05-06,4.308000087738037,3.8980000019073486,4.210000038146973,99.23999786376953,24.760000228881836,5606.91015625,,3411.39990234375,59.09000015258789
2025-05-07,4.275000095367432,3.872999906539917,4.215000152587891,99.61000061035156,23.549999237060547,5631.27978515625,36779.66015625,3381.39990234375,58.06999969482422
2025-05-08,4.373000144958496,3.99399995803833,4.215000152587891,100.63999938964844,22.479999542236328,5663.93994140625,36928.62890625,3296.60009765625,59.90999984741211
2025-05-09,4.375,3.986999988555908,4.215000152587891,100.33999633789062,21.899999618530273,5659.91015625,37503.328125,3335.39990234375,61.02000045776367
2025-05-12,4.456999778747559,4.10099983215332,4.28000020980835,101.79000091552734,18.389999389648438,5844.18994140625,37644.26171875,3220.0,61.95000076293945
2025-05-13,4.499000072479248,4.120999813079834,4.284999847412109,101.0,18.219999313354492,5886.5498046875,38183.26171875,3240.300048828125,63.66999816894531
2025-05-14,4.5279998779296875,4.1620001792907715,4.284999847412109,101.04000091552734,18.6200008392334,5892.580078125,38128.12890625,3181.39990234375,63.150001525878906
2025-05-15,4.454999923706055,4.072999954223633,4.257999897003174,100.87999725341797,17.829999923706055,5916.93017578125,37755.51171875,3220.699951171875,61.619998931884766
2025-05-16,4.440999984741211,4.064000129699707,4.236999988555908,101.08999633789062,17.239999771118164,5958.3798828125,37753.71875,3182.0,62.4900016784668
2025-05-19,4.474999904632568,4.080999851226807,4.239999771118164,100.43000030517578,18.139999389648438,5963.60009765625,37498.62890625,3228.89990234375,62.689998626708984
2025-05-20,4.480999946594238,4.066999912261963,4.248000144958496,100.12000274658203,18.09000015258789,5940.4599609375,37529.48828125,3280.300048828125,62.560001373291016
2025-05-21,4.5960001945495605,4.1570000648498535,4.235000133514404,99.55999755859375,20.8700008392334,5844.60986328125,37298.98046875,3309.300048828125,61.56999969482422
2025-05-22,4.552999973297119,4.11299991607666,4.23199987411499,99.95999908447266,20.280000686645508,5842.009765625,36985.87109375,3292.300048828125,61.20000076293945
2025-05-23,4.508999824523926,4.078000068664551,4.230000019073486,99.11000061035156,22.290000915527344,5802.81982421875,37160.46875,3363.60009765625,61.529998779296875
2025-05-26,,,,98.93000030517578,,,37531.53125,,
2025-05-27,4.434000015258789,4.0229997634887695,4.203000068664551,99.5199966430664,18.959999084472656,5921.5400390625,37724.109375,3299.10009765625,60.88999938964844
2025-05-28,4.4770002365112305,4.065000057220459,4.224999904632568,99.87999725341797,19.309999465942383,5888.5498046875,37722.3984375,3293.60009765625,61.84000015258789
2025-05-29,4.423999786376953,3.997999906539917,4.230000019073486,99.27999877929688,19.18000030517578,5912.169921875,38432.98046875,3317.10009765625,60.939998626708984
2025-05-30,4.415999889373779,3.9790000915527344,4.23199987411499,99.33000183105469,18.56999969482422,5911.68994140625,37965.1015625,3288.89990234375,60.790000915527344
2025-06-02,4.461999893188477,4.017000198364258,4.23199987411499,98.69999694824219,18.360000610351562,5935.93994140625,37470.671875,3370.60009765625,62.52000045776367
2025-06-03,4.460000038146973,4.0279998779296875,4.235000133514404,99.25,17.690000534057617,5970.3701171875,37446.80859375,3350.199951171875,63.40999984741211
2025-06-04,4.364999771118164,3.931999921798706,4.239999771118164,98.79000091552734,17.610000610351562,5970.81005859375,37747.44921875,3373.5,62.849998474121094
2025-06-05,4.394000053405762,3.989000082015991,4.23199987411499,98.73999786376953,18.479999542236328,5939.2998046875,37554.48828125,3350.699951171875,63.369998931884766
2025-06-06,4.510000228881836,4.125999927520752,4.23199987411499,99.19000244140625,16.770000457763672,6000.35986328125,37741.609375,3322.699951171875,64.58000183105469
2025-06-09,4.48199987411499,4.085999965667725,4.239999771118164,98.94000244140625,17.15999984741211,6005.8798828125,38088.5703125,3332.10009765625,65.29000091552734
2025-06-10,4.473999977111816,4.084000110626221,4.25,99.05000305175781,16.950000762939453,6038.81005859375,38211.51171875,3320.89990234375,64.9800033569336
2025-06-11,4.4120001792907715,4.008999824523926,4.25,98.62999725341797,17.260000228881836,6022.240234375,38421.19140625,3321.300048828125,68.1500015258789
2025-06-12,4.35699987411499,3.9600000381469727,4.257999897003174,97.91999816894531,18.020000457763672,6045.259765625,38173.08984375,3380.89990234375,68.04000091552734
2025-06-13,4.423999786376953,4.02400016784668,4.239999771118164,98.18000030517578,20.81999969482422,5976.97021484375,37834.25,3431.199951171875,72.9800033569336
2025-06-16,4.452000141143799,4.034999847412109,4.248000144958496,98.0,19.110000610351562,6033.10986328125,38311.328125,3396.39990234375,71.7699966430664
2025-06-17,4.39300012588501,3.989000082015991,4.2179999351501465,98.81999969482422,21.600000381469727,5982.72021484375,38536.73828125,3386.60009765625,74.83999633789062
2025-06-18,4.396999835968018,3.993000030517578,4.2230000495910645,98.91000366210938,20.139999389648438,5980.8701171875,38885.1484375,3389.800048828125,75.13999938964844
2025-06-19,,,,,,,38488.33984375,,
2025-06-20,4.375,3.9609999656677246,4.195000171661377,98.70999908447266,20.6200008392334,5967.83984375,38403.23046875,3368.10009765625,74.93000030517578
2025-06-23,4.320000171661377,3.884000062942505,4.1579999923706055,98.41999816894531,19.829999923706055,6025.169921875,38354.08984375,3377.699951171875,68.51000213623047
2025-06-24,4.293000221252441,3.8559999465942383,4.182000160217285,97.86000061035156,17.479999542236328,6092.18017578125,38790.55859375,3317.39990234375,64.37000274658203
2025-06-25,4.293000221252441,3.8469998836517334,4.188000202178955,97.68000030517578,16.760000228881836,6092.16015625,38942.0703125,3327.10009765625,64.91999816894531
2025-06-26,4.252999782562256,3.7990000247955322,4.192999839782715,97.1500015258789,16.59000015258789,6141.02001953125,39584.578125,3333.5,65.23999786376953
2025-06-27,4.2829999923706055,3.828000068664551,4.197000026702881,97.4000015258789,16.31999969482422,6173.06982421875,40150.7890625,3273.699951171875,65.5199966430664
2025-06-30,4.230000019073486,3.7950000762939453,4.190000057220459,96.87999725341797,16.729999542236328,6204.9501953125,40487.390625,3294.39990234375,65.11000061035156
2025-07-01,4.250999927520752,3.8420000076293945,4.224999904632568,96.81999969482422,16.829999923706055,6198.009765625,39986.328125,3336.699951171875,65.44999694824219
2025-07-02,4.293000221252441,3.869999885559082,4.2230000495910645,96.77999877929688,16.639999389648438,6227.419921875,39762.48046875,3348.0,67.44999694824219
2025-07-03,4.3480000495910645,3.938999891281128,4.239999771118164,97.18000030517578,16.3799991607666,6279.35009765625,39785.8984375,3331.60009765625,67.0
2025-07-04,,,,,,,39810.87890625,3332.5,66.5
2025-07-07,4.394999980926514,3.9660000801086426,4.244999885559082,97.4800033569336,17.790000915527344,6229.97998046875,39587.6796875,3332.199951171875,67.93000030517578
2025-07-08,4.414999961853027,3.984999895095825,4.25,97.51000213623047,16.809999465942383,6225.52001953125,39688.80859375,3307.0,68.33000183105469
2025-07-09,4.3420000076293945,3.9200000762939453,4.244999885559082,97.47000122070312,15.9399995803833,6263.259765625,39821.28125,3311.60009765625,68.37999725341797
2025-07-10,4.3460001945495605,3.930999994277954,4.239999771118164,97.6500015258789,15.779999732971191,6280.4599609375,39646.359375,3317.39990234375,66.56999969482422
2025-07-11,4.422999858856201,3.992000102996826,4.236999988555908,97.8499984741211,16.399999618530273,6259.75,39569.6796875,3356.0,68.44999694824219
2025-07-14,4.427000045776367,3.984999895095825,4.228000164031982,98.08000183105469,17.200000762939453,6268.56005859375,39459.62109375,3351.5,66.9800033569336
2025-07-15,4.488999843597412,4.050000190734863,4.23199987411499,98.62000274658203,17.3799991607666,6243.759765625,39678.01953125,3329.800048828125,66.5199966430664
2025-07-16,4.454999923706055,3.984999895095825,4.224999904632568,98.38999938964844,17.15999984741211,6263.7001953125,39663.3984375,3352.5,66.37999725341797
2025-07-17,4.4629998207092285,4.00600004196167,4.235000133514404,98.7300033569336,16.520000457763672,6297.35986328125,39901.19140625,3340.10009765625,67.54000091552734
2025-07-18,4.432000160217285,3.9619998931884766,4.230000019073486,98.4800033569336,16.40999984741211,6296.7900390625,39819.109375,3353.0,67.33999633789062
2025-07-21,4.372000217437744,3.9079999923706055,4.2230000495910645,97.8499984741211,16.649999618530273,6305.60009765625,,3401.89990234375,67.19999694824219
2025-07-22,4.335999965667725,3.875999927520752,4.230000019073486,97.38999938964844,16.5,6309.6201171875,39774.921875,3439.199951171875,66.20999908447266
2025-07-23,4.388000011444092,3.934000015258789,4.239999771118164,97.20999908447266,15.369999885559082,6358.91015625,41171.3203125,3394.10009765625,65.25
2025-07-24,4.4079999923706055,3.9709999561309814,4.244999885559082,97.37999725341797,15.390000343322754,6363.35009765625,41826.33984375,3371.0,66.02999877929688
2025-07-25,4.386000156402588,3.9519999027252197,4.244999885559082,97.6500015258789,14.930000305175781,6388.64013671875,41456.23046875,3334.0,65.16000366210938
2025-07-28,4.420000076293945,3.9769999980926514,4.235000133514404,98.66000366210938,15.029999732971191,6389.77001953125,40998.26953125,3309.10009765625,66.70999908447266
2025-07-29,4.329999923706055,3.9059998989105225,4.230000019073486,98.91000366210938,15.979999542236328,6370.85986328125,40674.55078125,3323.39990234375,69.20999908447266
2025-07-30,4.375999927520752,3.9649999141693115,4.23199987411499,99.94000244140625,15.479999542236328,6362.89990234375,40654.69921875,3295.800048828125,70.0
2025-07-31,4.360000133514404,3.9600000381469727,4.235000133514404,100.02999877929688,16.719999313354492,6339.39013671875,41069.8203125,3293.199951171875,69.26000213623047
2025-08-01,4.21999979019165,3.7709999084472656,4.182000160217285,98.69000244140625,20.3799991607666,6238.009765625,40799.6015625,3347.699951171875,67.33000183105469
2025-08-04,4.199999809265137,3.743000030517578,4.1529998779296875,98.77999877929688,17.520000457763672,6329.93994140625,40290.69921875,3374.39990234375,66.29000091552734
2025-08-05,4.196000099182129,3.76200008392334,4.150000095367432,98.77999877929688,17.850000381469727,6299.18994140625,40549.5390625,3381.89990234375,65.16000366210938
2025-08-06,4.21999979019165,3.7639999389648438,4.132999897003174,98.18000030517578,16.770000457763672,6345.06005859375,40794.859375,3380.0,64.3499984741211
2025-08-07,4.24399995803833,3.7899999618530273,4.138000011444092,98.4000015258789,16.56999969482422,6340.0,41059.1484375,3400.300048828125,63.880001068115234
2025-08-08,4.284999847412109,3.8299999237060547,4.132999897003174,98.18000030517578,15.149999618530273,6389.4501953125,41820.48046875,3439.10009765625,63.880001068115234
2025-08-11,4.2729997634887695,3.822999954223633,4.14300012588501,98.5199966430664,16.25,6373.4501953125,,3353.10009765625,63.959999084472656
2025-08-12,4.293000221252441,3.822000026702881,4.130000114440918,98.0999984741211,14.729999542236328,6445.759765625,42718.171875,3348.89990234375,63.16999816894531
2025-08-13,4.23799991607666,3.7699999809265137,4.110000133514404,97.83999633789062,14.489999771118164,6466.580078125,43274.671875,3358.699951171875,62.650001525878906
2025-08-14,4.293000221252441,3.821000099182129,4.111999988555908,98.25,14.829999923706055,6468.5400390625,42649.26171875,3335.199951171875,63.959999084472656
2025-08-15,4.328000068664551,3.8450000286102295,4.111999988555908,97.8499984741211,15.09000015258789,6449.7998046875,43378.30859375,3336.0,62.79999923706055
2025-08-18,4.341000080108643,3.8550000190734863,4.123000144958496,98.16999816894531,14.989999771118164,6449.14990234375,43714.30859375,3331.699951171875,63.41999816894531
2025-08-19,4.302000045776367,3.822000026702881,4.110000133514404,98.2699966430664,15.569999694824219,6411.3701171875,43546.2890625,3313.39990234375,62.349998474121094
2025-08-20,4.296000003814697,3.809999942779541,4.114999771118164,98.22000122070312,15.6899995803833,6395.77978515625,42888.55078125,3343.39990234375,63.209999084472656
2025-08-21,4.329999923706055,3.8570001125335693,4.127999782562256,98.62000274658203,16.600000381469727,6370.169921875,42610.171875,3336.89990234375,63.52000045776367
2025-08-22,4.260000228881836,3.759000062942505,4.0879998207092285,97.72000122070312,14.220000267028809,6466.91015625,42633.2890625,3374.39990234375,63.65999984741211
2025-08-25,4.275000095367432,3.7850000858306885,4.0929999351501465,98.43000030517578,14.789999961853027,6439.31982421875,42807.8203125,3373.800048828125,64.80000305175781
2025-08-26,4.257999897003174,3.740000009536743,4.0879998207092285,98.2300033569336,14.619999885559082,6465.93994140625,42394.3984375,3388.60009765625,63.25
2025-08-27,4.23799991607666,3.7049999237060547,4.059999942779541,98.2300033569336,14.850000381469727,6481.39990234375,42520.26953125,3404.60009765625,64.1500015258789
2025-08-28,4.206999778747559,3.696000099182129,4.072000026702881,97.80999755859375,14.430000305175781,6501.85986328125,42828.7890625,3431.800048828125,64.5999984741211
2025-08-29,4.2270002365112305,3.6989998817443848,4.043000221252441,97.7699966430664,15.359999656677246,6460.259765625,42718.46875,3473.699951171875,64.01000213623047
2025-09-01,,,,,,,42188.7890625,,
2025-09-02,4.2769999504089355,3.743000030517578,4.0320000648498535,98.4000015258789,17.170000076293945,6415.5400390625,42310.48828125,3549.39990234375,65.58999633789062
2025-09-03,4.210999965667725,3.684999942779541,4.01800012588501,98.13999938964844,16.350000381469727,6448.259765625,41938.890625,3593.199951171875,63.970001220703125
2025-09-04,4.176000118255615,3.6530001163482666,3.997999906539917,98.3499984741211,15.300000190734863,6502.080078125,42580.26953125,3565.800048828125,63.47999954223633
2025-09-05,4.085999965667725,3.5829999446868896,3.9100000858306885,97.7699966430664,15.180000305175781,6481.5,43018.75,3613.199951171875,61.869998931884766
2025-09-08,4.046000003814697,3.569999933242798,3.927999973297119,97.44999694824219,15.109999656677246,6495.14990234375,43643.80859375,3638.10009765625,62.2599983215332
2025-09-09,4.073999881744385,3.6010000705718994,3.943000078201294,97.79000091552734,15.039999961853027,6512.60986328125,43459.2890625,3643.300048828125,62.630001068115234
2025-09-10,4.0320000648498535,3.5820000171661377,3.930000066757202,97.77999877929688,15.350000381469727,6532.0400390625,43837.671875,3643.60009765625,63.66999816894531
2025-09-11,4.011000156402588,3.578000068664551,3.927999973297119,97.54000091552734,14.710000038146973,6587.47021484375,44372.5,3636.89990234375,62.369998931884766
2025-09-12,4.060999870300293,3.625,3.927999973297119,97.55000305175781,14.760000228881836,6584.2900390625,44768.12109375,3649.39990234375,62.689998626708984
2025-09-15,4.033999919891357,3.6019999980926514,3.9000000953674316,97.30000305175781,15.6899995803833,6615.27978515625,,3682.199951171875,63.29999923706055
2025-09-16,4.026000022888184,3.5829999446868896,3.890000104904175,96.62999725341797,16.360000610351562,6606.759765625,44902.26953125,3688.89990234375,64.5199966430664
2025-09-17,4.076000213623047,3.6489999294281006,3.868000030517578,96.87000274658203,15.720000267028809,6600.35009765625,44790.37890625,3681.800048828125,64.05000305175781
2025-09-18,4.104000091552734,3.6630001068115234,3.880000114440918,97.3499984741211,15.699999809265137,6631.9599609375,45303.4296875,3643.699951171875,63.56999969482422
2025-09-19,4.138999938964844,3.690999984741211,3.878000020980835,97.63999938964844,15.449999809265137,6664.35986328125,45045.80859375,3671.5,62.68000030517578
2025-09-22,4.14300012588501,3.696000099182129,3.8480000495910645,97.33000183105469,16.100000381469727,6693.75,45493.66015625,3740.699951171875,62.63999938964844
2025-09-23,4.119999885559082,3.677000045776367,3.8450000286102295,97.26000213623047,16.639999389648438,6656.919921875,,3780.60009765625,63.40999984741211
2025-09-24,4.146999835968018,3.7100000381469727,3.8580000400543213,97.87000274658203,16.18000030517578,6637.97021484375,45630.30859375,3732.10009765625,64.98999786376953
2025-09-25,4.171999931335449,3.7669999599456787,3.882999897003174,98.55000305175781,16.739999771118164,6604.72021484375,45754.9296875,3736.89990234375,64.9800033569336
2025-09-26,4.186999797821045,3.7699999809265137,3.859999895095825,98.1500015258789,15.289999961853027,6643.7001953125,45354.98828125,3775.300048828125,65.72000122070312
2025-09-29,4.140999794006348,3.740999937057495,3.86299991607666,97.91000366210938,16.1200008392334,6661.2099609375,45043.75,3820.89990234375,63.45000076293945
2025-09-30,4.1479997634887695,3.7320001125335693,3.8450000286102295,97.7699966430664,16.280000686645508,6688.4599609375,44932.62890625,3840.800048828125,62.369998931884766
2025-10-01,4.105999946594238,3.680000066757202,3.8450000286102295,97.70999908447266,16.290000915527344,6711.2001953125,44550.8515625,3867.5,61.779998779296875
2025-10-02,4.0879998207092285,3.6730000972747803,3.8480000495910645,97.8499984741211,16.6299991607666,6715.35009765625,44936.73046875,3839.699951171875,60.47999954223633
2025-10-03,4.11899995803833,3.7079999446868896,3.8580000400543213,97.72000122070312,16.649999618530273,6715.7900390625,45769.5,3880.800048828125,60.880001068115234
2025-10-06,4.1620001792907715,3.744999885559082,3.859999895095825,98.11000061035156,16.3700008392334,6740.27978515625,47944.76171875,3948.5,61.689998626708984
2025-10-07,4.126999855041504,3.7060000896453857,3.8429999351501465,98.58000183105469,17.239999771118164,6714.58984375,47950.87890625,3976.60009765625,61.72999954223633
2025-10-08,4.129000186920166,3.7200000286102295,3.8429999351501465,98.8499984741211,16.299999237060547,6753.72021484375,47734.98828125,4043.300048828125,62.54999923706055
2025-10-09,4.1479997634887695,3.740999937057495,3.8529999256134033,99.54000091552734,16.43000030517578,6735.10986328125,48580.44140625,3946.300048828125,61.5099983215332
2025-10-10,4.051000118255615,3.6459999084472656,3.8529999256134033,98.9800033569336,21.65999984741211,6552.509765625,48088.80078125,3975.89990234375,58.900001525878906
2025-10-13,4.051000118255615,3.6459999084472656,3.8529999256134033,99.2699966430664,19.030000686645508,6654.72021484375,,4108.60009765625,59.4900016784668
2025-10-14,4.021999835968018,3.6040000915527344,3.8529999256134033,99.05000305175781,20.809999465942383,6644.31005859375,46847.3203125,4138.7001953125,58.70000076293945
2025-10-15,4.046000003814697,3.630000114440918,3.8580000400543213,98.79000091552734,20.639999389648438,6671.06005859375,47672.671875,4176.89990234375,58.27000045776367
2025-10-16,3.9760000705718994,3.549999952316284,3.8529999256134033,98.38999938964844,25.309999465942383,6629.06982421875,48277.73828125,4280.2001953125,57.459999084472656
2025-10-17,4.006999969482422,3.5920000076293945,3.8320000171661377,98.43000030517578,20.780000686645508,6664.009765625,47582.1484375,4189.89990234375,57.540000915527344
2025-10-20,3.9860000610351562,3.578000068664551,3.7980000972747803,98.58999633789062,18.229999542236328,6735.1298828125,49185.5,4336.39990234375,57.52000045776367
2025-10-21,3.9630000591278076,3.559999942779541,3.7850000858306885,98.93000030517578,17.8700008392334,6735.35009765625,49316.05859375,4087.699951171875,57.81999969482422
2025-10-22,3.953000068664551,3.552000045776367,3.7880001068115234,98.9000015258789,18.600000381469727,6699.39990234375,49307.7890625,4044.39990234375,58.5
2025-10-23,3.990999937057495,3.5969998836517334,3.7880001068115234,98.94000244140625,17.299999237060547,6738.43994140625,48641.609375,4125.5,61.790000915527344
2025-10-24,3.996999979019165,3.6019999980926514,3.763000011444092,98.94999694824219,16.3700008392334,6791.68994140625,49299.6484375,4118.39990234375,61.5
2025-10-27,3.996999979019165,3.614000082015991,3.7179999351501465,98.77999877929688,15.789999961853027,6875.16015625,50512.3203125,4001.89990234375,61.310001373291016
2025-10-28,3.9830000400543213,3.61299991607666,3.7200000286102295,98.69000244140625,16.420000076293945,6890.89013671875,50219.1796875,3966.199951171875,60.150001525878906
2025-10-29,4.058000087738037,3.697000026702881,3.7300000190734863,99.22000122070312,16.920000076293945,6890.58984375,51307.6484375,3983.699951171875,60.47999954223633
2025-10-30,4.0929999351501465,3.7200000286102295,3.756999969482422,99.52999877929688,16.90999984741211,6822.33984375,51325.609375,4001.300048828125,60.56999969482422
2025-10-31,4.10099983215332,3.7170000076293945,3.7179999351501465,99.80000305175781,17.440000534057617,6840.2001953125,52411.33984375,3982.199951171875,60.97999954223633
2025-11-03,4.105999946594238,3.7149999141693115,3.7829999923706055,99.87000274658203,17.170000076293945,6851.97021484375,,4000.300048828125,61.04999923706055
2025-11-04,4.089000225067139,3.7009999752044678,3.7929999828338623,100.22000122070312,19.0,6771.5498046875,51497.19921875,3947.699951171875,60.560001373291016
2025-11-05,4.1570000648498535,3.765000104904175,3.7880001068115234,100.19999694824219,18.010000228881836,6796.2900390625,50212.26953125,3980.300048828125,59.599998474121094
2025-11-06,4.0929999351501465,3.688999891281128,3.763000011444092,99.7300033569336,19.5,6720.31982421875,50883.6796875,3979.89990234375,59.43000030517578
2025-11-07,4.0929999351501465,3.680000066757202,3.756999969482422,99.5999984741211,19.079999923706055,6728.7998046875,50276.37109375,3999.39990234375,59.75
2025-11-10,4.110000133514404,3.7100000381469727,3.7829999923706055,99.62000274658203,17.600000381469727,6832.43017578125,50911.76171875,4111.7998046875,60.130001068115234
2025-11-11,4.119999885559082,3.7190001010894775,3.7829999923706055,99.45999908447266,17.280000686645508,6846.60986328125,50842.9296875,4106.7998046875,61.040000915527344
2025-11-12,4.065000057220459,3.6679999828338623,3.7780001163482666,99.4800033569336,17.510000228881836,6850.919921875,51063.30859375,4204.39990234375,58.4900016784668
2025-11-13,4.111999988555908,3.703000068664551,3.7929999828338623,99.18000030517578,20.0,6737.490234375,51281.828125,4186.89990234375,58.689998626708984
2025-11-14,4.1479997634887695,3.734999895095825,3.7880001068115234,99.2699966430664,19.829999923706055,6734.10986328125,50376.53125,4087.60009765625,60.09000015258789
2025-11-17,4.132999897003174,3.7209999561309814,3.7720000743865967,99.58999633789062,22.3799991607666,6672.41015625,50323.91015625,4068.300048828125,59.90999984741211
2025-11-18,4.123000144958496,3.694000005722046,3.7720000743865967,99.55000305175781,24.690000534057617,6617.31982421875,48702.98046875,4061.300048828125,60.7400016784668
2025-11-19,4.132999897003174,3.7079999446868896,3.7720000743865967,100.2300033569336,23.65999984741211,6642.16015625,48537.69921875,4077.699951171875,59.439998626708984
2025-11-20,4.105999946594238,3.6730000972747803,3.7750000953674316,100.16000366210938,26.420000076293945,6538.759765625,49823.94140625,4056.5,59.13999938964844
2025-11-21,4.063000202178955,3.618000030517578,3.740000009536743,100.18000030517578,23.43000030517578,6602.990234375,48625.87890625,4076.699951171875,58.060001373291016
2025-11-24,4.038000106811523,3.6050000190734863,3.7300000190734863,100.13999938964844,20.520000457763672,6705.1201171875,,4091.89990234375,58.84000015258789
2025-11-25,4.001999855041504,3.565000057220459,3.7320001125335693,99.66000366210938,18.559999465942383,6765.8798828125,48659.51953125,4139.2001953125,57.95000076293945
2025-11-26,3.997999906539917,3.572000026702881,3.753000020980835,99.5999984741211,17.190000534057617,6812.60986328125,49559.0703125,4165.2001953125,58.650001525878906
2025-11-27,,,,,,,50167.1015625,,
2025-11-28,4.017000198364258,3.5999999046325684,3.697000026702881,99.45999908447266,16.350000381469727,6849.08984375,50253.91015625,4218.2998046875,58.54999923706055
2025-12-01,4.0960001945495605,3.6730000972747803,3.693000078201294,99.41000366210938,17.239999771118164,6812.6298828125,49303.28125,4239.2998046875,59.31999969482422
2025-12-02,4.085999965667725,3.6589999198913574,3.671999931335449,99.36000061035156,16.59000015258789,6829.3701171875,49303.44921875,4186.60009765625,58.63999938964844
2025-12-03,4.057000160217285,3.624000072479248,3.634999990463257,98.8499984741211,16.079999923706055,6849.72021484375,49864.6796875,4199.2998046875,58.95000076293945
2025-12-04,4.107999801635742,3.681999921798706,3.611999988555908,98.98999786376953,15.779999732971191,6857.1201171875,51028.421875,4211.7998046875,59.66999816894531
2025-12-05,4.138999938964844,3.7149999141693115,3.6029999256134033,98.98999786376953,15.40999984741211,6870.39990234375,50491.87109375,4212.89990234375,60.08000183105469
2025-12-08,4.171999931335449,3.753000020980835,3.618000030517578,99.08999633789062,16.65999984741211,6846.509765625,50581.94140625,4187.2001953125,58.880001068115234
2025-12-09,4.185999870300293,3.7799999713897705,3.631999969482422,99.22000122070312,16.93000030517578,6840.509765625,50655.1015625,4206.7001953125,58.25
2025-12-10,4.164000034332275,3.756999969482422,3.5929999351501465,98.79000091552734,15.770000457763672,6886.68017578125,50602.80078125,4196.39990234375,58.459999084472656
2025-12-11,4.140999794006348,3.7149999141693115,3.568000078201294,98.3499984741211,14.850000381469727,6901.0,50148.8203125,4285.5,57.599998474121094
2025-12-12,4.193999767303467,3.750999927520752,3.5250000953674316,98.4000015258789,15.739999771118164,6827.41015625,50836.55078125,4300.10009765625,57.439998626708984
2025-12-15,4.182000160217285,3.7330000400543213,3.5380001068115234,98.1500015258789,16.5,6816.509765625,50168.109375,4306.7001953125,56.81999969482422
2025-12-16,4.14900016784668,3.693000078201294,3.5450000762939453,98.1500015258789,16.479999542236328,6800.259765625,49383.2890625,4304.5,55.27000045776367
2025-12-17,4.151000022888184,3.694999933242798,3.5429999828338623,98.37000274658203,17.6200008392334,6721.43017578125,49512.28125,4347.5,55.939998626708984
2025-12-18,4.116000175476074,3.6600000858306885,3.5220000743865967,98.43000030517578,16.8700008392334,6774.759765625,49001.5,4339.5,56.150001525878906
2025-12-19,4.151000022888184,3.693000078201294,3.5220000743865967,98.5999984741211,14.90999984741211,6834.5,49507.2109375,4361.39990234375,56.65999984741211
2025-12-22,4.169000148773193,3.7179999351501465,3.5280001163482666,98.29000091552734,14.079999923706055,6878.490234375,50402.390625,4444.60009765625,58.0099983215332
2025-12-23,4.169000148773193,3.7339999675750732,3.546999931335449,97.94000244140625,14.0,6909.7900390625,50412.87109375,4482.7998046875,58.380001068115234
2025-12-24,4.136000156402588,3.7170000076293945,3.555000066757202,97.9800033569336,13.470000267028809,6932.0498046875,50344.1015625,4480.60009765625,58.349998474121094
2025-12-25,,,,,,,50407.7890625,,
2025-12-26,4.136000156402588,3.697000026702881,3.5429999828338623,98.0199966430664,13.600000381469727,6929.93994140625,50750.390625,4529.10009765625,56.7400016784668
2025-12-29,4.116000175476074,3.677000045776367,3.5380001068115234,98.04000091552734,14.199999809265137,6905.740234375,50526.921875,4325.10009765625,58.08000183105469
2025-12-30,4.130000114440918,3.681999921798706,3.5399999618530273,98.23999786376953,14.329999923706055,6896.240234375,50339.48046875,4370.10009765625,57.95000076293945
2025-12-31,4.163000106811523,3.7219998836517334,3.546999931335449,98.27999877929688,14.949999809265137,6845.5,,4325.60009765625,57.41999816894531
2026-01-02,4.186999797821045,3.739000082015991,3.5329999923706055,98.41999816894531,14.510000228881836,6858.47021484375,,4314.39990234375,57.31999969482422
2026-01-05,4.164999961853027,3.7100000381469727,3.515000104904175,98.2699966430664,14.899999618530273,6902.0498046875,51832.80078125,4436.89990234375,58.31999969482422
2026-01-06,4.178999900817871,3.7200000286102295,3.5199999809265137,98.58000183105469,14.75,6944.81982421875,52518.078125,4482.2001953125,57.130001068115234
2026-01-07,4.138000011444092,3.694000005722046,3.515000104904175,98.68000030517578,15.380000114440918,6920.93017578125,51961.98046875,4449.2998046875,55.9900016784668
2026-01-08,4.183000087738037,3.7360000610351562,3.506999969482422,98.93000030517578,15.449999809265137,6921.4599609375,51117.26171875,4449.7001953125,57.7599983215332
2026-01-09,4.171000003814697,3.756999969482422,3.513000011444092,99.12999725341797,14.489999771118164,6966.27978515625,51939.890625,4490.2998046875,59.119998931884766
2026-01-12,4.186999797821045,3.7669999599456787,3.5329999923706055,98.86000061035156,15.119999885559082,6977.27001953125,,4604.2998046875,59.5
2026-01-13,4.171000003814697,3.743000030517578,3.559999942779541,99.12999725341797,15.979999542236328,6963.740234375,53549.16015625,4589.2001953125,61.150001525878906
2026-01-14,4.139999866485596,3.7170000076293945,3.559999942779541,99.12999725341797,16.75,6926.60009765625,54341.23046875,4626.2998046875,62.02000045776367
2026-01-15,4.159999847412109,3.76200008392334,3.565000057220459,99.31999969482422,15.84000015258789,6944.47021484375,54110.5,4616.2998046875,59.189998626708984
2026-01-16,4.230999946594238,3.828000068664551,3.556999921798706,99.38999938964844,15.859999656677246,6940.009765625,53936.171875,4588.39990234375,59.439998626708984
2026-01-19,,,,,,,53583.5703125,,
2026-01-20,4.295000076293945,3.8580000400543213,3.572000026702881,98.63999938964844,20.09000015258789,6796.85986328125,52991.1015625,4759.60009765625,60.34000015258789
2026-01-21,4.252999782562256,3.8310000896453857,3.5880000591278076,98.76000213623047,16.899999618530273,6875.6201171875,52774.640625,4831.7998046875,60.619998931884766
2026-01-22,4.249000072479248,3.8469998836517334,3.5880000591278076,98.36000061035156,15.640000343322754,6913.35009765625,53688.890625,4908.7998046875,59.36000061035156
2026-01-23,4.238999843597412,3.8389999866485596,3.5820000171661377,97.5999984741211,16.09000015258789,6915.60986328125,53846.87109375,4976.2001953125,61.06999969482422
2026-01-26,4.2129998207092285,3.818000078201294,3.575000047683716,97.04000091552734,16.149999618530273,6950.22998046875,52885.25,5079.7001953125,60.630001068115234
2026-01-27,4.2230000495910645,3.813999891281128,3.569999933242798,96.22000122070312,16.350000381469727,6978.60009765625,53333.5390625,5079.89990234375,62.38999938964844
2026-01-28,4.250999927520752,3.8420000076293945,3.5820000171661377,96.44999694824219,16.350000381469727,6978.02978515625,53358.7109375,5301.60009765625,63.209999084472656
2026-01-29,4.2270002365112305,3.805000066757202,3.5799999237060547,96.27999877929688,16.8799991607666,6969.009765625,53375.6015625,5318.39990234375,65.41999816894531
2026-01-30,4.241000175476074,3.796999931335449,3.572000026702881,96.98999786376953,17.440000534057617,6939.02978515625,53322.8515625,4713.89990234375,65.20999908447266
2026-02-02,4.275000095367432,3.8350000381469727,3.578000068664551,97.61000061035156,16.34000015258789,6976.43994140625,52655.1796875,4622.5,62.13999938964844
2026-02-03,4.27400016784668,3.8369998931884766,3.5899999141693115,97.44000244140625,18.0,6917.81005859375,54720.66015625,4903.7001953125,63.209999084472656
2026-02-04,4.275000095367432,3.8329999446868896,3.5950000286102295,97.62000274658203,18.639999389648438,6882.72021484375,54293.359375,4920.39990234375,65.13999938964844
2026-02-05,4.210000038146973,3.75,3.578000068664551,97.81999969482422,21.770000457763672,6798.39990234375,53818.0390625,4861.39990234375,63.290000915527344
2026-02-06,4.205999851226807,3.755000114440918,3.5899999141693115,97.62999725341797,20.3700008392334,6932.2998046875,54253.6796875,4951.2001953125,63.54999923706055
2026-02-09,4.197999954223633,3.740999937057495,3.5929999351501465,96.81999969482422,17.360000610351562,6964.81982421875,56363.94140625,5050.89990234375,64.36000061035156
2026-02-10,4.146999835968018,3.6989998817443848,3.5899999141693115,96.80000305175781,17.790000915527344,6941.81005859375,57650.5390625,5003.7998046875,63.959999084472656
2026-02-11,4.171999931335449,3.740999937057495,3.5999999046325684,96.83000183105469,17.649999618530273,6941.47021484375,,5071.60009765625,64.62999725341797
2026-02-12,4.104000091552734,3.6679999828338623,3.5980000495910645,96.93000030517578,20.81999969482422,6832.759765625,57639.83984375,4923.7001953125,62.84000015258789
2026-02-13,4.056000232696533,3.6089999675750732,3.5929999351501465,96.87999725341797,20.600000381469727,6836.169921875,56941.96875,5022.0,62.88999938964844
2026-02-16,,,,,,,56806.41015625,,
2026-02-17,4.052000045776367,3.621000051498413,3.5929999351501465,97.16000366210938,20.290000915527344,6843.22021484375,56566.48828125,4882.89990234375,62.33000183105469
2026-02-18,4.078999996185303,3.6449999809265137,3.6029999256134033,97.69999694824219,19.6200008392334,6881.31005859375,57143.83984375,4986.5,65.19000244140625
2026-02-19,4.074999809265137,3.6470000743865967,3.5950000286102295,97.93000030517578,20.229999542236328,6861.89013671875,57467.828125,4975.89990234375,66.43000030517578
2026-02-20,4.085999965667725,3.6500000953674316,3.5950000286102295,97.80000305175781,19.09000015258789,6909.509765625,56825.69921875,5059.2998046875,66.38999938964844
2026-02-23,4.0289998054504395,3.5820000171661377,3.5880000591278076,97.69999694824219,21.010000228881836,6837.75,,5204.7001953125,66.30999755859375
2026-02-24,4.0329999923706055,3.5980000495910645,3.5880000591278076,97.87999725341797,19.549999237060547,6890.06982421875,57321.08984375,5155.7998046875,65.62999725341797
2026-02-25,4.047999858856201,3.61899995803833,3.5880000591278076,97.69999694824219,17.93000030517578,6946.1298828125,58583.12109375,5206.39990234375,65.41999816894531
2026-02-26,4.017000198364258,3.5829999446868896,3.5880000591278076,97.79000091552734,18.6299991607666,6908.85986328125,58753.390625,5176.5,65.20999908447266
2026-02-27,3.9619998931884766,3.51200008392334,3.578000068664551,97.61000061035156,19.860000610351562,6878.8798828125,58850.26953125,5230.5,67.0199966430664
2026-03-02,4.047999858856201,3.621000051498413,3.5899999141693115,98.37999725341797,21.440000534057617,6881.6201171875,58057.23828125,5294.39990234375,71.2300033569336
2026-03-03,4.056000232696533,3.63100004196167,3.5950000286102295,99.05000305175781,23.56999969482422,6816.6298828125,56279.05078125,5107.39990234375,74.55999755859375
2026-03-04,4.079999923706055,3.6679999828338623,3.5950000286102295,98.7699966430664,21.149999618530273,6869.5,54245.5390625,5120.2001953125,74.66000366210938
2026-03-05,4.145999908447266,3.743000030517578,3.5880000591278076,99.31999969482422,23.75,6830.7099609375,55278.05859375,5065.2998046875,81.01000213623047
2026-03-06,4.132999897003174,3.7149999141693115,3.569999933242798,98.98999786376953,29.489999771118164,6740.02001953125,55620.83984375,5146.10009765625,90.9000015258789
2026-03-09,4.136000156402588,3.7360000610351562,3.5929999351501465,99.18000030517578,25.5,6795.990234375,52728.71875,5091.5,94.7699966430664
2026-03-10,4.136000156402588,3.7149999141693115,3.5950000286102295,98.83000183105469,24.93000030517578,6781.47998046875,54248.390625,5229.7001953125,83.44999694824219
2026-03-11,4.208000183105469,3.7820000648498535,3.5999999046325684,99.2300033569336,24.229999542236328,6775.7998046875,55025.37109375,5167.39990234375,87.25
2026-03-12,4.2729997634887695,3.884000062942505,3.6050000190734863,99.73999786376953,27.290000915527344,6672.6201171875,54452.9609375,5115.7998046875,95.7300033569336
2026-03-13,4.284999847412109,3.874000072479248,3.6029999256134033,100.36000061035156,27.190000534057617,6632.18994140625,53819.609375,5052.5,98.70999908447266
2026-03-16,4.21999979019165,3.802999973297119,3.6050000190734863,99.70999908447266,23.510000228881836,6699.3798828125,53751.1484375,4994.0,93.5
2026-03-17,4.202000141143799,3.7860000133514404,3.6050000190734863,99.58000183105469,22.3700008392334,6716.08984375,53700.390625,5001.0,96.20999908447266
2026-03-18,4.258999824523926,3.861999988555908,3.609999895095825,100.08999633789062,25.09000015258789,6624.7001953125,55239.3984375,4889.89990234375,96.31999969482422
2026-03-19,4.281000137329102,3.9189999103546143,3.611999988555908,99.2300033569336,24.059999465942383,6606.490234375,53372.53125,4600.7001953125,96.13999938964844
2026-03-20,4.390999794006348,4.01200008392334,3.618000030517578,99.6500015258789,26.780000686645508,6506.47998046875,,4570.39990234375,98.31999969482422
2026-03-23,4.334000110626221,3.950000047683716,3.611999988555908,98.94999694824219,26.149999618530273,6581.0,51515.48828125,4404.10009765625,88.12999725341797
2026-03-24,4.392000198364258,4.03000020980835,3.619999885559082,99.43000030517578,26.950000762939453,6556.3701171875,52252.28125,4399.2998046875,92.3499984741211
2026-03-25,4.328000068664551,3.9700000286102295,3.619999885559082,99.5999984741211,25.329999923706055,6591.89990234375,53749.62109375,4549.7998046875,90.31999969482422
2026-03-26,4.415999889373779,4.09499979019165,3.619999885559082,99.9000015258789,27.440000534057617,6477.16015625,53603.6484375,4375.5,94.4800033569336
2026-03-27,4.440000057220459,4.070000171661377,3.6070001125335693,100.1500015258789,31.049999237060547,6368.85009765625,53373.0703125,4492.0,99.63999938964844
2026-03-30,4.3420000076293945,3.9790000915527344,3.5980000495910645,100.51000213623047,30.610000610351562,6343.72021484375,51885.8515625,4526.0,102.87999725341797
2026-03-31,4.310999870300293,3.944999933242798,3.5999999046325684,99.95999908447266,25.25,6528.52001953125,51063.71875,4647.60009765625,101.37999725341797
2026-04-01,4.318999767303467,3.9549999237060547,3.6050000190734863,99.6500015258789,24.540000915527344,6575.31982421875,53739.6796875,4783.2001953125,100.12000274658203
2026-04-02,4.313000202178955,3.947999954223633,3.6070001125335693,100.02999877929688,23.8700008392334,6582.68994140625,52463.26953125,4651.5,111.54000091552734
2026-04-03,,,,,,,53123.48828125,,
2026-04-06,4.335000038146973,3.9809999465942383,3.622999906539917,99.9800033569336,24.170000076293945,6611.830078125,53413.6796875,4656.7998046875,112.41000366210938
2026-04-07,4.3429999351501465,3.9760000705718994,3.615000009536743,99.63999938964844,25.780000686645508,6616.85009765625,53429.55859375,4657.10009765625,112.94999694824219
2026-04-08,4.290999889373779,3.9200000762939453,3.5999999046325684,99.12999725341797,21.040000915527344,6782.81005859375,56308.421875,4749.5,94.41000366210938
2026-04-09,4.293000221252441,3.9149999618530273,3.5880000591278076,98.81999969482422,19.489999771118164,6824.66015625,55895.3203125,4792.2001953125,97.87000274658203
2026-04-10,4.316999912261963,3.938999891281128,3.5929999351501465,98.6500015258789,19.229999542236328,6816.89013671875,56924.109375,4761.89990234375,96.56999969482422
2026-04-13,4.296999931335449,3.9170000553131104,3.6029999256134033,98.37000274658203,19.1200008392334,6886.240234375,56502.76953125,4742.39990234375,99.08000183105469
2026-04-14,4.25600004196167,3.871000051498413,3.611999988555908,98.12000274658203,18.360000610351562,6967.3798828125,57877.390625,4825.0,91.27999877929688
2026-04-15,4.2820000648498535,3.8959999084472656,3.611999988555908,98.05999755859375,18.170000076293945,7022.9501953125,58134.23828125,4800.0,91.29000091552734
2026-04-16,4.309000015258789,3.9130001068115234,3.609999895095825,98.22000122070312,17.940000534057617,7041.27978515625,59518.33984375,4785.39990234375,94.69000244140625
2026-04-17,4.245999813079834,3.8380000591278076,3.5999999046325684,98.0999984741211,17.479999542236328,7126.06005859375,58475.8984375,4857.60009765625,83.8499984741211
2026-04-20,4.25,3.8499999046325684,3.5980000495910645,98.05000305175781,18.8700008392334,7109.14013671875,58824.890625,4806.60009765625,89.61000061035156
2026-04-21,4.291999816894531,3.9079999923706055,3.5980000495910645,98.41000366210938,19.5,7064.009765625,59349.171875,4698.39990234375,92.12999725341797
2026-04-22,4.294000148773193,3.9149999618530273,3.5950000286102295,98.58999633789062,18.920000076293945,7137.89990234375,59585.859375,4732.5,92.95999908447266
2026-04-23,4.322999954223633,3.9519999027252197,3.5950000286102295,98.80000305175781,19.309999465942383,7108.39990234375,59140.23046875,4705.10009765625,95.8499984741211
2026-04-24,4.309999942779541,3.9200000762939453,3.5929999351501465,98.51000213623047,18.709999084472656,7165.080078125,59716.1796875,4722.2998046875,94.4000015258789
2026-04-27,4.335999965667725,3.947000026702881,3.5899999141693115,98.4800033569336,18.020000457763672,7173.91015625,60537.359375,4675.39990234375,96.37000274658203
2026-04-28,4.354000091552734,3.9830000400543213,3.5899999141693115,98.62000274658203,17.829999923706055,7138.7998046875,59917.4609375,4591.5,99.93000030517578
2026-04-29,4.418000221252441,4.065000057220459,3.5899999141693115,98.91999816894531,18.809999465942383,7135.9501953125,,4545.2001953125,106.87999725341797
2026-04-30,4.389999866485596,4.0229997634887695,3.5850000381469727,98.08000183105469,16.889999389648438,7209.009765625,59284.921875,4614.7001953125,105.06999969482422
2026-05-01,4.377999782562256,4.020999908447266,3.575000047683716,98.20999908447266,16.989999771118164,7230.1201171875,59513.12109375,4629.89990234375,101.94000244140625
2026-05-04,4.446000099182129,4.0929999351501465,3.5899999141693115,98.47000122070312,18.290000915527344,7200.75,,4519.5,106.41999816894531
2026-05-05,4.415999889373779,4.072000026702881,3.5999999046325684,98.4800033569336,17.3799991607666,7259.22021484375,,4555.7998046875,102.2699966430664
2026-05-06,4.355999946594238,4.001999855041504,3.5999999046325684,98.0199966430664,17.389999389648438,7365.1201171875,,4681.89990234375,95.08000183105469
2026-05-07,4.392000198364258,4.044000148773193,3.5980000495910645,98.25,17.079999923706055,7337.10986328125,62833.83984375,4699.7998046875,94.80999755859375
2026-05-08,4.363999843597412,4.013000011444092,3.5950000286102295,97.83999633789062,17.190000534057617,7398.93017578125,62713.6484375,4720.39990234375,95.41999816894531
2026-05-11,4.409999847412109,4.067999839782715,3.5999999046325684,97.94000244140625,18.3799991607666,7412.83984375,62417.87890625,4718.7001953125,98.06999969482422
2026-05-12,4.4629998207092285,4.124000072479248,3.6029999256134033,98.29000091552734,17.989999771118164,7400.9599609375,62742.5703125,4677.60009765625,102.18000030517578
2026-05-13,4.480999946594238,4.130000114440918,3.5999999046325684,98.4800033569336,17.8700008392334,7444.25,63272.109375,4697.7001953125,101.0199966430664
2026-05-14,4.460999965667725,4.120999813079834,3.5880000591278076,98.87999725341797,17.260000228881836,7501.240234375,62654.05078125,4678.10009765625,101.16999816894531
2026-05-15,4.59499979019165,4.257999897003174,3.5880000591278076,99.2699966430664,18.43000030517578,7408.5,61409.2890625,4555.7998046875,105.41999816894531
2026-05-18,4.623000144958496,4.28000020980835,3.568000078201294,98.97000122070312,17.81999969482422,7403.0498046875,60815.94921875,4552.5,108.66000366210938
2026-05-19,4.666999816894531,4.329999923706055,3.575000047683716,99.30000305175781,18.059999465942383,7353.60986328125,60550.58984375,4506.2998046875,107.7699966430664
2026-05-20,4.572000026702881,4.224999904632568,3.556999921798706,99.11000061035156,17.440000534057617,7432.97021484375,59804.41015625,4531.2998046875,98.26000213623047
2026-05-21,4.585999965667725,4.256999969482422,3.5820000171661377,99.19000244140625,16.760000228881836,7445.72021484375,61684.140625,4539.7998046875,96.3499984741211
2026-05-22,4.558000087738037,4.25600004196167,3.5850000381469727,99.31999969482422,16.700000762939453,7473.47021484375,63339.0703125,4521.0,96.5999984741211
2026-05-25,,,,,16.59000015258789,,65158.19140625,,
2026-05-26,4.493000030517578,4.183000087738037,3.5820000171661377,99.16999816894531,17.010000228881836,7519.1201171875,64996.08984375,4500.39990234375,93.88999938964844
2026-05-27,4.480999946594238,4.177000045776367,3.5850000381469727,99.20999908447266,16.290000915527344,7520.35986328125,64999.41015625,4447.5,88.68000030517578
2026-05-28,4.454999923706055,4.159999847412109,3.5899999141693115,99.0199966430664,15.739999771118164,7563.6298828125,64693.12109375,4499.2998046875,88.9000015258789
2026-05-29,4.453000068664551,4.14900016784668,3.5880000591278076,98.91000366210938,15.319999694824219,7580.06005859375,66329.5,4560.5,87.36000061035156
2026-06-01,4.474999904632568,4.185999870300293,3.619999885559082,99.19999694824219,16.049999237060547,7599.9599609375,66934.328125,4475.2001953125,92.16000366210938
2026-06-02,4.454999923706055,4.177000045776367,3.618000030517578,99.22000122070312,15.770000457763672,7609.77978515625,66734.2421875,4489.10009765625,93.76000213623047
2026-06-03,4.491000175476074,4.214000225067139,3.622999906539917,99.52999877929688,16.059999465942383,7553.68017578125,68402.1328125,4436.7001953125,96.0199966430664
2026-06-04,4.4770002365112305,4.188000202178955,3.619999885559082,99.41000366210938,15.399999618530273,7584.31005859375,67470.6875,4475.7998046875,93.04000091552734
2026-06-05,4.535999774932861,4.28000020980835,3.625,100.06999969482422,21.510000228881836,7383.740234375,66588.1171875,4337.10009765625,90.54000091552734
2026-06-08,4.552000045776367,4.281000137329102,3.628000020980835,100.05000305175781,18.920000076293945,7405.72998046875,64024.6015625,4335.89990234375,91.30000305175781
2026-06-09,4.5279998779296875,4.252999782562256,3.634999990463257,99.91000366210938,19.8700008392334,7386.64990234375,65416.62890625,4260.0,88.19999694824219
2026-06-10,4.541999816894531,4.263999938964844,3.634999990463257,99.94999694824219,22.219999313354492,7266.990234375,64179.26953125,4108.2001953125,90.02999877929688
2026-06-11,4.4629998207092285,4.190000057220459,3.622999906539917,99.86000061035156,19.440000534057617,7394.2998046875,64217.26953125,4090.300048828125,87.70999908447266
2026-06-12,4.486999988555908,4.2129998207092285,3.618000030517578,99.75,17.68000030517578,7431.4599609375,66020.0390625,4215.0,84.87999725341797
2026-06-15,4.468999862670898,4.188000202178955,3.618000030517578,99.62999725341797,16.200000762939453,7554.2900390625,69317.5,4328.0,80.75
2026-06-16,4.427999973297119,4.151000022888184,3.630000114440918,99.54000091552734,16.40999984741211,7511.35009765625,69404.5,4330.89990234375,76.05000305175781
2026-06-17,4.4629998207092285,4.229000091552734,3.6470000743865967,100.08999633789062,18.440000534057617,7420.10009765625,69902.25,4358.89990234375,76.79000091552734
2026-06-18,4.451000213623047,4.224999904632568,3.6579999923706055,100.8499984741211,16.399999618530273,7500.580078125,71053.4921875,4224.10009765625,76.5999984741211
2026-06-19,,,,,,,71250.0625,,
2026-06-22,4.508999824523926,4.2870001792907715,3.680000066757202,101.0199966430664,17.280000686645508,7472.7900390625,72353.9609375,4181.89990234375,74.81999969482422
2026-06-23,4.493000030517578,4.261000156402588,3.690000057220459,101.41000366210938,19.489999771118164,7365.4599609375,69788.3828125,4129.89990234375,73.20999908447266
2026-06-24,4.4019999504089355,4.176000118255615,3.690000057220459,101.61000061035156,18.6299991607666,7358.22021484375,69174.96875,3990.300048828125,70.33999633789062
2026-06-25,4.392000198364258,4.163000106811523,3.680000066757202,101.43000030517578,18.889999389648438,7357.490234375,72366.34375,4030.5,71.91999816894531
2026-06-26,4.372000217437744,4.130000114440918,3.6630001068115234,101.36000061035156,18.40999984741211,7354.02001953125,69360.8828125,4078.699951171875,69.2300033569336
2026-06-29,4.374000072479248,4.144000053405762,3.680000066757202,101.11000061035156,17.649999618530273,7440.43017578125,69468.109375,4022.300048828125,70.75
2026-06-30,4.418000221252441,4.185999870300293,3.7320001125335693,101.19000244140625,16.450000762939453,7499.35986328125,70062.3203125,4022.89990234375,69.5
2026-07-01,4.474999904632568,4.23199987411499,3.700000047683716,101.38999938964844,16.59000015258789,7483.22998046875,70474.9609375,4068.300048828125,68.58000183105469
2026-07-02,4.485000133514404,4.230000019073486,3.6679999828338623,100.86000061035156,16.149999618530273,7483.240234375,68733.1484375,4112.7001953125,68.69000244140625
2026-07-03,,,,,,,69744.0703125,,
2026-07-06,4.479000091552734,4.210999965667725,3.690000057220459,100.8499984741211,15.569999694824219,7537.43017578125,69737.6875,4155.10009765625,68.55000305175781
2026-07-07,4.5289998054504395,4.256999969482422,3.7249999046325684,101.13999938964844,16.1299991607666,7503.85009765625,68256.9609375,4145.2998046875,70.44000244140625
2026-07-08,4.568999767303467,4.308000087738037,3.7230000495910645,101.05000305175781,16.899999618530273,7482.7099609375,66819.046875,4070.89990234375,73.5199966430664
2026-07-09,4.539000034332275,4.269000053405762,3.681999921798706,100.94000244140625,15.84000015258789,7543.64013671875,67743.8515625,4130.60009765625,72.08000183105469
2026-07-10,4.568999767303467,4.308000087738037,3.694999933242798,100.97000122070312,15.029999732971191,7575.39013671875,68557.7265625,4104.10009765625,71.41000366210938
2026-07-13,4.609000205993652,4.36299991607666,3.7279999256134033,101.27999877929688,17.15999984741211,7515.33984375,67242.7265625,3997.0,78.13999938964844
2026-07-14,4.585000038146973,4.321000099182129,3.700000047683716,100.94000244140625,16.5,7543.58984375,67743.5,4061.10009765625,79.33999633789062
2026-07-15,4.545000076293945,4.255000114440918,3.687999963760376,100.5,15.670000076293945,7572.39990234375,68751.5078125,4044.0,79.5999984741211
2026-07-16,4.568999767303467,4.2820000648498535,3.697000026702881,100.7300033569336,16.729999542236328,7533.77001953125,66835.5390625,3985.60009765625,78.94999694824219
2026-07-17,4.540999889373779,4.2729997634887695,3.7070000171661377,100.75,18.770000457763672,7457.68994140625,64141.12109375,4012.699951171875,82.48999786376953
2026-07-20,4.5980000495910645,4.328000068664551,3.7049999237060547,100.98999786376953,18.649999618530273,7443.27978515625,,4010.300048828125,83.2300033569336
2026-07-21,4.627999782562256,4.369999885559082,3.7300000190734863,101.18000030517578,17.049999237060547,7509.2001953125,66232.1875,4071.10009765625,84.91000366210938
2026-07-22,4.6570000648498535,4.4070000648498535,3.744999885559082,101.13999938964844,16.639999389648438,7498.9599609375,66115.6015625,4146.89990234375,86.83000183105469
2026-07-23,4.703000068664551,4.460999965667725,3.799999952316284,101.43000030517578,18.700000762939453,7408.2998046875,66422.6015625,4046.60009765625,92.19000244140625
2026-07-24,4.678999900817871,4.426000118255615,3.805000066757202,101.47000122070312,18.579999923706055,7411.97998046875,64611.1484375,4067.60009765625,89.30999755859375
2026-07-27,4.640999794006348,4.396999835968018,3.796999931335449,101.51000213623047,18.670000076293945,7413.18017578125,64931.19140625,4074.5,82.61000061035156
2026-07-28,4.604000091552734,4.361000061035156,3.759999990463257,101.37999725341797,18.209999084472656,7428.77978515625,62364.921875,4036.300048828125,79.26000213623047
2026-07-29,4.622000217437744,4.3520002365112305,3.6579999923706055,100.80000305175781,20.65999984741211,7316.14990234375,61434.19140625,4034.699951171875,84.45999908447266
2026-07-30,4.663000106811523,4.375,3.674999952316284,100.01000213623047,17.09000015258789,7437.6298828125,61867.4296875,4100.10009765625,83.58999633789062
2026-07-31,4.744999885559082,4.460000038146973,3.681999921798706,99.80000305175781,15.989999771118164,7489.72021484375,64362.01953125,4049.10009765625,84.66999816894531
2026-08-03,4.685999870300293,4.400000095367432,3.700000047683716,99.95999908447266,15.859999656677246,7600.5,63754.8984375,4033.699951171875,80.33999633789062
2026-08-04,4.626999855041504,4.333000183105469,3.7300000190734863,99.88999938964844,16.5,7736.52001953125,63957.53125,4095.39990234375,75.7699966430664
2026-08-05,4.617000102996826,4.323999881744385,3.7249999046325684,99.69000244140625,15.8100004196167,7723.5498046875,66300.4375,4245.7998046875,75.22000122070312
2026-08-06,4.670000076293945,4.388999938964844,3.7320001125335693,99.97000122070312,15.149999618530273,7709.9599609375,65683.2578125,4242.0,77.29000091552734
2026-08-07,4.659999847412109,4.361999988555908,3.7100000381469727,99.5999984741211,14.899999618530273,7757.64013671875,65606.7109375,4340.7001953125,78.18000030517578
2026-08-10,4.698999881744385,4.40500020980835,3.7179999351501465,99.80999755859375,15.460000038146973,7753.10986328125,66970.21875,4361.7998046875,82.12999725341797
2026-08-11,4.684000015258789,4.385000228881836,3.7300000190734863,99.81999969482422,15.279999732971191,7728.2001953125,,4383.0,83.19999694824219
2026-08-12,4.682000160217285,4.375,3.7070000171661377,100.01000213623047,14.550000190734863,7748.5,67524.0625,4408.89990234375,83.2699966430664
2026-08-13,4.640999794006348,4.313000202178955,3.7049999237060547,99.95999908447266,14.630000114440918,7798.990234375,68308.59375,4363.60009765625,81.25
2026-08-14,4.696000099182129,4.361999988555908,3.697000026702881,99.66999816894531,14.25,7785.759765625,68713.796875,4380.39990234375,82.4000015258789
2026-08-17,4.723999977111816,4.375999927520752,3.703000068664551,99.63999938964844,15.1899995803833,7745.06005859375,69220.25,4417.7998046875,84.5
2026-08-18,4.705999851226807,4.367000102996826,3.7049999237060547,99.6500015258789,15.84000015258789,7691.759765625,67460.7265625,4366.0,84.94000244140625
2026-08-19,4.6529998779296875,4.353000164031982,3.700000047683716,98.83000183105469,14.890000343322754,7707.97998046875,65326.421875,4489.39990234375,85.83000183105469
2026-08-20,4.696000099182129,4.38700008392334,3.703000068664551,98.9000015258789,16.010000228881836,7641.16015625,66216.7890625,4516.2998046875,87.83000183105469
2026-08-21,4.73799991607666,4.423999786376953,3.7100000381469727,98.80000305175781,15.130000114440918,7674.3701171875,66016.359375,4624.10009765625,87.05999755859375
2026-08-24,,,,98.87100219726562,,,65528.08984375,4709.10009765625,85.2300033569336
